Group,Score_Activation
Control,0.0
Control,-0.021536289648866176
Control,-0.019789966851173835
Control,0.0
Control,-0.0365689510485799
Control,-0.09488999484773464
Control,-0.059711303200610105
Control,0.46408181605131726
Control,0.3182288654140273
Control,0.4026786138115652
Control,-0.06191579633731906
Control,0.33581220651815835
Control,0.5511674775992216
Control,0.4076828678847688
Control,0.38999707922090254
Control,0.5277939466063926
Control,0.3234825677829177
Control,0.21555087332475675
Control,0.22793462404040588
Control,0.3006889772255684
Control,0.2396972980786327
Control,0.27209925518652534
Control,0.3112453418963463
Control,0.24961969419200813
Control,0.197765225816597
Control,0.23711355979094406
Control,0.09069092683037258
Control,0.25959299333651065
Control,0.1831518863488732
Control,0.12249751473748963
Control,0.12926738716686847
Control,-0.02630398664187428
Control,0.44185953275814505
Control,0.23142124086186508
Control,0.17407298712693198
Control,0.1856983756540611
Control,-0.13877354497494904
Control,0.3046762567167165
Control,0.4043555820533131
Control,0.5171140524057242
Control,-0.05719264614143499
Control,0.32087937725028864
Control,0.34864110226349426
Control,0.3660386819371677
Control,0.2669094285305793
Control,0.26884524824893063
Control,0.17989533986800757
Control,0.19761135014669023
Control,0.03083869293249039
Control,0.1720438762386241
Control,0.09222381051168793
Control,0.13171597654072606
Control,0.0814514709688482
Control,0.22894592441975603
Control,0.06269194164137906
Control,0.05289938610665909
Control,0.11218434864594917
Control,0.15971641835560368
Control,-0.2044693426942347
Control,0.07920732931415642
Control,0.1300821450508824
Control,-0.11231583815354568
Control,-0.07905748297139553
Control,0.04888511129313358
Control,0.08639106516588224
Control,0.1625737495379836
Control,-0.04297536724520101
Control,0.11684768973385609
Control,0.06893725724789079
Control,0.08608747153244956
Control,0.2145123526935726
Control,0.23337260204281166
Control,0.42603951951731805
Model,-0.013761927052883798
Model,0.36926478300339133
Model,0.5329965858023568
Control,0.5161802562715749
Control,0.31913072821022803
Control,0.37652187137433657
Control,0.3303361018764534
Control,0.24828129229338272
Control,-0.06318840892817265
Control,0.22667254891283936
Control,0.0677968783920824
Control,0.07107113124003248
Control,0.15816086218375694
Control,0.17046982947001887
Control,0.20461306165293308
Control,0.13978186385953176
Control,0.1126655433223133
Control,0.05635027143867519
Control,0.1508228268511718
Control,0.13984751036866186
Control,0.12402776465102314
Control,0.05130656699804689
Control,0.12999561850974126
Control,0.1259812750545234
Control,0.011545052230690384
Control,0.17215572551740052
Control,0.25884576532221426
Control,0.45776298545807637
Control,-0.04512280365296431
Control,0.27593105001460216
Control,0.31060636189736124
Control,0.19672489285867747
Control,0.23079965252807177
Control,0.07334202042923058
Control,0.0891498620959296
Control,0.06719678912806004
Control,-0.03044027183101064
Control,0.03603944836917397
Control,0.038676177445329835
Control,0.15036885860638743
Control,0.00909423369627732
Control,0.14394118288820534
Control,0.15955984565858192
Control,0.22623909370290526
Control,0.47152027424628384
Model,-0.09879040159908027
Model,0.25623108697442576
Model,0.16031332624662947
Model,0.12447237622910651
Model,0.258807591371313
Model,0.26607131798530503
Model,0.5111820404080377
Model,0.0
Model,0.20729517484854165
Model,0.07764121401668792
Model,0.42372294160700424
Model,0.1186341375544451
Model,0.1925089854992087
Model,0.3324028462204779
Model,0.12673065787307924
Control,0.5815126953050578
Control,0.42384252261158617
Control,0.3760550978989107
Control,0.28232858266054317
Control,0.2135580582762243
Control,0.1493891735406491
Control,0.23431364549043585
Control,0.03404953640573136
Control,0.11725175168070376
Control,0.2015138671815462
Control,-0.0009756404553501741
Control,0.11903547536303499
Control,0.07471649117825951
Control,0.14310919746773168
Control,0.09062323043976339
Control,0.12122228220022113
Control,0.15853615628437054
Control,0.12835275954094488
Control,0.009310865083267061
Control,0.19479349757250866
Control,0.13674641825017853
Control,0.05703903925724521
Control,0.0942505985465204
Control,0.06937856399095976
Control,-0.026503353148134012
Control,0.06392425517972097
Control,0.0035805264975846685
Control,0.28908901044490476
Control,0.23163587605807026
Control,0.15832897877879235
Control,0.1789110277010047
Control,-0.09490162732210447
Control,0.07092589252901446
Control,0.14380223017472488
Control,0.13075300336814377
Control,0.13360608275252972
Control,0.09272141546974483
Control,0.036133400240337815
Control,0.0794705197032346
Control,0.15761102986840766
Control,0.0994571722470797
Control,0.027964084642786657
Control,0.1588657634579883
Control,0.1819678927743714
Control,0.1501242598828132
Control,0.32203835494808
Control,0.3551019610901474
Model,-0.02579553151210415
Model,0.13173303137654843
Model,0.30282995081532627
Model,0.176460181989
Model,0.07099097309303923
Model,0.12260496822355052
Model,0.18941424868444404
Model,0.2737138464033537
Model,0.23817397599236223
Model,0.19503688725872315
Model,0.30357987426196453
Model,0.18277615979895276
Model,-0.04892436341032669
Model,0.16225463171866428
Model,0.01595854393747473
Model,0.0445369544502352
Model,0.14714778679004611
Model,0.18379195690686617
Model,0.24795940953619372
Model,0.22524855806676042
Model,0.33583814404082535
Model,0.19480086608873962
Model,-0.01932925922814819
Model,0.0
Model,-0.019021318110335233
Model,0.4988473806625758
Model,0.2244677931701592
Model,0.3088488953568066
Model,-0.11188736727405152
Model,-0.017942749138261164
Control,-0.048421091060574635
Control,0.36560776068879874
Control,0.4017572715263835
Control,0.2696513079746379
Control,0.20694488599281777
Control,0.18234950589761556
Control,0.11365321647363363
Control,0.06546594559681188
Control,-0.08122329239462531
Control,0.1056272097122975
Control,0.11706728374413156
Control,0.22393429385645602
Control,0.14308750722453478
Control,0.1005288249539957
Control,0.04790410077159887
Control,0.21678172518709962
Control,0.10260714648692237
Control,0.08222273221382728
Control,0.09007942756282844
Control,0.15962037261380269
Control,0.1751474911552608
Control,0.10908462670335803
Control,0.06853862470607694
Control,0.10318547626801558
Control,0.1473978258162704
Control,0.1369054096864086
Control,0.13147998347861842
Control,0.07989388511598178
Control,0.03705894475264959
Control,0.1385956984034084
Control,-0.10076504483935293
Control,0.11869486246087746
Control,0.2025233269269384
Control,0.1970086092401375
Control,0.12335554798577011
Control,0.09728889886617928
Control,0.05602066506244399
Control,-0.0029423403633611067
Control,0.0512003996964947
Control,0.07685947404923116
Control,0.08927442557038273
Control,0.10553528532934028
Control,0.027886519065270066
Control,0.064649575131394
Control,0.0826692980534523
Control,0.06909731871042493
Control,0.08501142157094266
Control,0.1260137990565603
Control,-0.19856454855622258
Control,0.24502820673594905
Control,0.37152599570743217
Model,0.7173277537027994
Model,0.14758470518267405
Model,0.13199084173211018
Model,0.19535971644730074
Model,0.18696095286936
Model,0.1083796512721773
Model,0.13360582167488277
Model,0.12277529942683682
Model,0.2320853018574624
Model,0.13589823963650094
Model,0.019280926306776663
Model,0.17814132920077014
Model,0.1666594196189872
Model,0.14782443001384588
Model,0.12095698717578729
Model,0.21459457520790057
Model,0.15334293834341808
Model,0.19342496934675982
Model,0.11502550544015808
Model,0.17183985890884992
Model,0.2252781549292132
Model,0.1602502297132443
Model,0.23111697875270606
Model,0.2142213066020272
Model,0.0
Model,0.24612912632018297
Model,0.17365010180733806
Model,0.2749384358575113
Model,0.21455843166895666
Model,0.2103909220849657
Model,0.2580721272008209
Model,0.24187874926904104
Model,0.2407701927151037
Model,0.23703424162423462
Model,0.2973316741760492
Model,0.24705347834090594
Model,0.425112247467041
Model,-0.04838045624187559
Model,0.0
Control,-0.08439992183825643
Control,0.25383823983778253
Control,0.3479570875997129
Control,0.28301308027477967
Control,0.19682145995838587
Control,0.23108548238258828
Control,0.09565477015049828
Control,0.06718511970811333
Control,0.15580930531755868
Control,0.06531227631712438
Control,0.17634879519442384
Control,0.21164238346593167
Control,0.10436791786249136
Control,0.14976365244641085
Control,0.06900740839300079
Control,0.2215002662229166
Control,0.07190669546425013
Control,0.19078367729250803
Control,0.23658115847852318
Control,0.14697497053156997
Control,0.07217292489282531
Control,0.014631831925050881
Control,0.24159820980850272
Control,0.09737780161924586
Control,0.1437074195846932
Control,0.039762427309816634
Control,0.262491156292068
Control,0.05605318859933875
Control,0.11811796059975258
Control,0.17174628214161003
Control,0.09421222644506091
Control,0.04549714454440368
Control,0.1710059719872448
Control,0.07947173418940243
Control,0.10625724901456629
Control,0.14412968201249207
Control,0.12926528778097435
Control,0.11086343090935563
Control,0.11501920362778731
Control,0.14971963976537903
Control,0.15825513958798074
Control,0.0728140076665974
Control,0.09517374976954462
Control,0.10653131123769244
Control,0.04188298727224771
Control,0.15602800612199796
Control,0.11087976052210882
Control,0.06422091141725195
Control,0.1761450307690845
Control,0.17707967080400142
Control,0.07576326117201923
Control,0.0506718122839529
Control,0.1522439734194191
Control,0.16752686614841392
Control,0.10480606030992573
Control,0.30208179477598085
Control,0.3597400095417614
Model,0.0
Model,0.17410116650189045
Model,0.18902227923755793
Model,0.13716662381936606
Model,0.07997363480171363
Model,0.008219151326778085
Model,0.10559640627109354
Model,0.1941365903303642
Model,0.18048159241543435
Model,0.1841744674886748
Model,0.14674579193493725
Model,0.10985557856235484
Model,0.22333325669916976
Model,0.18012424163860888
Model,0.017554250715036718
Model,0.09519622869449049
Model,0.13941936096884602
Model,0.20543505395933936
Model,0.1279025841981937
Model,0.187244948469011
Model,0.14085708679828624
Model,0.25981167739583233
Model,0.24825563837453274
Model,0.18729220797518556
Model,0.3010147731572622
Model,0.2758616739292209
Model,0.21483914828220738
Model,-0.00967611271136315
Model,0.17448175498341506
Model,0.14643768270145957
Model,0.01126785833832944
Model,0.03408885241352197
Model,0.13071504251879862
Model,0.03607393846065304
Model,0.1048397857077013
Model,0.1978789405812122
Model,0.17787711496735895
Model,0.18553486197289815
Model,-0.0005930890074807571
Model,0.3113428550951988
Model,0.21192643634451672
Model,0.2991045486169515
Model,0.20184216258783672
Model,-0.018924703566127
Control,0.0
Control,-0.05245221817373831
Control,0.4670407854460819
Control,0.22940425729273156
Control,0.2058804267757845
Control,0.22384542180277164
Control,0.025102623994799622
Control,0.16046406167539598
Control,0.17129954605995612
Control,0.16950663090283785
Control,0.09727310635971784
Control,0.00315742030191582
Control,0.11961674338067524
Control,0.12116859376496963
Control,0.051185317993695634
Control,0.16932869369502582
Control,-0.03803314187189144
Control,0.10826391978407385
Control,0.06254690692842074
Control,0.10756014109721021
Control,0.17841959039503116
Control,0.20787167987695904
Control,0.19096480192016468
Control,0.23967020248489634
Control,0.1250288508408843
Control,0.09984505854322759
Control,0.05041463345854047
Control,0.16915433037374064
Control,0.08723158016385574
Control,0.1957922986518579
Control,0.15722405591537322
Control,0.08730122177895894
Control,0.17223056343486876
Control,0.19598233500451945
Control,0.011823016863602848
Control,0.13832057492523023
Control,0.07998623271185151
Control,0.08828528642388622
Control,0.15422619731397003
Control,0.16898577189365757
Control,0.05569632635467428
Control,0.0788360702552923
Control,0.13821080536347966
Control,0.01953872330611367
Control,0.09415511655701175
Control,0.19346725355954206
Control,0.05959980756276956
Control,0.22097737201745962
Control,0.23356363632474325
Control,0.12221680716128652
Control,0.16478168525823383
Control,0.23264724222181102
Control,0.2451321282647259
Control,0.13560116390719462
Control,0.04084511657755244
Control,0.17602382003928774
Control,0.1357932520019038
Control,0.018024672964876448
Control,0.22119001228540905
Control,0.14321956879053357
Control,0.02303962789916142
Control,0.1359211869595973
Control,0.2687541128135179
Control,-0.056091244802825825
Model,-0.013441433475966437
Model,0.28851269439710026
Model,0.17825810553105248
Model,0.012544823928820253
Model,0.1514459865680639
Model,0.19659729346782467
Model,0.03888970839405806
Model,0.08715000472871487
Model,-0.002937238750649135
Model,0.1412374526096161
Model,0.10601550918757716
Model,0.19002674136273437
Model,0.1419997037187999
Model,-0.19839102448428356
Model,0.11882784361291757
Model,0.06733686861518764
Model,0.08245141822491733
Model,0.18230686538594224
Model,0.11781336292375291
Model,0.22981228743375612
Model,0.2619831216508064
Model,0.2035007472819708
Model,0.1526904469615507
Model,0.23288076564486876
Model,0.1851418628341777
Model,0.19834306620169376
Model,0.12447873445657584
Model,0.22709795517001793
Model,0.013463137806325715
Model,0.12932471713360605
Model,0.05364696025316801
Model,0.1362840304007897
Model,0.14935177943379585
Model,0.2019737743613712
Model,0.17553140447291243
Model,0.21689055223794554
Model,0.16117661108274256
Model,0.2960089997968812
Model,0.09175587072553176
Model,0.17992332494644286
Model,0.09502533194479204
Model,0.1672141994520972
Model,0.15519393088426878
Model,-0.02210883239705691
Model,0.22270533738194767
Model,0.23071371405951285
Model,0.2678715348110816
Model,0.1741359679063693
Model,0.3369026081750758
Model,0.35106819914601983
Control,0.1202773081684857
Control,0.09867737278624653
Control,0.3506717426721069
Control,0.19288735684742497
Control,0.19100158496312342
Control,0.1324181100862348
Control,0.21186381678118754
Control,0.08752820497106681
Control,0.1484046553821202
Control,0.10101251804177447
Control,0.13981810541057269
Control,0.09993300210672079
Control,0.15914031932983908
Control,0.10640314424051223
Control,0.13697976837455897
Control,0.07112073805287
Control,0.050868738853811823
Control,0.033931442394171535
Control,0.14261850199704715
Control,0.09801343365789389
Control,0.13757337761031613
Control,0.16086300360319208
Control,0.1833085761288204
Control,0.06748344906197742
Control,0.15794213240760624
Control,0.15411416689554852
Control,0.14080666326227265
Control,0.17407136019257
Control,0.12061490263029884
Control,0.10282047868705246
Control,0.1444978699370504
Control,0.1728202589645301
Control,0.1077577298301518
Control,0.1302475555817552
Control,0.0640334100228887
Control,0.14478758598782676
Control,0.10025423798406932
Control,0.11792876867944979
Control,0.10825656362733446
Control,0.12529274279723068
Control,0.10181740760271635
Control,0.07228324790729196
Control,0.0688937192112041
Control,0.1707581394625082
Control,0.04756204938410119
Control,0.11200553663864052
Control,0.11184642479704107
Control,0.1202568718156421
Control,0.13979360637324578
Control,0.137504597305587
Control,0.1306391587624183
Control,0.04886441054019908
Control,0.1734461343142234
Control,0.13028432467044926
Control,0.11413667167442432
Control,0.17468274370616627
Control,0.028508432599878897
Control,0.13725562471742744
Control,0.21627940195991574
Control,-0.02239420481748805
Control,0.11424403724861784
Control,0.07845849018033133
Control,0.16162740865279998
Control,0.1427524809454596
Control,0.13053297292162874
Control,0.27282214988699993
Model,0.2975510574104794
Model,0.24854117545528687
Model,0.1534621848443413
Model,0.02009259644426495
Model,0.11274155273352449
Model,0.15462851099080197
Model,0.12005610270643713
Model,0.20579335229718435
Model,0.048362989356552366
Model,0.02126911624751096
Model,0.10787092509742832
Model,0.19577859516526544
Model,0.23690621789083832
Model,0.14312846305776997
Model,0.23319394240278332
Model,0.20490992321750123
Model,0.05877216431076579
Model,0.2914004780377034
Model,0.27412757533316895
Model,0.20230681082875435
Model,0.23920061038090631
Model,0.2109047707373748
Model,0.3506119825369538
Model,0.2861573787835928
Model,0.23250507271808127
Model,0.17635526930873877
Model,0.16776607839293037
Model,0.13812123745713079
Model,0.13610692885408435
Model,0.09525521543113682
Model,0.1272378436963561
Model,0.11633010133851732
Model,0.1314914067054672
Model,0.11509860777934658
Model,0.11099178429564238
Model,0.11598070263198118
Model,0.1832609585960839
Model,0.11119537695062867
Model,0.09704353564824816
Model,0.13401566859471759
Model,0.11371327695772132
Model,0.17184588010760324
Model,0.10045214387751211
Model,0.1600047026323767
Model,0.12459695266109116
Model,0.06498310677582603
Model,-0.17563684010585415
Model,-0.0337276545456022
Model,0.10673607106724442
Model,0.19584164292517314
Model,0.21795762236434613
Model,0.3821602153405962
Model,0.2874963013756368
Model,-0.09202526564582136
Control,-0.0680223611684946
Control,0.3671436596873612
Control,0.34068958894863577
Control,0.1732528684131278
Control,0.1760772890603396
Control,0.12928392974827999
Control,0.12294021511290515
Control,0.11535525853551482
Control,0.19480369136219172
Control,0.05900705252735641
Control,0.07168009049916346
Control,0.24898456915830958
Control,0.042203356656209556
Control,0.1026029948273896
Control,0.1764783588141502
Control,0.13711525033017333
Control,0.15441222679920688
Control,0.21064051311284535
Control,0.17134706697602206
Control,0.1374675890009273
Control,0.09327763299080838
Control,0.14295652797788283
Control,0.007619662361931789
Control,-0.04081451321392421
Control,0.13076455430973863
Control,0.1759564884530262
Control,0.16823735271675
Control,0.0818310632487736
Control,0.0898244875995079
Control,0.10603878058185814
Control,0.10153997476018523
Control,0.16391168589576033
Control,0.04421927358793176
Control,0.04599959794494221
Control,0.27470506792483124
Control,0.0866354551070776
Control,0.09215137658177677
Control,0.181531288020454
Control,0.17243884611820828
Control,-0.04488480523012686
Control,0.11255304550247447
Control,0.02888582781405752
Control,0.040622582071468044
Control,0.12852304130626493
Control,0.1624612242083087
Control,0.12195146097121562
Control,0.19102338245481154
Control,0.1813442943619778
Control,0.10788241417511649
Control,0.07927380736456269
Control,-0.07391073555584868
Control,0.009718976225475545
Control,0.12630049361034382
Control,0.23631576072412191
Control,0.12978324988481063
Control,0.10721697429882376
Control,0.16446391528798318
Control,0.16987336213506316
Control,0.10193551390731881
Control,0.1740366895594857
Control,0.189518809584338
Control,0.10390225700710132
Control,0.18312696429798037
Control,0.037338820588229904
Control,0.16958104500935361
Control,0.1243377676775623
Control,0.24717908692333343
Control,0.2201798628006492
Control,0.20945104920080007
Model,0.12770083636344476
Model,0.13154219384974858
Model,0.062213085433976995
Model,0.12350360991032494
Model,0.1555701861014733
Model,0.039513019149252926
Model,0.18553403149480405
Model,0.06566189417206456
Model,0.1318316859678015
Model,0.13281986678856006
Model,0.22068751310159263
Model,0.13520423491530065
Model,0.24224536022879475
Model,0.10931657409189538
Model,0.22079281743154877
Model,0.16364478692827683
Model,0.12711768412138177
Model,0.1631325266698797
Model,0.13887330700322537
Model,0.09269995713313686
Model,0.10102914567775151
Model,0.1981832357819131
Model,0.26446095969498884
Model,0.17602645938877545
Model,0.13614172799930127
Model,0.12701211632161902
Model,0.15670126098454198
Model,0.14813186439250492
Model,0.11967260196987733
Model,0.16797302478930623
Model,0.12196711998187845
Model,0.02051504931455206
Model,0.08139966788765049
Model,0.10185628484855658
Model,0.20572454155886852
Model,0.21169466703897605
Model,0.09297566994642603
Model,0.08794984643408818
Model,0.20103242431861768
Model,0.08127417034130033
Model,0.1509646088250372
Model,0.09724256067371687
Model,0.09440471502716594
Model,0.17012835093831008
Model,0.0811940731943783
Model,0.10281997586838246
Model,0.0017028661608828877
Model,0.09604646104368211
Model,0.22587200564019788
Model,0.19104656474114529
Model,0.1589440892771335
Model,0.1600399465199431
Model,0.1818865436641136
Model,0.20932593978235423
Model,0.27408357022730934
Model,0.38262529941971357
Model,-0.04138370501157831
Control,0.0
Control,0.2893820143862313
Control,0.2669667974363601
Control,0.2649289825422442
Control,0.1803071474949253
Control,0.13128234736762587
Control,0.2060802860004846
Control,0.06817219010164904
Control,0.11531592691223758
Control,0.10959509463613248
Control,0.05829523472217146
Control,0.0912548403941934
Control,0.17096333944943706
Control,0.022505216308793624
Control,0.14412559248266144
Control,0.09113877872160844
Control,0.01665868341856308
Control,0.05997337778010631
Control,0.06959539565487183
Control,0.09538004011613468
Control,0.12351392104872891
Control,0.14088954189283526
Control,0.09083969218276416
Control,0.15591959238318165
Control,0.0866963032097322
Control,0.11146713485951676
Control,-0.0012571019605383538
Control,0.14089006325074263
Control,0.18404706465360712
Control,0.11347945464760431
Control,0.19753590289299836
Control,0.13310845028463683
Control,0.11728409766619291
Control,0.12477611817643794
Control,0.179993894586595
Control,0.16070780015177819
Control,0.12247917125855001
Control,0.11576845202026029
Control,0.08162792111718933
Control,0.14421085250816218
Control,0.1684350477014497
Control,0.14806013774446553
Control,-0.003379505613575806
Control,0.08063867864268548
Control,0.07870001484584915
Control,0.10080821777267202
Control,0.12078929492329543
Control,0.09930038252801798
Control,0.2155828821486321
Control,0.021517528073577707
Control,0.054324042969855685
Control,0.16038562594980432
Control,0.07718667590631423
Control,0.14916680063823923
Control,0.13088593448417774
Control,0.08824607520597835
Control,0.09096017941716256
Control,0.09918986794143217
Control,0.16186711979550264
Control,0.18231685557625896
Control,0.12615829021768557
Control,0.12678535041734657
Control,0.07071299091762256
Control,-0.03460080288724357
Control,0.028931785852481157
Control,0.06502883908740653
Control,0.07505627386811853
Control,0.10837671622517647
Control,0.26800007152982647
Control,0.31251698087821966
Control,0.1588339866735996
Model,0.1981664013570235
Model,0.08949930392778838
Model,0.16176959689511372
Model,0.02124380015476357
Model,0.12979317030380402
Model,0.10958445577185558
Model,0.09038637008688255
Model,-0.01264653204542604
Model,0.14906818079975007
Model,0.09962938541552693
Model,0.0966514711794646
Model,0.1828140710109851
Model,0.13670954815918784
Model,0.0706327050558832
Model,0.17179984419109298
Model,0.1334365620262248
Model,-0.04399341750171537
Model,0.05927573225835761
Model,0.06447590792856886
Model,0.027260738604576396
Model,0.12621736938472308
Model,0.15575575150773677
Model,0.13629313070771418
Model,0.24463994859187232
Model,0.01656115712928133
Model,0.18867430266993768
Model,0.1734085316907868
Model,0.02895307055816737
Model,0.20573686716149883
Model,0.10455601344273374
Model,0.11489484062960315
Model,0.169841298158618
Model,0.06558874040144344
Model,0.10440999076783725
Model,0.17708140791060534
Model,0.05347773688559815
Model,0.15333529658939526
Model,0.09414729326465057
Model,0.2007832258707172
Model,0.052745328499720634
Model,0.22151741694447188
Model,0.0941781946515027
Model,0.06909981585931088
Model,-0.012222139133657495
Model,0.10738577691208959
Model,0.05997609347935634
Model,-0.018116106689308548
Model,0.15389899053966988
Model,0.08806162640668347
Model,-0.08902809455774831
Model,0.04986311001921179
Model,0.27971123957979505
Model,0.13364438448462598
Model,0.13168764685840242
Model,0.16155685416299234
Model,0.16688378957601693
Model,0.26869183400004204
Model,0.29025823854682437
Model,0.2152101778266422
Model,-0.03158663427550657
Control,0.3113101560003649
Control,0.35993856490655085
Control,0.45155685429057413
Control,0.18334682011684048
Control,0.026974433507674783
Control,0.09169580014121442
Control,0.16602792987057996
Control,0.21414419294333908
Control,0.09131463142807536
Control,0.05526280223725233
Control,0.20143569206845932
Control,0.16104311010111932
Control,0.14609115272594267
Control,0.11016085016288885
Control,0.050221737810600575
Control,0.17368302682836187
Control,0.1316745295838236
Control,0.09758279421922225
Control,0.15277457901732447
Control,0.10946958007886926
Control,0.17830247132142918
Control,0.1007627216868576
Control,0.1971317251922029
Control,0.09202163182240533
Control,0.0942232759634122
Control,0.10281430997178706
Control,0.09971984433489897
Control,0.08219927170603569
Control,0.09863898001918556
Control,0.1266146861058281
Control,0.02600184518225082
Control,0.06563160796893747
Control,0.02310028516063456
Control,0.07970334308734836
Control,0.10169554740157283
Control,0.16998876589729367
Control,0.1825501973280806
Control,0.19141367991499547
Control,0.15326313470119618
Control,0.20469758755121473
Control,0.06634671731936095
Control,0.11372606152276132
Control,0.13734709339397008
Control,0.07131038043012586
Control,0.04907333113278034
Control,0.15326457624318476
Control,0.15565116828101933
Control,0.12052675672996802
Control,0.0766912050204665
Control,0.2003669659030876
Control,0.08920453357590213
Control,0.07080868879954022
Control,0.12463974328078287
Control,0.1518488214699055
Control,0.10540089858415533
Control,0.1533875910600558
Control,0.11638814556425897
Control,0.1627161593208611
Control,0.14890397379098
Control,0.23103268263464918
Control,0.13289396287073926
Control,0.07623881300954916
Control,0.03617578253166598
Control,0.1519800106950162
Control,0.028348912828609185
Control,0.056032634432632095
Control,0.12695845267179948
Control,0.15175822652967746
Control,0.15623039359365948
Control,0.08625069582874292
Control,0.10614495107295652
Control,0.24885857025516472
Model,0.2595232347713798
Model,0.07723704003702966
Model,0.1842267917284333
Model,0.02095639333544233
Model,0.21721338747337113
Model,0.1775476236141379
Model,-0.0015395791368474077
Model,0.10439914205799933
Model,0.11846114168464808
Model,0.14364912464732976
Model,0.01981459141043382
Model,0.004321918506154515
Model,0.03249782270678178
Model,0.15392289007520726
Model,0.14703777455698816
Model,0.07028848597304346
Model,0.046280176610319385
Model,0.09504588830431168
Model,0.13638954670267092
Model,0.034012093791196185
Model,0.03457048000433505
Model,0.09391505875050554
Model,0.05339729533413451
Model,0.1151884922481567
Model,0.08718219050595594
Model,0.20228116966808918
Model,0.14145193716621188
Model,0.07080596253491833
Model,0.06300045122935488
Model,0.03298377990722656
Model,0.04601012803240365
Model,0.15733510873788176
Model,0.14102371892535698
Model,0.08988026213087766
Model,0.051721848705274714
Model,0.13593918490436432
Model,-0.04316592548736098
Model,0.07932664744697157
Model,0.007789210199379448
Model,0.1472385975562343
Model,0.2342540159937796
Model,0.1322496507478797
Model,0.18427161508579318
Model,0.13920072820805918
Model,0.11363485811014506
Model,0.07654785571688394
Model,0.10233557722640277
Model,0.13095781423043515
Model,0.10690427231815217
Model,0.06767499048175621
Model,0.12059271993445711
Model,0.1467090770685287
Model,0.1808789581758123
Model,0.12193271195476538
Model,-0.046599790603420815
Model,0.2814712249315702
Model,0.15254291629578626
Model,0.11295571860129486
Model,0.18432608881390083
Model,0.15885264624985831
Model,0.3129920358774787
Model,0.28174262966466457
Model,0.0
Control,0.0
Control,0.38644676862353067
Control,0.15673892195009467
Control,0.18539942560121497
Control,0.07538142903326878
Control,0.16166940806568533
Control,0.03462726236585789
Control,0.15222910574846044
Control,0.2210063641951103
Control,0.10828970174991434
Control,0.15722858839343354
Control,0.16118988956230274
Control,0.08935684949126399
Control,0.14554825754069964
Control,0.1736943107783595
Control,0.19124722786438772
Control,0.10370563543759859
Control,0.019680391918190876
Control,0.13418861336532645
Control,0.1719435897293431
Control,0.10069958714471344
Control,-0.04869428080991492
Control,0.1785043812914437
Control,0.09712825358379115
Control,0.125897124060819
Control,0.07074966252581064
Control,0.19567427414582594
Control,0.1744484803083881
Control,0.09142406449270088
Control,0.07700737809124866
Control,0.12520266556022158
Control,0.09688157687086194
Control,0.17250174715899036
Control,0.094869524406616
Control,0.12903920304416414
Control,0.15025478860606317
Control,0.06723206564202625
Control,0.12928075960514407
Control,-0.05073978536769563
Control,0.17091853655833197
Control,0.0718629289098674
Control,0.08269926204596345
Control,0.04209572455556099
Control,0.15866759362959673
Control,0.18568217860682223
Control,0.10567669146834408
Control,0.09457048684059577
Control,0.19142915426422252
Control,0.19427267829975822
Control,0.09761042731794359
Control,0.033562572238968885
Control,0.09513495080048423
Control,0.05701487618545226
Control,0.03439612751421722
Control,0.15663789586478652
Control,0.14005413143132442
Control,0.03241241430093347
Control,0.08723278760644237
Control,0.0088514052372978
Control,0.05335652535841484
Control,0.22040980595808762
Control,0.11220773738895104
Control,0.18333688295272949
Control,0.07996891719707547
Control,0.09809418698749944
Control,0.10533117237962875
Control,0.08262778046139108
Control,0.1801455140512524
Control,0.16747575180985058
Control,0.11423978770988574
Control,0.2096258468319607
Control,0.3214567328243617
Control,0.19097865983395274
Control,0.1208650740226907
Model,0.22981245873896705
Model,0.05313245515227985
Model,0.10479636541842885
Model,0.11915043258879626
Model,0.1380143879249343
Model,0.1046416320263874
Model,0.18057946151448465
Model,0.1878168338384384
Model,0.027593610278738773
Model,0.1281651071082788
Model,-0.0736449925995192
Model,-0.014098804398391007
Model,0.05442834033349417
Model,0.17688134814318737
Model,0.15770761969363278
Model,0.14809973170791849
Model,0.10045874138739597
Model,0.02194065799149647
Model,0.04768699633503706
Model,0.07053531252819559
Model,0.08953645137640145
Model,0.09817213265260594
Model,-0.01709220308391013
Model,0.1263330647246362
Model,0.2057123160282505
Model,0.02486979011176288
Model,0.07297446915138525
Model,-0.026435797363353553
Model,0.0744480269409741
Model,-0.006819069451977439
Model,0.13479487539799584
Model,0.10182251380040094
Model,-0.10832662393682645
Model,0.10559039470742779
Model,0.08431388941098217
Model,0.13654137594644042
Model,0.12778987041949696
Model,0.09133114556936647
Model,0.05053847808901682
Model,0.1513559198964267
Model,0.09992533530147049
Model,0.07199076844697014
Model,0.07074432528537253
Model,0.10331565965643963
Model,0.17583607564137266
Model,0.005160800855162406
Model,0.09167323363664556
Model,0.1977853717878378
Model,-0.004681277301664982
Model,0.08371865051645896
Model,0.16762646358281605
Model,0.09951359937289356
Model,0.15026725986463702
Model,0.1797327334798432
Model,0.03595359169918558
Model,0.007724289577807325
Model,0.1130713948703796
Model,0.16408704767790658
Model,0.1354231136698388
Model,0.14527116963430126
Model,0.118512767878929
Model,0.22569846801268748
Model,0.3399224778348653
Model,-0.10997762010249007
Control,0.373304238021706
Control,0.2683204472264319
Control,0.31720948697731244
Control,0.12026931091295837
Control,0.06750497404681133
Control,0.22944219295795149
Control,0.04892980002506389
Control,0.12995083249665154
Control,0.016936859691156325
Control,0.07335798304482316
Control,0.0848162717112198
Control,0.05443648271337401
Control,0.15616149514282296
Control,0.08334943868111874
Control,0.09289417591116234
Control,0.13903914008252197
Control,0.16755222290787541
Control,0.11477069844104507
Control,0.04770383195600647
Control,0.10943088769381132
Control,0.0434179565180903
Control,0.022482489928221078
Control,0.06578231249897507
Control,0.14458355244452606
Control,0.1281521090429895
Control,0.10058286437222791
Control,0.129630060366032
Control,0.13170152377657002
Control,0.1605660779819042
Control,0.05452813678229004
Control,0.10587106141757008
Control,0.06953456974614294
Control,0.1818760644100449
Control,0.11356660939645077
Control,0.016780654057744093
Control,0.1272724534622669
Control,0.09102586951675753
Control,0.09383636128277814
Control,0.17682935548333686
Control,0.24361085200655289
Control,0.0066932845142241015
Control,0.14170373030995315
Control,0.14822903272167365
Control,0.16725199491018167
Control,0.07622457387854023
Control,0.09732714611019447
Control,0.06255824390462408
Control,0.21587893795408933
Control,0.13012755867363748
Control,0.124734923725277
Control,0.14110916872885715
Control,-0.00035137502910564944
Control,0.03611157869415538
Control,0.07121762410719926
Control,0.12320329260533738
Control,0.06733874579602928
Control,0.17293735996403692
Control,0.07473283521041954
Control,0.09432797341575322
Control,0.11569700817865142
Control,0.11756628372996147
Control,0.20182910252574296
Control,0.0824996870895692
Control,-0.06058632938758188
Control,0.17363928552455327
Control,0.1572291776620956
Control,-0.011098486656860918
Control,0.13409390630264875
Control,0.23671674090484313
Control,0.040270049303537475
Control,-0.07530669563988779
Control,0.1276420842577914
Control,0.10600255431405944
Control,0.24198793022661835
Control,0.16310159843768032
Model,0.14570921294000766
Model,0.12651519924236113
Model,0.1514268494237094
Model,0.049251235381948255
Model,0.15369398458346875
Model,0.09404034485652163
Model,0.09363291880225924
Model,0.11420677557438114
Model,-0.02192490900905103
Model,0.17750841731344708
Model,0.1272241666564176
Model,0.10622447410156097
Model,0.1259564609830595
Model,0.19903944527425096
Model,0.22871683114348446
Model,0.08133183746965167
Model,0.1436110822652096
Model,0.01659953654011756
Model,0.1529635504602456
Model,0.1046749817221991
Model,0.1269150311864472
Model,0.08971502164268705
Model,0.0526147951250491
Model,0.14726200935699738
Model,0.166142234568346
Model,0.011973036106347784
Model,0.09482236184935636
Model,0.14099636285201364
Model,0.038430903667590305
Model,0.07323549649654293
Model,-0.0012014979369930068
Model,0.1586575777900126
Model,0.15158968426312092
Model,0.1122524440620788
Model,0.03501508726324126
Model,0.08326435939656981
Model,0.050232040908690156
Model,0.19243641734256126
Model,0.012788621744051681
Model,0.03786414356667592
Model,0.12627372587537816
Model,0.0794037594444377
Model,0.05477886574722851
Model,0.10808317770261561
Model,0.11008971790007524
Model,0.13190487861101713
Model,0.11860321955537317
Model,0.16637256140161386
Model,0.13948861385800498
Model,0.14081038944963098
Model,0.08808240211395385
Model,0.03541414102450127
Model,0.11215759798834554
Model,0.14856150144983163
Model,0.16762776930329523
Model,0.04563296937623551
Model,0.1438110932591501
Model,0.13492688739313063
Model,0.19427663160938613
Model,0.18053132887003545
Model,0.11179123036438804
Model,0.06242543558611918
Model,0.09211336529773215
Model,0.16540611720536993
Model,0.29907264478230555
Model,-0.07115090411642323
Control,-0.0696763896623184
Control,0.34667140225502957
Control,0.23749671439529133
Control,0.1823934190382261
Control,0.14798428887374693
Control,0.18974428790867529
Control,0.10412875312892358
Control,0.13753933239408428
Control,0.16206660491301195
Control,0.16094635016676306
Control,0.08447402124287959
Control,0.09931326550384828
Control,0.048704651420065914
Control,0.16790603980039942
Control,0.1858332359139603
Control,0.1281488149726936
Control,0.04456394791204396
Control,0.06535411538886385
Control,0.0910042758237824
Control,0.18639319477272673
Control,0.1745703662916968
Control,0.13997585804034504
Control,0.07851858076576138
Control,0.16397622596460043
Control,0.20733939245791738
Control,0.01322781262190445
Control,0.066497510292857
Control,0.1878076038233014
Control,0.054878854565530044
Control,0.14861582367449433
Control,0.17304057394514646
Control,0.09621168691311924
Control,0.03655218061396112
Control,0.15266646841829568
Control,0.18687740283932044
Control,0.10623137395384588
Control,0.12041544482327893
Control,0.15178496236918096
Control,0.08515688195542218
Control,0.1580546230509661
Control,0.08619351630226824
Control,0.0986682622461946
Control,-0.0010951697627038792
Control,0.15206466151719109
Control,0.13495155906464612
Control,0.05669854995000323
Control,0.16979097748546965
Control,0.07418982134747795
Control,0.10402632344393695
Control,0.03362906876216365
Control,0.19247173917466315
Control,0.09647634794879517
Control,0.007965455618723333
Control,0.015413616612603431
Control,0.07611287052150287
Control,0.07894039187277171
Control,0.11417751507615564
Control,0.11010054122644125
Control,0.0467803118088041
Control,0.1047893553274531
Control,0.16395621182793627
Control,0.13298760243217014
Control,0.16114204716655853
Control,0.1759648212753942
Control,-0.08824240051650152
Control,0.18247470621812834
Control,0.16456988463832384
Control,0.07786792217688418
Control,0.16125722566708806
Control,0.05289721196577568
Control,0.1324191040285721
Control,0.12268046219080456
Control,0.15458994140327306
Control,0.07269786964425007
Control,0.10373380790187364
Control,0.3340724801007189
Control,0.23677413253614069
Model,-0.04131541383705012
Model,0.1303462713059773
Model,0.0722497799989239
Model,0.08531190772253266
Model,0.04774442537705367
Model,0.09761807565040545
Model,-0.023167744993233208
Model,0.11514432102009872
Model,0.09354717688948547
Model,0.16412599828330968
Model,0.13879244582708863
Model,0.1283142266331974
Model,0.16274502152450376
Model,-0.03445708226732322
Model,-0.050563485427046306
Model,0.058046186515187226
Model,0.04851631456394259
Model,-0.12154661007682348
Model,0.07384902564445336
Model,0.07814185077131391
Model,0.10003553279400401
Model,0.12577011892229417
Model,0.10135439779181676
Model,0.09525741734765178
Model,0.07642465132136009
Model,0.019937595794830842
Model,0.0955272635887299
Model,-0.130698577915147
Model,0.11619285988302666
Model,0.0028718501960686427
Model,0.09925971514936804
Model,0.025684631455569235
Model,0.18874695056524035
Model,0.14563228919221674
Model,0.15222327645407074
Model,9.533566907629631e-05
Model,0.13740349639884075
Model,0.04033042502110887
Model,0.11927200373731461
Model,0.1739553967978776
Model,0.21345165953322529
Model,0.047994997190392547
Model,-0.07693396387424492
Model,0.16503226810208663
Model,0.06256736035862626
Model,0.12743070904360698
Model,0.0783260612184786
Model,0.11084040318311525
Model,0.12432344448872104
Model,0.15345882093627317
Model,0.006052990621547627
Model,0.028809948443303285
Model,0.046836030057973016
Model,0.07097532232203743
Model,0.14611644755504868
Model,0.10682823440037176
Model,0.1558459267568429
Model,0.1870733417130367
Model,0.2110252118562509
Model,0.1074909038899867
Model,0.11185136334420315
Model,0.08481089812324466
Model,0.05540900498861184
Model,0.2104582438367931
Model,0.2020175952709372
Model,0.1321883260074135
Model,0.32809104302787995
Model,-0.017186239810292936
Control,0.3618563061440935
Control,0.24942904624386109
Control,0.2276099865784746
Control,-0.03326531995499016
Control,-0.20057591466999372
Control,0.16933350578997047
Control,0.0933684584421989
Control,0.1979103013956161
Control,0.17015129985617952
Control,0.2037591516905139
Control,0.08072870983062114
Control,0.007868573152633562
Control,0.13960237061831196
Control,0.10694294237638666
Control,0.045502295329286374
Control,0.14905906653856085
Control,0.06270299036234386
Control,0.12910705970947028
Control,0.18463510534037714
Control,0.1771981041035392
Control,0.09224069663380569
Control,0.13079666652807026
Control,0.1521401675116923
Control,0.09585688013163965
Control,0.17539014239507905
Control,0.08080111445657653
Control,0.14178696550520237
Control,0.1401043327622855
Control,0.23734285467311558
Control,0.1078099584499729
Control,0.11289311983646488
Control,0.08669949607838487
Control,0.08262759068339165
Control,0.05274014615162029
Control,0.15303900794706485
Control,0.14744796083124984
Control,-0.03105040776689713
Control,0.10931870663578028
Control,0.16381658226617074
Control,0.10699152687321539
Control,0.0432493874726354
Control,-0.06754559617377442
Control,0.1468590811609292
Control,0.07532138748711167
Control,0.1265902564411312
Control,0.1478389530809162
Control,0.1732966333727374
Control,0.13522184891844274
Control,0.19271126053936635
Control,0.09294187238516746
Control,0.14339713096087064
Control,0.17659238269895217
Control,0.06459046386954775
Control,-0.07507469818211984
Control,0.08130446338866198
Control,0.0984050597634204
Control,0.057734219392672315
Control,0.08900098178697669
Control,0.0859633443613382
Control,0.08433817109402475
Control,0.09639864502144499
Control,0.08624472346991599
Control,0.12449316442876623
Control,0.1460531854310562
Control,0.06937906156016832
Control,0.16422446542227417
Control,0.1888631713828913
Control,0.18447515797056882
Control,0.09270247036265158
Control,0.15630157868333217
Control,0.14165652223521122
Control,0.1225623644581075
Control,0.16567274718778988
Control,0.13461378612114303
Control,-0.00039493074119423266
Control,0.23107919977394367
Control,0.3138895216859969
Control,0.2185359791901332
Model,0.19377326991911584
Model,0.09545086312586379
Model,0.17342297103226914
Model,0.09071616464634005
Model,0.10123257440335245
Model,0.03168176787354077
Model,0.02302702427441991
Model,0.23489178409810318
Model,0.19820094281348627
Model,0.051431510427192184
Model,0.19870222066690024
Model,0.221412241924035
Model,0.08130107781825924
Model,0.017036486429514303
Model,0.07016201953558351
Model,0.12168042669062362
Model,0.0371838948266828
Model,0.024899616488644916
Model,0.1374765522902626
Model,0.12302627877115274
Model,0.0696248949703697
Model,0.08612235646316968
Model,0.07228337369502058
Model,0.157210681084938
Model,-0.032201195108717745
Model,0.11945461110526504
Model,0.01732006732170932
Model,-0.0592179272485816
Model,0.10436775997995401
Model,0.09162375294378103
Model,0.054326927515708195
Model,0.09252663280652917
Model,0.07721269423081856
Model,0.020714607459379808
Model,0.10214505127839818
Model,0.08233915789337329
Model,0.15371935423401287
Model,0.16430573080694397
Model,0.18051930866645463
Model,0.1556145378046876
Model,0.09220964208228663
Model,0.027588528600690637
Model,0.0003428832610182231
Model,0.1535729189780245
Model,0.10638209017888628
Model,0.06286452087670266
Model,0.11716934749513963
Model,-0.01777846152700044
Model,0.12359071375932981
Model,0.08165752116918831
Model,0.029358942306692892
Model,0.08399217756031083
Model,0.09816012906124491
Model,0.12067691750882592
Model,0.19530575650192822
Model,0.061952274313472694
Model,0.08935859543556884
Model,0.15046363171925115
Model,0.16138353408911288
Model,0.08188389907845417
Model,0.19880306800472297
Model,0.109896664369598
Model,0.15947211267158737
Model,0.16123162889427434
Model,0.13126052754911424
Model,0.07741065521038232
Model,0.19476066916815543
Model,0.24124428473720314
Model,0.4285366222877034
Control,-0.08999800921283836
Control,0.2938778680835413
Control,0.28608113919346356
Control,0.2609313201479024
Control,0.10659545454027394
Control,0.19473004168358404
Control,0.14834501990506482
Control,-0.0350772593598169
Control,0.15290785712940638
Control,0.0930498698882036
Control,0.12383191774255586
Control,0.2468756086451553
Control,0.06784140286238297
Control,0.13324126059660812
Control,0.0416429719265754
Control,0.12341458010700104
Control,0.12577113419472175
Control,0.10357054519812797
Control,0.16073595228269616
Control,0.18537037587883481
Control,0.07050225148631578
Control,0.1609462088964456
Control,0.14404246559908557
Control,0.07417515335540179
Control,0.036198241521948005
Control,0.14708969026903643
Control,0.07156269539691665
Control,0.16270267086284215
Control,0.0822091796990887
Control,0.1386261232188979
Control,0.12269134439087762
Control,0.04998166485374986
Control,0.0661301545076147
Control,0.16162452038581024
Control,-0.012058883938635218
Control,0.06428880017736685
Control,0.16567060753387483
Control,0.14559710397901077
Control,0.23836850442216548
Control,0.12727683736063297
Control,0.14836216517781203
Control,0.04873129409824059
Control,0.1832648962237763
Control,0.1347247364794796
Control,0.1568121362556449
Control,0.06441173990700425
Control,0.13080814982470593
Control,0.16821715504828105
Control,0.1405323181662671
Control,0.059161837948870394
Control,-0.007564625280225001
Control,0.052868921886984194
Control,0.20348873452066446
Control,0.10383145552680911
Control,0.20324857577831051
Control,0.21069855169043225
Control,0.19893607832782115
Control,0.07605592330031041
Control,0.09666414670189358
Control,0.09564511154008948
Control,0.1633522875997401
Control,0.12555482581573454
Control,0.13840376626421907
Control,0.14991883622895646
Control,0.13504609110097554
Control,0.10770391128799459
Control,0.12978200928423317
Control,0.05356054780475272
Control,-0.05841335331981662
Control,0.14787368524566274
Control,0.14367244222358186
Control,0.16727764550658772
Control,0.2106067645244109
Control,0.01692905433999256
Control,0.1462941953835546
Control,0.08412649028144423
Control,0.18876940550214072
Control,-0.021391228622151592
Control,0.1167243419416506
Control,0.28060069543993726
Model,0.239904664431926
Model,0.2168255060944403
Model,0.2449667679692059
Model,0.09477943587329743
Model,0.10041302562158641
Model,0.15404915304619862
Model,0.15793308140575021
Model,-0.0033665793130762123
Model,0.12596638120270623
Model,0.19821728099814495
Model,0.14288641391124746
Model,0.1708610491077504
Model,0.08067750013791597
Model,0.13307992976113175
Model,0.16279720329786493
Model,0.013676898203034332
Model,0.03040930891249624
Model,0.09980048257504551
Model,0.0528345769198576
Model,0.10341945984956283
Model,0.044047407481981354
Model,0.08608410489997737
Model,0.0907682179740174
Model,0.2074953773481524
Model,0.031209900892166242
Model,0.12409687626986468
Model,0.06253514281882092
Model,0.12399248813705699
Model,0.19102097009469565
Model,0.0621547346795549
Model,0.1122249437282184
Model,0.16275723589171004
Model,0.07551024085037417
Model,0.043369685593523194
Model,0.0689120139831152
Model,0.09057528239030105
Model,0.14696782740993775
Model,0.09342753468548573
Model,0.07511815299158511
Model,0.05529887733385047
Model,0.11620697196377827
Model,0.08319096009733953
Model,0.03730017338840991
Model,0.10289206898199144
Model,0.1300580074954591
Model,0.03922754559362743
Model,0.13634016388900572
Model,0.1515448130625679
Model,0.03374117765671167
Model,0.11541596769356277
Model,0.1135943468199127
Model,-0.0028762961576880575
Model,0.1795112701296939
Model,0.10268409761165165
Model,0.12826323376318552
Model,0.04133608196358485
Model,0.07194211803285305
Model,0.05868436686835829
Model,0.1196317650136873
Model,0.05656386910207825
Model,0.03043592746972773
Model,0.13184388239381037
Model,0.04466762105490982
Model,-0.02704920437822375
Model,0.1258017333720706
Model,-0.04109308492379843
Model,0.11123975157870628
Model,0.2716596424247376
Model,0.25275388516178365
Model,0.33557284356758343
Model,0.4961012758671773
Control,-0.06082848003476758
Control,0.24921092221569457
Control,0.208444361835552
Control,0.1813428885694863
Control,0.19553062123731357
Control,0.22369378519430339
Control,0.13733461602209934
Control,0.14112721365298184
Control,0.14819118556636102
Control,0.09864938677752697
Control,0.11491778954747262
Control,0.08420901533751982
Control,0.049095049683199804
Control,0.10260717838238445
Control,0.1717808969576356
Control,0.13539218025462682
Control,0.13946344222512133
Control,0.11508781794321576
Control,0.1499903066501171
Control,0.15075074164497942
Control,0.10778097617320523
Control,0.07977135763519186
Control,0.10566624869471011
Control,0.060673053514465725
Control,0.22957023622731831
Control,0.1527332156531122
Control,0.13282216605268327
Control,0.1170031789819001
Control,0.019403568544781175
Control,0.1167393740071368
Control,0.0835928496309746
Control,0.10764547647574008
Control,0.12589706937339126
Control,0.1321635373858704
Control,0.0691854507893889
Control,0.10542079915968472
Control,0.12945789145253842
Control,0.1344019093508173
Control,0.16864362050059648
Control,0.08589214073242818
Control,0.000793479690317872
Control,0.0735565827310152
Control,0.1295393846239666
Control,0.1533778003492749
Control,0.08998414771081081
Control,-0.025969179046060997
Control,0.18387618312070203
Control,0.07369727527550363
Control,0.1716612763495217
Control,0.0959562024676813
Control,0.07232722889220833
Control,0.10979721564778783
Control,0.10038444137360608
Control,0.1765577086105262
Control,0.12903864354460004
Control,0.01892150538156398
Control,0.10048562706912242
Control,0.06347281730826215
Control,0.09437318955243898
Control,0.07194895754955552
Control,0.24656817453229177
Control,0.1096756010417024
Control,0.13841083177356017
Control,0.06862477275440126
Control,0.05847642480197429
Control,0.15120634466509356
Control,0.23371829011102715
Control,0.18639366868613425
Control,0.09624111984618663
Control,0.13981977620119504
Control,0.01843733379540502
Control,0.13377291741578476
Control,0.18566027785357556
Control,0.20883794359804664
Control,0.12308310877652204
Control,0.09931041398308879
Control,0.052010102947154274
Control,0.13253759367675952
Control,0.22890746939009515
Control,0.15673527855804004
Control,0.2560070614883865
Model,0.1305356759291429
Model,0.11666502940614884
Model,0.2225730400553249
Model,0.09790588255842925
Model,0.14090213694567136
Model,0.05225256527280858
Model,0.10807559993886362
Model,0.07499459954009804
Model,0.09974740108385799
Model,0.08865688835896776
Model,0.17323103091921427
Model,0.16269919332719038
Model,0.08462056427895026
Model,0.13737897423730377
Model,0.08926051549422434
Model,0.08236346210258594
Model,0.18147886517055856
Model,0.0913967233703554
Model,0.017565924321262888
Model,0.16309833247526034
Model,0.2190384838227577
Model,0.10831101496216974
Model,0.11134525140126544
Model,0.09009444182001497
Model,0.15385096208706348
Model,0.16907216075272066
Model,0.1115876652856867
Model,-0.01273812717418607
Model,0.10438304468407947
Model,0.07689807898756384
Model,0.0778826927660301
Model,0.04879409506701038
Model,0.21435526049921214
Model,0.15764131407806836
Model,0.01686139735356887
Model,0.07559184372890224
Model,0.025195161966708735
Model,0.016402390223814622
Model,0.012501398124290797
Model,0.08482202219723858
Model,0.1296481810418791
Model,0.10235430577659818
Model,0.1289204646113724
Model,0.12661368126587458
Model,0.19224436918362858
Model,0.10006901591916548
Model,0.17255537379678407
Model,0.04451545205802024
Model,-0.02356685570118286
Model,0.12961001260623486
Model,0.08616929854304764
Model,0.0976431898050085
Model,0.11598035025357403
Model,0.02056916322197802
Model,0.12494969633776476
Model,0.102612871190776
Model,0.10011432747644194
Model,0.11385800793285222
Model,0.06374404183199572
Model,0.16693564322481189
Model,0.29237731537026834
Model,0.0031900152713558727
Model,0.009562747667199945
Model,0.02112040564899595
Model,0.1534447983621621
Model,0.11220485589974699
Model,0.1395938478850468
Model,0.24234297163909096
Model,0.1812236243931612
Model,-0.16695993480873747
Model,-0.03844194880031557
Model,0.18368842589815326
Control,0.3466496967285905
Control,0.23877268145847214
Control,0.039520857658407516
Control,0.10419190866891356
Control,0.07341464599770978
Control,0.15500798818126837
Control,0.11711977197972429
Control,0.05956293647504571
Control,0.1254316658080621
Control,0.11038150144128364
Control,0.12402812374076716
Control,0.1950138681043882
Control,0.039429202260513885
Control,0.1533675120692854
Control,0.011327708777509549
Control,0.16949935647822012
Control,0.173123676242637
Control,0.16872478647774278
Control,0.13626151379932927
Control,0.10168430983289298
Control,0.1133913132657973
Control,0.13142528648227622
Control,0.09322067633387504
Control,0.09239441561725495
Control,0.13034510359982054
Control,0.19902360027317487
Control,0.10442061760486698
Control,0.18483073230305375
Control,0.07999083967910561
Control,0.07040234945025065
Control,0.15129095349157665
Control,0.16936168649390657
Control,0.09633911154341937
Control,0.08664215880227061
Control,0.0021753851386615564
Control,0.07166353861490887
Control,0.1508488346767532
Control,0.19067176129905675
Control,0.1420513726397103
Control,0.18592172469050858
Control,0.14880497040955917
Control,0.1815656193655603
Control,0.18620833332589107
Control,0.14519667691876129
Control,0.11322485749405231
Control,0.0975178995791619
Control,0.14459382344780689
Control,0.02660909045898796
Control,0.1717455723346808
Control,0.1318225257239879
Control,0.14728357294863015
Control,0.12264941886914613
Control,0.10204796687416409
Control,0.1678083960959478
Control,0.22031243628881447
Control,0.18960628674314703
Control,0.14174959412386584
Control,0.09589752046559566
Control,0.17521208611087524
Control,0.02670160145265202
Control,0.1621168762810919
Control,0.11709337257089691
Control,0.050788652604506046
Control,0.11930566567641038
Control,0.12455783413936991
Control,0.18054792461055047
Control,0.17155679372640756
Control,0.24437862588144596
Control,0.09028074985895398
Control,0.10203867559316035
Control,0.17738365143570745
Control,0.12059835141053299
Control,0.10615744671826907
Control,0.06160387752313945
Control,0.0757812341984565
Control,0.10644844144483076
Control,0.1624243545160113
Control,0.183073526375004
Control,0.1715594809190884
Control,0.11986330008692833
Control,-0.041747782142664676
Control,0.32562114522608626
Model,0.20089273933848678
Model,0.1210626194974119
Model,0.10322300187720104
Model,0.12580038578879743
Model,0.04886842784009782
Model,0.15377525262609373
Model,0.11058529510412995
Model,0.08936365664736215
Model,0.01506558662008417
Model,0.050472717221365315
Model,0.06666939055241869
Model,0.12684272158238932
Model,0.22443925390807015
Model,0.13286622857037464
Model,0.20916337884522332
Model,0.10224953024682393
Model,0.10227850122728208
Model,0.049905589126557126
Model,0.035170530063518585
Model,0.10286417473917422
Model,0.19151790259009352
Model,0.07934997173456046
Model,0.17115445705826335
Model,0.05313509430242089
Model,0.07439442063653748
Model,0.13759721561419128
Model,0.10125363477762198
Model,0.05755621885907822
Model,0.1553302033157519
Model,0.0916253940982032
Model,-0.01310335294060086
Model,0.14776982325508176
Model,0.06988852073250537
Model,0.09520071379449985
Model,0.019224498117780736
Model,0.07789933189766332
Model,0.011255191188459274
Model,0.1736232995189552
Model,0.12352901344979755
Model,0.17791063782895022
Model,0.1485557206631238
Model,0.17784910736275358
Model,0.11422414232124323
Model,-0.02573115696742248
Model,0.09150457853989191
Model,0.11989555171500879
Model,0.052685119967529725
Model,0.17242858375328174
Model,0.19354664575030306
Model,0.08058144502682299
Model,0.11723578361630307
Model,0.19158520174930196
Model,0.06336662362650486
Model,0.08132729867894781
Model,0.03395484296507395
Model,0.12901422809996335
Model,0.07065148782836422
Model,0.22882836133474221
Model,0.10506980587939088
Model,0.10943459740184752
Model,0.18915146848429804
Model,0.21539260179568562
Model,0.10488385267746755
Model,0.14805092593632146
Model,0.08841932836583624
Model,0.0751059406842941
Model,0.18445384077138058
Model,-0.004312467947186982
Model,0.06392279410176185
Model,0.12898448079724775
Model,0.23038019357849254
Model,0.15454712918769556
Model,0.29510379435625367
Model,-0.017186239810292936
Control,0.0
Control,0.25194934166660543
Control,0.19430229217312409
Control,0.12704646122229668
Control,0.08091978544375569
Control,-0.2073607939142846
Control,0.06643336087697854
Control,0.12893959444635023
Control,0.16386458506950966
Control,0.09334182114638345
Control,0.14920837969551387
Control,0.128876139421261
Control,-0.023711843634130175
Control,0.1434048757106564
Control,0.04436026269376875
Control,0.14583921412560452
Control,-0.0511550416250027
Control,0.1322629895630223
Control,0.16099127080528233
Control,0.17810505116929445
Control,0.12411898268239285
Control,0.15999187195181447
Control,0.21112413230947027
Control,0.14302515465280283
Control,0.11343024333849666
Control,0.04845607400339183
Control,0.12977302127591475
Control,0.10954317227919633
Control,0.19101924627786765
Control,0.2037971030376694
Control,0.046626005815954635
Control,0.06066855093840104
Control,0.16751815842146858
Control,0.10337351782531909
Control,0.09386364878087805
Control,0.10089076974054376
Control,0.040266590240674166
Control,0.19009014116880488
Control,0.19585231953241355
Control,0.1278220966641055
Control,0.1970707132930607
Control,0.06623205506017507
Control,0.11009745487534214
Control,0.03236401400039826
Control,0.21809235743455663
Control,0.0522203999618224
Control,0.11499713136998307
Control,0.24401892666832659
Control,0.07623694240714662
Control,0.04023757181571613
Control,0.11419460831943035
Control,0.15507795313661843
Control,0.023239224650788065
Control,0.1241719078858162
Control,0.056741539517639744
Control,0.06481096045495144
Control,-0.025796602335794866
Control,0.14427449365656245
Control,0.18835265248382638
Control,0.028602779708977122
Control,0.11206122053373885
Control,0.11807581440129278
Control,0.18237393263856172
Control,0.044074825950822405
Control,0.11853740154168546
Control,0.07290179108829134
Control,0.0966327044211635
Control,0.11510981757239486
Control,0.15153611025283967
Control,0.11800734839976301
Control,0.18853236640177443
Control,0.09539945687737353
Control,0.11799083711577368
Control,0.1445001811619719
Control,0.1639624148308234
Control,0.10067792520873922
Control,0.1353829087753891
Control,0.17007544766301694
Control,0.12623289948455996
Control,0.06069162119192423
Control,0.2573245301294486
Control,0.5700852175885884
Model,0.3237280139954991
Model,0.13250453077431107
Model,0.1544806069487845
Model,0.2441397777767883
Model,0.046071495831743636
Model,0.17301723377627543
Model,0.12070202089871052
Model,0.19602503571887747
Model,0.14159675731573884
Model,0.04682774840124207
Model,0.16308837657256536
Model,0.10113665418348453
Model,0.08749863628293889
Model,0.18379154851205373
Model,0.1141467525010125
Model,0.18642654599686262
Model,-0.09628888127397137
Model,0.09808712752500637
Model,0.10879305912100751
Model,0.1967185605462711
Model,0.11326161422325484
Model,0.08086479122157611
Model,-0.010279695591666083
Model,0.19827449747019657
Model,0.1116238580632502
Model,0.12663707565703122
Model,0.19434801272325292
Model,0.16751722760556664
Model,0.018674836841846926
Model,0.1507623525234635
Model,0.17420561483738284
Model,0.08301417398346439
Model,0.1546713772957673
Model,0.12387379568688978
Model,0.18402358733424903
Model,0.085387870220835
Model,0.06607459194817003
Model,0.05757608979840742
Model,0.13044811903167858
Model,0.10668879886933394
Model,0.05614554197626101
Model,0.17130887388784352
Model,0.2228786271551381
Model,0.07333671408752135
Model,0.05233662423481511
Model,0.14583618252838204
Model,0.19489070856185792
Model,0.17880124152703428
Model,0.10140582370917534
Model,0.1240329609533882
Model,0.10086550335155814
Model,0.03735539180910838
Model,0.17341296888115415
Model,0.03783910071172045
Model,0.04273465578106864
Model,0.10097899331961457
Model,0.1438921115868865
Model,0.06043770095310613
Model,0.14332685861300465
Model,0.14122911506937766
Model,0.15224282385380639
Model,0.11131857775791301
Model,-0.12061992540141543
Model,0.11070981744672673
Model,0.14241018316551726
Model,0.07009884917749343
Model,0.10700964808065358
Model,0.15884239006467754
Model,0.09700267045128436
Model,0.12042042722670132
Model,0.1312532205645456
Model,0.22836010498612488
Model,0.22295189900541784
Model,0.20539947138183492
Model,-0.1577103401107533
Control,-0.06220685518704928
Control,0.33978539406256536
Control,0.2457367611037715
Control,0.1838121119151546
Control,0.11777798394561481
Control,0.08811618239850372
Control,0.20945593651587616
Control,0.17856557685528843
Control,0.09918186031987966
Control,0.10509647919049897
Control,0.1840348836437383
Control,0.07109440449488202
Control,0.12168466433500635
Control,0.06666772607443988
Control,0.18356908882740747
Control,0.15151408005717606
Control,0.13800752402149316
Control,0.08451000995593458
Control,0.15202349497455947
Control,0.040631088790553355
Control,0.08301912475722023
Control,0.21481012101954838
Control,0.15765541054333332
Control,0.07066559758340502
Control,0.13682734873249647
Control,0.16365670998359605
Control,0.15143061601198637
Control,0.23316900068302218
Control,0.126530394506295
Control,0.10053851924745266
Control,0.15545816498589488
Control,0.11506440461412851
Control,0.18906796151313227
Control,0.041417180229323086
Control,0.05473244535750238
Control,-0.04573623066894719
Control,0.23027310961464975
Control,0.10895126592887017
Control,0.15142356365952336
Control,0.152868810837617
Control,0.10857551014144284
Control,0.1956914902530785
Control,0.10804451880779287
Control,0.19005758985627855
Control,0.15243671025453734
Control,0.2438730959642425
Control,0.10452465495404062
Control,0.1629226573201991
Control,0.11000333349308708
Control,0.1118793089520041
Control,0.05854528238675
Control,0.19142000372194526
Control,0.16054107127513906
Control,0.1232668417884886
Control,-0.08032925764188055
Control,0.20515883061931017
Control,0.33363808251277793
Control,0.05478113996012424
Control,0.16997634341219728
Control,0.11490337891190613
Control,0.11949084189158748
Control,0.2003493415339203
Control,0.1657619921525851
Control,0.19923540155757363
Control,0.1404471826659663
Control,0.13724395835412917
Control,0.02949342061843363
Control,0.15509792620787521
Control,0.11254066049454603
Control,0.07127414379630201
Control,0.050757471866565124
Control,0.046326361903910374
Control,0.06491993163341664
Control,0.1815231459063697
Control,-0.11437178973768866
Control,0.21894044939889556
Control,0.16159580463549764
Control,-0.014302222691517874
Control,0.09758283242732785
Control,0.026944357216557524
Control,0.13208965566777597
Control,0.09004989827888599
Model,0.328127735567465
Model,0.22586552461519954
Model,0.07715353206913078
Model,-0.02164103354897387
Model,0.14690779483437938
Model,0.17667657967528105
Model,0.122156184253884
Model,0.06284830874556813
Model,0.15483798151430878
Model,0.21087896651115973
Model,0.18290089604049223
Model,0.08631004849936783
Model,0.08369482513787088
Model,0.16707521896298513
Model,0.09493825607076536
Model,0.14504477212261596
Model,0.09809595971070273
Model,0.1510226059385234
Model,0.11991167267828085
Model,0.12606534285423082
Model,0.18239606277333983
Model,0.1507569485019016
Model,0.10037807736508422
Model,0.25313767794116815
Model,0.22320772918437504
Model,0.13103709937205152
Model,0.13310918567438457
Model,0.01813121875924545
Model,0.10936353059118009
Model,0.15147463945773665
Model,0.1701048294968961
Model,0.17417837358770294
Model,0.16533554942578643
Model,0.08492994614136526
Model,0.16009941002729874
Model,0.12279640166390032
Model,0.045764798238258825
Model,0.022743891978609376
Model,0.1385125503890889
Model,0.06429385248501035
Model,0.1548440347414219
Model,-0.01521820095736312
Model,0.15301585649301108
Model,0.12902187928972703
Model,0.026576616227161676
Model,0.044936011334592574
Model,0.04103429826472782
Model,0.06702746781484209
Model,0.14202660501601305
Model,0.16716433421956786
Model,0.2003379027580338
Model,0.15798043168109396
Model,-0.06776377910887252
Model,0.12214963206213583
Model,0.12241040444294346
Model,0.006472570840331621
Model,0.17265246451366176
Model,0.024276975936847134
Model,0.08752334004926313
Model,0.11406139286864161
Model,0.020478467013657825
Model,0.14576034375789304
Model,0.025559679321620787
Model,0.11079621182104685
Model,0.18250528373314254
Model,0.0032124173813972146
Model,0.08451185863020697
Model,0.07938007168147876
Model,0.10640457933695949
Model,0.08657294996871864
Model,0.14492974206888287
Model,0.1584146428134795
Model,0.09384585416968183
Model,0.19636828657509622
Model,0.19495998829636418
Model,0.3415004571810481
Model,-0.027214283129841987
Control,0.2593713717051307
Control,0.39270821994496563
Control,0.21994708028259616
Control,0.10335478562043532
Control,0.14282684461727588
Control,0.05232665371336667
Control,0.043899043347923244
Control,0.09765397771412182
Control,0.19014720494133175
Control,0.1680315219970584
Control,0.1866433573938665
Control,-0.03464586871656422
Control,0.1831563450686775
Control,0.14483089191857787
Control,-0.023148711642028252
Control,0.17797424694899064
Control,0.17414091024111744
Control,0.13617773996946406
Control,0.005924436160951951
Control,0.12434074631502795
Control,0.1208834642816414
Control,0.07763095457551203
Control,0.13918665340512892
Control,0.1201097531993785
Control,0.09866398559631978
Control,0.11074321671340248
Control,0.1997456819051617
Control,0.1263331431343138
Control,0.18742409198977875
Control,0.11381855537261454
Control,0.17539424840423176
Control,0.08770641315740885
Control,0.12129588868705724
Control,0.14804795075419755
Control,0.10199830856344505
Control,0.06410284172598205
Control,0.14787868937786874
Control,0.23183557314750475
Control,0.0755624828928689
Control,0.09972240155357182
Control,0.05163879272265309
Control,0.20289521087106385
Control,-0.05254723296117622
Control,0.08305543667762444
Control,0.09238281590218261
Control,0.15183475809618252
Control,-0.019182383947680764
Control,0.1442086735165106
Control,0.06532420608378042
Control,0.14375573682412923
Control,0.11016345070623104
Control,0.10537969321843105
Control,0.17028996139067074
Control,0.19119254229725272
Control,0.15899504201202222
Control,0.0854158266598033
Control,0.18677618219169353
Control,0.1404028619279298
Control,0.2282964602494851
Control,0.19163862624960468
Control,0.07390785336893138
Control,0.24713083360771937
Control,0.163107401285416
Control,0.17126267862692057
Control,0.15273290507105014
Control,0.05049430579777675
Control,0.14333326109542763
Control,0.11295853829304112
Control,0.16964422141429175
Control,0.08104388630111081
Control,0.08545953081868832
Control,0.059572114992301195
Control,0.10090015670793379
Control,0.10387887603861831
Control,0.07174209062603937
Control,0.19771899228111955
Control,0.10677640613504877
Control,0.11835884316974926
Control,0.05311243457007436
Control,0.0650366483590542
Control,0.03612721743791
Control,0.09192912428408295
Control,0.3512516194495602
Model,0.12427938615730905
Model,0.0803205947679288
Model,0.1123482614190815
Model,0.10385484333952666
Model,0.18473249321664326
Model,0.18763711619935305
Model,0.2846505184768966
Model,0.11344872051258151
Model,0.16719462427673001
Model,0.12073183185945255
Model,0.0955099591044678
Model,0.1591400709439281
Model,0.08270271858376935
Model,0.136828907623206
Model,0.14776869814265664
Model,-0.02622109106684742
Model,0.10713036675649873
Model,0.07112705003191927
Model,0.09072536117124189
Model,0.07023306607934277
Model,0.16098951841543618
Model,0.17286325670537872
Model,0.13467449554498648
Model,0.15015934303054043
Model,-0.006948872088322816
Model,0.08584702825599422
Model,0.14689210000777056
Model,0.10793899539588156
Model,-0.05851738382475566
Model,0.1706674021887806
Model,0.22744248463557318
Model,0.06725924642322587
Model,0.1168978990386827
Model,0.09239684724754582
Model,0.1418578882546994
Model,0.1386768645134525
Model,0.0716705233224127
Model,0.1588795712693213
Model,0.13422768357871237
Model,0.10628967719731922
Model,0.1700212010571789
Model,0.09210058345709626
Model,0.09781300729200859
Model,0.08420921541509552
Model,0.1314631883914654
Model,0.02395758753769109
Model,0.019343816184147017
Model,0.12197225096499509
Model,-0.007269713192879168
Model,0.17192156365351002
Model,0.11855711094378896
Model,0.031409976142173085
Model,0.008792905637385995
Model,0.054888126576358776
Model,-0.02928375639644354
Model,0.1624484381149445
Model,0.0966546302920866
Model,0.12094541563503985
Model,0.10959033383972269
Model,0.14817088025070752
Model,0.08976459755679567
Model,0.09014418917223233
Model,0.07644280043732762
Model,0.14466467403382094
Model,0.10382089008854384
Model,0.024967205099171774
Model,0.10640844898744839
Model,0.11577461143268258
Model,0.10367423515256033
Model,0.09766007891732584
Model,-0.0545738785628358
Model,0.14113627894134692
Model,0.12235485417654152
Model,0.031221443328304566
Model,-0.01922658295137028
Model,0.25687784574502287
Model,-0.03574282668506023
Control,0.32162986870194754
Control,0.31910808389402157
Control,0.10981899745754045
Control,0.24571720599596586
Control,0.2293634150206312
Control,0.2128952470511497
Control,0.15095515434558576
Control,0.1512656225142803
Control,0.13023472749269926
Control,-0.001602827373024085
Control,0.10688273630280429
Control,0.05197034339309406
Control,0.14912930632647595
Control,0.20847221747157035
Control,0.17284030712302045
Control,0.05108940774115961
Control,0.10560792252637341
Control,0.15833939902625624
Control,0.13937696286268458
Control,0.17829987277155337
Control,0.1610968120919422
Control,0.1398228941155118
Control,0.1335565860454853
Control,0.11407213738663671
Control,0.12033382001662066
Control,0.15171890128549256
Control,0.17009804373733706
Control,0.12566737799075667
Control,0.2160551680901909
Control,0.1773028064066484
Control,0.0856002550592922
Control,0.1898792066435883
Control,0.158724330606535
Control,0.023957745686023935
Control,0.17355553681236446
Control,0.05685101192000189
Control,0.21040743715654117
Control,0.04643129431948881
Control,0.188617402361654
Control,0.1471988813268434
Control,0.03667625914449277
Control,-0.013272839312835127
Control,0.11834501635403669
Control,0.06821995594828423
Control,0.029070576563593797
Control,0.05109775292301924
Control,0.14125108652423188
Control,0.09437140533357957
Control,0.16072139612408387
Control,0.09351288847035519
Control,0.13682787361219445
Control,0.12845524630551883
Control,0.07558886256637912
Control,0.13358719950934317
Control,0.25940112884228045
Control,0.18967352782603492
Control,0.02627976509506752
Control,0.16901516954237003
Control,0.12810411487800488
Control,0.14626416912844348
Control,0.11151623134496089
Control,0.11668600857988778
Control,0.09556153978126636
Control,0.09316198908232795
Control,0.1659874668886829
Control,0.18302425984687762
Control,-0.003958733717068924
Control,0.15843655247087593
Control,0.1359820320720524
Control,0.17859532150004886
Control,0.07055970464927563
Control,0.08860633391866185
Control,0.15450982664739807
Control,-0.03325990942143811
Control,0.16365478868069855
Control,0.09138245991905666
Control,0.20149110432053888
Control,0.06365306368108048
Control,0.08287042399313937
Control,0.05834520693739653
Control,0.13967697157907646
Control,0.04592717065991897
Control,0.16114910589811396
Model,0.1990256596568436
Model,0.2472212262775587
Model,0.16290090567823767
Model,0.12163389393584254
Model,0.21240204632481605
Model,0.12900957727644885
Model,0.10708170690664082
Model,0.13147234345226652
Model,0.183079123098316
Model,0.2078426798583406
Model,0.11072180116987279
Model,0.12370461059387444
Model,0.16961817146012087
Model,0.09430298438439003
Model,0.11301469138367651
Model,0.18762892491309807
Model,-0.025247186322674697
Model,0.12708398051883862
Model,0.11460780539241522
Model,0.10942610071654305
Model,0.04925634922125399
Model,0.1232173954496947
Model,0.06211192372650606
Model,0.10770246549327767
Model,0.08465763551069871
Model,0.18367282895074372
Model,0.17310165588140755
Model,0.10865774773966638
Model,-0.01810034116109213
Model,0.04667344240839266
Model,0.18035738284771258
Model,0.06817990953441183
Model,0.1725098564473283
Model,0.23256146269897154
Model,0.10437361246500257
Model,0.14292439409721655
Model,0.07325091835115535
Model,0.1620615331358468
Model,0.07537147977546174
Model,0.042616908101067996
Model,0.18595279432592315
Model,0.17922297449016253
Model,0.1714970599050107
Model,0.11535399580746061
Model,0.17520832125026914
Model,0.13906726496939942
Model,0.16214255252676532
Model,0.07819638363892417
Model,0.046987610650035955
Model,0.2228841729786085
Model,-0.055840812399235856
Model,0.07335186728931459
Model,0.08858382376274268
Model,0.09541940177430544
Model,0.07597762472520572
Model,0.06021193656634327
Model,0.08670486893542237
Model,0.13391350038607117
Model,0.08251675116178583
Model,0.16601702773584304
Model,0.22375060230859017
Model,0.10980206256194525
Model,0.08709642247877261
Model,0.18070112316637665
Model,0.10014013030723054
Model,0.10473503097642625
Model,0.09267052931663317
Model,0.09213750119193342
Model,0.06302321282783349
Model,0.1017582647776524
Model,0.007986050983735143
Model,0.13977453248822438
Model,0.12476897532060127
Model,-0.03331704070602637
Model,0.09994091650049555
Model,0.11594474495055285
Model,0.265419083029663
Model,-0.11118444232238973
Control,0.4049883025678637
Control,0.27975306941514033
Control,0.13690774416843784
Control,0.19811324584178433
Control,0.21352954678976685
Control,0.1621457717091742
Control,0.14037752935586037
Control,0.07788226908797535
Control,0.18007011331177605
Control,0.21661949928521843
Control,0.038280987553506146
Control,0.16872031898668646
Control,0.15913938386251564
Control,0.22150948015742478
Control,0.07345663305110356
Control,0.025308366935521603
Control,0.1537180723022325
Control,0.1387314020324843
Control,0.13881762835758854
Control,0.20381504702594636
Control,0.15161187685984565
Control,0.12091788048196664
Control,0.048394110290501835
Control,0.15276629922116214
Control,0.17038573017354264
Control,0.18843506889598424
Control,0.131411667651556
Control,0.16766500778687307
Control,0.11357280681763204
Control,0.13240933245506842
Control,0.2028039978233601
Control,0.1631616728760327
Control,0.15487425662203377
Control,0.11448371583136957
Control,0.19420006774872572
Control,0.014032394059392772
Control,0.15876490881078886
Control,0.0894829149761859
Control,0.105427258721695
Control,0.11095220122980565
Control,0.14944121523977255
Control,-0.04440145442052565
Control,0.11164917781068598
Control,0.08560708301388967
Control,0.10938028036019742
Control,0.09802353840607864
Control,0.1434069127675017
Control,0.1383317735548668
Control,0.17213661734475738
Control,0.07079288991398636
Control,0.02129026313822141
Control,0.02705787788399619
Control,0.10145716902404325
Control,0.1928922352583512
Control,0.10273928699418983
Control,0.040860684154557264
Control,0.016140483029045527
Control,0.2032699418838739
Control,0.18808157919774218
Control,-0.05428448980601469
Control,0.10319756797059057
Control,0.13001783529385808
Control,0.09820081590941648
Control,0.17520363474370643
Control,0.09030458673319819
Control,0.09267523947899689
Control,0.17032814477731284
Control,0.09036998020499579
Control,0.18741781868397722
Control,0.16490594665608146
Control,0.1549186996260083
Control,0.23301734693074305
Control,0.09698103675608383
Control,0.17144377760530982
Control,0.05725411155417878
Control,0.03427288756854291
Control,0.18722180884285783
Control,0.11544142213287692
Control,0.13783171756344625
Control,0.19342233611056905
Control,0.14701580589298688
Control,0.11020280711494032
Control,0.04128675004976115
Control,0.10947191223518773
Model,0.1739341354157481
Model,0.07692629105537102
Model,0.1116572036392314
Model,-0.030348810596742493
Model,0.23696895227783102
Model,0.18159733887101495
Model,0.13778990633378727
Model,0.11364945859015985
Model,0.09823313445151849
Model,0.13903006396298953
Model,0.11584930163429202
Model,0.18501089780758587
Model,0.06403283025641637
Model,0.06512932726903636
Model,0.10777777559648258
Model,0.2174258519175858
Model,0.14638347264250517
Model,0.2087772987625139
Model,0.12947864689290056
Model,0.1551955144939614
Model,0.15679427625875142
Model,0.07340370552196948
Model,0.06123896114270691
Model,0.20492833699935523
Model,0.16162879238426356
Model,0.14732494760915188
Model,0.10783519992062879
Model,0.07804855993360182
Model,0.2486745321099442
Model,0.10613055286333045
Model,0.20399882415996878
Model,0.11592911325037947
Model,0.022383978268507465
Model,0.008197729138360504
Model,0.03504842632723226
Model,0.17182099686285593
Model,0.15899624074980567
Model,0.1321185618605768
Model,0.08570569614104204
Model,0.09669427987325152
Model,0.037645227534316456
Model,0.019890376025086115
Model,0.11664618895604059
Model,0.03710015594892807
Model,0.13365373058595517
Model,0.08699734886088631
Model,0.04335881395882188
Model,0.14093479291518266
Model,0.07449668692372982
Model,-0.02143297526349988
Model,0.2249186368557389
Model,0.1294369358681516
Model,0.07910111629577515
Model,-0.07092468458806128
Model,0.042686360403313944
Model,0.0971524017710351
Model,0.08177070048873372
Model,0.09830148715770895
Model,0.10597029783521078
Model,0.0047834120865250795
Model,0.13675543456571956
Model,0.10385014460637018
Model,-0.017788703226325503
Model,0.12079272448285636
Model,0.05443520510077077
Model,0.1681760852552178
Model,0.0947006128836369
Model,0.17527009212851125
Model,0.1421460127219176
Model,-0.12315301904444444
Model,0.15499099069082886
Model,0.06238495924799736
Model,0.10358625962715615
Model,0.07229336308795073
Model,0.15194642224838104
Model,0.12531635474201827
Model,0.20795674839678946
Model,0.25899327399339966
Model,0.5039372408270437
Control,0.30356582258324427
Control,0.23934414261825376
Control,0.001155766887941223
Control,0.200579170000593
Control,0.17927617811439028
Control,0.06579040158685365
Control,0.17882083876342944
Control,0.19642960599965206
Control,0.3062133082046423
Control,0.030551056598739884
Control,0.049878958209834096
Control,0.2102167292715049
Control,0.0069375376371768604
Control,0.034960958271919695
Control,0.16272271490150203
Control,0.1133565359158128
Control,0.09908112481552092
Control,0.13961803846667573
Control,0.16155351430941853
Control,0.12051215419003797
Control,0.12140018179796741
Control,0.06790235821352886
Control,0.11986820594124173
Control,0.21438379099004912
Control,0.2379774931681196
Control,0.13225381569718836
Control,0.041730508623580354
Control,0.14095555500043275
Control,0.09000853564561143
Control,-0.00016121813817701613
Control,0.09608417736115132
Control,0.4328422958369771
Control,0.19483710013105718
Control,0.12703801663291364
Control,0.184930506491475
Control,0.07315133879150168
Control,-0.015136361786620145
Control,0.12440563484179137
Control,0.06815083814969697
Control,0.19952095285838795
Control,0.09976603016008104
Control,0.044132991977359926
Control,0.09453446191290152
Control,0.13853798622271687
Control,0.11888562397015931
Control,0.13876303515439578
Control,0.2100593028392813
Control,0.21806028827509882
Control,0.14285449213540405
Control,0.186524579756236
Control,0.10764032110588476
Control,0.07606875477825917
Control,0.12903340531299215
Control,0.1488048469475413
Control,0.16607529449888164
Control,-0.21442742491246863
Control,0.008613133709566262
Control,0.16071949249658826
Control,0.12895700172702873
Control,0.19928668666975685
Control,0.12651119038147005
Control,0.20243419412785152
Control,0.10888786632214634
Control,0.21105573448449075
Control,-0.0049216704092164
Control,0.1445236847950862
Control,0.19244690776004172
Control,0.06200290164819927
Control,-0.004479645686006062
Control,0.0719061816150661
Control,0.1909195869131099
Control,0.12897657191872997
Control,0.14873035124180178
Control,0.18277582689006722
Control,0.11007492146231526
Control,0.19501131434105712
Control,0.18384842742379823
Control,0.11618526916174318
Control,0.10954555599984517
Control,0.065899569321104
Control,0.032910057998687015
Control,-0.06471753206805905
Control,0.1838545525485988
Control,0.09286615701024747
Control,0.14675965317116932
Control,0.0
Model,-0.09277794113924671
Model,0.20987295958243615
Model,0.24940493726145593
Model,0.11685441841382777
Model,0.05390342927165123
Model,0.11187858220061064
Model,0.1584128946763616
Model,0.08277087586380566
Model,0.0905778534303408
Model,0.09956853306014402
Model,0.16260503114532338
Model,0.13287252167794217
Model,0.22824062179429344
Model,0.1099493572677391
Model,0.1338219128324834
Model,0.17297289323647286
Model,0.14564780487264678
Model,0.10133062444270124
Model,0.04936840203294787
Model,0.165632940587923
Model,0.13011912624439934
Model,0.16835028391617995
Model,0.14379248159253347
Model,0.17508973365643352
Model,0.24153988177959734
Model,0.1723113554377221
Model,0.14009162441411016
Model,0.16325833792138925
Model,0.30951860809538806
Model,0.05618461498049987
Model,0.09355590421885021
Model,0.1275599558350766
Model,0.1911438401859075
Model,0.17371852528158507
Model,0.21997792159966134
Model,0.10341586722445198
Model,0.1838807650367286
Model,0.22398144132981998
Model,0.09757411519819278
Model,-0.01890395310943077
Model,0.05507513299301983
Model,0.2731984743439367
Model,0.15765163624698633
Model,0.09984226576327748
Model,0.1849753687878782
Model,0.10373639827853728
Model,0.14618742598870657
Model,0.1383503724632986
Model,0.11520112198730775
Model,0.09374162710895775
Model,0.11980501823999412
Model,0.10482193069447374
Model,0.07167820175621689
Model,0.19662561703685136
Model,0.100084470200831
Model,0.007450299916857472
Model,0.12205545001205392
Model,0.1064797253114324
Model,-0.007685895946910937
Model,0.12316177355140082
Model,0.12781964018193376
Model,0.08601092062932061
Model,0.11900490974237021
Model,0.1416760849181891
Model,0.11344542577779682
Model,0.15942080363780758
Model,0.21125748617327464
Model,0.15904293092198196
Model,-0.05128436054673083
Model,0.07961577442843248
Model,-0.043817115301804155
Model,0.14068745224505097
Model,0.06547144729822643
Model,-0.016104476374793064
Model,0.11436986458075615
Model,0.04926870565616434
Model,0.19500115324422268
Model,0.09764283596472598
Model,0.09540270476569829
Model,0.11916056265400404
Model,0.26970930561971507
Model,0.0
Control,0.33042010960637397
Control,0.30769909012942276
Control,0.22153994856337908
Control,0.08235575230491071
Control,0.18989358192835096
Control,0.17380154584695395
Control,0.19106209450873773
Control,0.18627647518978738
Control,0.15193884667744206
Control,0.1039989415884284
Control,0.15353820887430586
Control,0.041229006040056415
Control,0.2121414970793453
Control,0.044879258941514316
Control,0.13678260391771196
Control,0.19879704680596974
Control,0.1696127677043545
Control,0.060917583862143104
Control,0.0687221659465777
Control,0.17790308764148316
Control,0.12736567805044627
Control,0.0848957256329897
Control,0.12726005270595403
Control,0.1386949100356171
Control,0.13152018624670397
Control,0.14515002568562824
Control,0.01281157983186651
Control,0.1618014568734993
Control,0.16906866275081397
Control,0.1460665306252912
Control,0.08799509712419115
Control,0.11311046468507219
Control,0.09157834297571424
Control,0.16429312292947418
Control,0.22576359867916726
Control,0.16103026686171892
Control,0.1145031676776167
Control,0.18657588387279875
Control,0.10814960531832252
Control,-0.04226122917804695
Control,0.08618989397450832
Control,0.11975330360225481
Control,0.08166570939879483
Control,0.17196399285774697
Control,0.10184989060579466
Control,0.15998855695012154
Control,0.08734469323386845
Control,0.14993585073030913
Control,0.12883229080251227
Control,0.0267483914310451
Control,0.11150899632452854
Control,0.2083423269233576
Control,0.016878321617343345
Control,0.04167433872137846
Control,0.1480376695177893
Control,0.1640195091698348
Control,0.10870468981954434
Control,0.17520553053023424
Control,0.2584077005535198
Control,0.19601103533869205
Control,0.1886991706314427
Control,0.002504932707634522
Control,0.15691040325058475
Control,0.09992329199843053
Control,0.17557019799316476
Control,0.14998972987384432
Control,0.29994261490727214
Control,0.17770803732218152
Control,0.1779599211021942
Control,0.1671648966428827
Control,0.23022723091618802
Control,0.1193787655569904
Control,0.1455711693800944
Control,0.18877067374545195
Control,0.08026374170479836
Control,0.1668037881819301
Control,0.05706125212087809
Control,0.03326709320978441
Control,0.07689302913852888
Control,0.04617996206517472
Control,-0.10785308051667483
Control,0.035571128096734655
Control,0.12011361886293462
Control,0.20695510290671085
Control,0.27267511154098256
Control,0.2493438688807663
Control,0.28347406950815596
Control,0.4590435571628005
Model,0.2004133436326332
Model,0.24078381500116558
Model,0.2547806591759026
Model,0.2054336351428675
Model,0.0188790941849733
Model,0.09452841871956918
Model,-0.09330121270788952
Model,0.2247883824334628
Model,0.18553115106878204
Model,0.16640473382263013
Model,0.1264190625320443
Model,0.14819573851067616
Model,0.15335192395957684
Model,0.13145755392518996
Model,0.2192337205976148
Model,0.0857402371988116
Model,0.11143853047752592
Model,0.07425444321488855
Model,0.14369278076367503
Model,0.06483430248439112
Model,0.04632653334201908
Model,0.12022471514301025
Model,0.11730509205672524
Model,0.12073554223197758
Model,0.18012739942225325
Model,0.12187786817284862
Model,0.23390252959635213
Model,0.17071885727719718
Model,0.1889346254576276
Model,0.19946946733638463
Model,-0.07369323046576884
Model,0.22634540367020145
Model,0.08054176242056499
Model,0.0006325376472345601
Model,0.1438351785857542
Model,0.0999325541748251
Model,-0.18449440130023254
Model,-0.07671905573926777
Model,0.1976918132275908
Model,0.18359459031252826
Model,0.15423918780408707
Model,0.17559955989238013
Model,0.15228964572766154
Model,0.2073028968728107
Model,0.07124144921999181
Model,0.08709367740911783
Model,0.1584926043598681
Model,0.1402203032005591
Model,0.16646314544422572
Model,0.099302903864296
Model,0.018914965881551782
Model,0.14480644750222982
Model,0.19332727274900027
Model,0.14699424349743387
Model,-0.029379001429248403
Model,0.03269235804726847
Model,0.07611567818600198
Model,0.1687791521599726
Model,0.05022859001903898
Model,0.12604873674769065
Model,0.11115641624499592
Model,0.19396642524927624
Model,0.008610289498183488
Model,0.1663830923529107
Model,0.048894685447016695
Model,0.12022297823575298
Model,0.051709655003669946
Model,0.09767615104067154
Model,0.07150394169649021
Model,0.14739496971053823
Model,0.13509553916744035
Model,0.13157307782699432
Model,0.09359567181322487
Model,0.03773472221400029
Model,0.14170240212975269
Model,0.133463191215277
Model,0.003468052333546856
Model,0.16347138339460493
Model,0.1796628258034271
Model,0.194060698267874
Model,0.20236981898512996
Model,0.17984999023552323
Model,-0.014117673089273
Control,0.3977921326689364
Control,0.3789904682399703
Control,0.0735138032082863
Control,0.2820683527683866
Control,0.18517670264610878
Control,0.15525801670856967
Control,0.1331395612512544
Control,0.1354230041620856
Control,-0.0023959373417772323
Control,0.17507820397848
Control,0.10510249028902258
Control,0.11310013573836852
Control,0.2024172068705394
Control,0.15988765618739986
Control,0.2002718480534378
Control,0.15635536240627665
Control,0.10384415284447049
Control,0.1262019159004441
Control,0.12071436404384497
Control,0.0707607854037248
Control,0.15520725454906686
Control,0.16914199387349413
Control,0.1197935900294794
Control,0.18053478766710332
Control,0.19369280657241975
Control,0.161106749388951
Control,0.07800796697769674
Control,0.15598540096112848
Control,0.13147901784350374
Control,0.12259581136862968
Control,0.17384648243320427
Control,0.14439927255828244
Control,0.19866660911768444
Control,0.14511645199064427
Control,0.1000541927025071
Control,0.1428041293336662
Control,0.15561268281777169
Control,0.0945179811953967
Control,0.2090846120713148
Control,0.13531952544864073
Control,0.036524190020268826
Control,0.1800079687250365
Control,0.13622990978202693
Control,0.20356723071473629
Control,0.09783893092685986
Control,0.30061518494766554
Control,0.06708908898375904
Control,0.06549675648029035
Control,0.13092603824343302
Control,0.20319944772964868
Control,0.1101458525843711
Control,0.14272847063964028
Control,0.18572860112291248
Control,0.07067299613452943
Control,0.21263011296590167
Control,0.18304878200841457
Control,0.14367588201627018
Control,0.19486624580561915
Control,0.11678964690354088
Control,0.08387588019355086
Control,0.09226354229011663
Control,0.15399297251217609
Control,0.08869643135613023
Control,0.1332529331396522
Control,0.2068766253183252
Control,0.12365388046273151
Control,0.06421023394617617
Control,0.22284635040938125
Control,0.17559852568202194
Control,0.19305046877866336
Control,0.15236444191523352
Control,0.15938886325627796
Control,0.18437368242504074
Control,0.1298630617002447
Control,0.1959720270556617
Control,0.1265996699216241
Control,0.15831422699467923
Control,0.11504380698985478
Control,0.1510598381759065
Control,0.12471279990314241
Control,0.21916114154335117
Control,-0.01014046671664301
Control,0.18594419530934445
Control,0.21541407076411423
Control,0.16335590215298113
Control,0.1814314573504853
Control,0.21379293167471486
Control,0.10092230039828329
Control,0.2331282256571877
Control,0.2530193739511496
Control,0.2182495677750246
Model,0.01943500836690268
Model,0.19724633276396103
Model,0.24328798248350553
Model,0.1692167932506123
Model,0.2668579646709106
Model,0.22786614036347425
Model,0.017821096191172364
Model,0.06581056436966096
Model,0.20777008459055035
Model,0.1269672352866318
Model,0.11258691190477199
Model,0.14516727368834295
Model,0.12348998011553966
Model,0.08655167675868855
Model,0.05859994855081227
Model,-0.055213630797472296
Model,0.012046856226331004
Model,0.14328915817681762
Model,0.03699830762518688
Model,0.03152493662392944
Model,0.035069972841503094
Model,0.14239695279494577
Model,0.21832209380308254
Model,0.16240854327096588
Model,0.24061517944038244
Model,0.027655620638742107
Model,0.2561024279897428
Model,0.17961818797133838
Model,0.0931718752136996
Model,0.04372156756112938
Model,0.14010079229954492
Model,0.16186390048019594
Model,0.19343250332070036
Model,0.16127803984825959
Model,0.16642831108110273
Model,0.20390290706319822
Model,0.06364193648398919
Model,0.14432529688147266
Model,0.19490387381252766
Model,0.21273349851801773
Model,0.2773941017712239
Model,0.1126340706079966
Model,0.08006900090437669
Model,0.07132861978367153
Model,0.08507427802452674
Model,0.11054931921570862
Model,0.1358669863363838
Model,0.18091537721180995
Model,0.10275992741154188
Model,0.1452980894707517
Model,0.10516403444368835
Model,0.08379072249932432
Model,0.11936858266492353
Model,0.10942785250834927
Model,0.09604020873572647
Model,0.13911565198015877
Model,0.11512352590975555
Model,0.12969491992108398
Model,0.1032605835692407
Model,0.12496034018570762
Model,0.08321817277400123
Model,0.012056249439915678
Model,0.0906812258920276
Model,0.13325046708884178
Model,0.10199148333325167
Model,0.06382353821459952
Model,0.08367447244416643
Model,0.15542427087441468
Model,0.11688797808809823
Model,0.13978691005387833
Model,0.233250185664548
Model,0.15439769243582702
Model,0.11418964000317033
Model,0.12427656108320356
Model,-0.06553365072544867
Model,0.15791073039489714
Model,-0.09636774868470768
Model,0.15227962669853115
Model,0.14139137791683573
Model,0.15508569781995538
Model,0.15648238661562985
Model,0.1048516516834331
Model,0.30915321647257044
Model,-0.07294009919948004
Control,0.4034559430353086
Control,0.5217687362013852
Control,0.30509200901490785
Control,0.044391527888235305
Control,0.1620618334847815
Control,0.18278377842876556
Control,0.15693977046571048
Control,0.23259665003854166
Control,0.16943334004817867
Control,0.17989435815226404
Control,0.12783283174635973
Control,0.033625249147680975
Control,0.2068112915840702
Control,0.1671238404053908
Control,0.15759212569382408
Control,0.2207085586577621
Control,0.10346986212193499
Control,0.24546484670777255
Control,0.14750403770502066
Control,0.13664219743564907
Control,0.1455828011235266
Control,0.22481043601913198
Control,0.15455002689042618
Control,0.16822684967398244
Control,0.11783229440882584
Control,0.17070618919704272
Control,0.15813339872902452
Control,-0.005542698246712413
Control,0.1399532071456994
Control,0.12101481697099531
Control,0.12874573083758487
Control,0.10536165939126924
Control,0.10244665735940073
Control,0.1490747490056781
Control,0.13435320451506802
Control,-0.029836730016115115
Control,0.1934548366561515
Control,0.17158074642104848
Control,0.14954239548648082
Control,0.15490018789850618
Control,0.1751793731946743
Control,0.12903161870197308
Control,0.17275801310969835
Control,0.12083335498237821
Control,0.16175229626488657
Control,0.08784490996512812
Control,0.13294000596372846
Control,0.11606165836487325
Control,0.2349612391247531
Control,0.09481956275676273
Control,0.045734692111594755
Control,0.16048298299379044
Control,0.10574131067779949
Control,0.15213325005045436
Control,0.1257940097530284
Control,0.14909659699851455
Control,0.17849621485706954
Control,0.14478780553492415
Control,0.19841051925650677
Control,0.15251536645751065
Control,0.13626412723375403
Control,0.15600806574358989
Control,0.14654145060042742
Control,0.19652561306820535
Control,0.08114658231320587
Control,0.07886362926351317
Control,0.05681839774683567
Control,0.11161551587159019
Control,0.15007049556294144
Control,0.1075488569478659
Control,0.0966191407430132
Control,0.02750820413215238
Control,0.15612865823301317
Control,0.16656845708355855
Control,0.05077598704940897
Control,0.1756466847731251
Control,0.05575400504513062
Control,0.04416833726591621
Control,0.10678399752082104
Control,0.08093438997715213
Control,0.05741938918729292
Control,0.2358310922996921
Control,0.18113444215610805
Control,0.20832883700346339
Control,0.14354034238302857
Control,0.13448539253328426
Control,0.09636353675604134
Control,0.1320243368180699
Control,0.1290954334812951
Control,0.15357436902546961
Control,0.19498910247415735
Control,0.20211676796410263
Model,0.18664622359982833
Model,0.1066374089008191
Model,0.4262826836095871
Model,0.12340851279272552
Model,0.05444517376165059
Model,0.09464375570067593
Model,0.2103754635505719
Model,0.2286679520123247
Model,0.0010735568660025785
Model,0.019410167250744875
Model,0.06562748587915598
Model,0.17964172868292735
Model,0.17458431789840476
Model,0.10973552078706364
Model,0.1472812744818935
Model,0.028482250412438098
Model,0.10334877585088928
Model,0.1263425806028521
Model,0.16624483615658356
Model,0.15591531719518215
Model,0.13709735139423657
Model,0.15476741719006695
Model,0.1634014307987464
Model,0.13900962993585675
Model,0.19558560515991688
Model,0.10947772976812578
Model,0.097061378900024
Model,0.12460451746731169
Model,0.12033780787966591
Model,0.20393169457830046
Model,0.10065500067760844
Model,0.07200992439635753
Model,0.1997100776653226
Model,0.13713081212612566
Model,0.2092202958986246
Model,0.11161678610836781
Model,0.08941821390171115
Model,0.1577527483171444
Model,0.09911669377100507
Model,0.05844402432840404
Model,0.08041125489450748
Model,0.15330467960374677
Model,0.13207489139127362
Model,0.1018865378936929
Model,0.16595580599113982
Model,0.09322610560601105
Model,0.1346017562160258
Model,0.010323935860109712
Model,0.12043327046610172
Model,0.14636038006215857
Model,0.18221800702072705
Model,0.12784724583726795
Model,0.14889257966874037
Model,0.06806558609806176
Model,0.14646183460984075
Model,0.11998915220449868
Model,0.010063031113134446
Model,0.05054470999716648
Model,0.09231312179246476
Model,0.12850012009757816
Model,0.18454752558449838
Model,0.1873292363474069
Model,0.11027528383792973
Model,0.15908449655658294
Model,0.0443850601530128
Model,0.09544693745896968
Model,-0.018123663455214656
Model,0.14431342725105242
Model,0.07891490414256902
Model,0.0770531096054426
Model,0.0842625874207836
Model,0.17828341843425363
Model,0.18936927462102576
Model,0.088294403675275
Model,0.15403402250347328
Model,0.07347252795528808
Model,0.18666764339608624
Model,0.09467382328698998
Model,0.18902126961328514
Model,0.14266133893160785
Model,0.04545115088938073
Model,0.19041231311151682
Model,0.0035341083671203977
Model,0.3135995888789761
Model,0.3127280303599975
Control,0.46462660090979124
Control,0.28785682389037137
Control,0.22865448614692477
Control,0.2692693491843233
Control,0.16524540846430208
Control,0.14939755354172143
Control,0.18982986967964982
Control,0.07508098295035301
Control,0.09908270988708887
Control,0.1935788289360378
Control,0.18814963667156173
Control,0.16659370712611987
Control,0.2689845547362447
Control,0.052254510962444795
Control,0.23659177036455512
Control,0.16948636877895598
Control,0.15005569832779492
Control,0.06854640095263154
Control,0.009629018463551547
Control,0.1816451731599959
Control,0.21748996339115412
Control,0.14776296705971065
Control,0.20171677547952402
Control,0.14868404846659206
Control,0.15950348212434565
Control,0.14648587169455843
Control,0.13393956044047173
Control,0.09275924514900213
Control,0.15363581124755452
Control,0.10559394772900654
Control,0.057393591140823624
Control,0.14743561781901313
Control,0.1501467003338579
Control,0.08126388172906646
Control,0.15731683184071926
Control,0.1896044075688391
Control,0.0036060867235147565
Control,0.11364538494161139
Control,0.11561101907604646
Control,0.04979228707593156
Control,0.1070314295581618
Control,0.1258166813797244
Control,0.1373055041035681
Control,0.13970023028162143
Control,0.12561301144469142
Control,0.1080493888461603
Control,0.06709656109379286
Control,0.11208665370941162
Control,0.10225505759750589
Control,0.07824688711293964
Control,0.11321833540364651
Control,0.1385526110894704
Control,0.14680024426650573
Control,0.16475138031652273
Control,0.16899676120932416
Control,0.1722706154968959
Control,0.1640622726119349
Control,0.10078546188879703
Control,0.19308622970496003
Control,0.17654237034860396
Control,0.1379170064277606
Control,0.06765124457602784
Control,0.20102362196846818
Control,0.1270504315428378
Control,0.13164458559242512
Control,0.2684298086591655
Control,0.10571520258085915
Control,0.04946849304962586
Control,0.15777503739764193
Control,0.0969295483767787
Control,0.1540848694517461
Control,0.14125684392093416
Control,0.12224133902435985
Control,0.05738513399260231
Control,0.1448474920447189
Control,0.06326881692295222
Control,0.12939132741728224
Control,0.0023101959605945077
Control,0.13735898827496448
Control,0.13649698856017792
Control,0.18965867238167006
Control,0.12597957768434934
Control,0.1396163652174449
Control,0.1157169484906106
Control,0.21014417985344144
Control,0.10297140190035203
Control,0.11184878678890642
Control,0.2063321992837997
Control,0.10521102815434555
Control,0.15439922408249596
Control,0.2293692896331566
Control,0.21372139414018612
Control,0.06465358738117793
Model,0.14928030250064506
Model,0.03056693156826057
Model,0.11638912110025668
Model,0.13781133809084348
Model,0.13957179828631042
Model,0.130429261171964
Model,0.09882168493409091
Model,0.17075391557304356
Model,0.18301456243032327
Model,0.10091319404451077
Model,0.04274695905687553
Model,0.14011122497294926
Model,0.16212258158187273
Model,0.10520192013935101
Model,0.07304788466414214
Model,0.07727023304638386
Model,0.028803617725670028
Model,0.038810879158202916
Model,0.11799410248015368
Model,0.15070728660294314
Model,0.1136464244678799
Model,0.09425277242160829
Model,0.09650691230693123
Model,0.1407626116421975
Model,0.13513035984209418
Model,0.0718551297384494
Model,0.09823817559575027
Model,0.16170420375556052
Model,-0.0357035423401606
Model,0.12226448595988978
Model,0.12130963144493742
Model,0.18220554812164477
Model,0.17755314445282971
Model,0.10956929818443631
Model,0.13231049904988096
Model,0.09955646860160955
Model,0.056860042588500775
Model,0.1349136579528434
Model,0.17681918654553466
Model,0.10640281757782136
Model,0.09652679965913363
Model,0.2322635253270467
Model,0.15181019128099862
Model,0.0518242254969534
Model,0.14837713424976057
Model,0.12835969999349506
Model,0.13404289947837225
Model,0.030019882597120573
Model,0.12710569946795136
Model,0.12107208434288849
Model,0.09864606101111556
Model,0.050660768878898504
Model,0.04012471836147499
Model,0.07273249250059013
Model,0.12852259310857378
Model,0.011256482423082775
Model,0.09674674843997591
Model,0.15774151593147712
Model,0.09184242171986048
Model,0.0769558835321977
Model,0.015524574080970105
Model,0.12859049436107794
Model,0.03929876045239808
Model,0.04924215859792702
Model,0.14909000380780785
Model,0.13027100672025477
Model,0.028260995445974435
Model,0.14434348819247855
Model,0.027908564211931525
Model,0.11641956737873416
Model,0.14155017678421344
Model,0.14656545047377265
Model,0.07746806744083246
Model,0.08260660725692442
Model,0.1696138189256258
Model,0.03237635435467978
Model,0.10230069375755796
Model,0.04761793508444612
Model,0.18044771983339106
Model,0.19260219865818087
Model,0.02890246541736652
Model,0.12260599671930505
Model,0.1570708023398749
Model,0.2997344162153161
Model,0.1903195802450446
Model,-0.061752689323297714
Control,-0.04138196670889456
Control,0.0995506844924578
Control,0.2803784062631154
Control,0.139976291486385
Control,0.05665578963100046
Control,0.2469165169674417
Control,0.14778910366322018
Control,0.1733377650961562
Control,0.20508180095200554
Control,0.27016138738081474
Control,0.12614764849610682
Control,0.19422857019813564
Control,0.0725040579320595
Control,0.19753806381055475
Control,0.1463762246645414
Control,0.15869248564559613
Control,0.24217596181658996
Control,0.006662163713172381
Control,0.17445913498749832
Control,0.19836657408753633
Control,0.11747816514012008
Control,0.18369287923559827
Control,0.1316095210503841
Control,0.13023919445216456
Control,0.1699234097033174
Control,0.10960832135201565
Control,0.112085251837404
Control,0.0400744103800626
Control,0.16242274259909606
Control,0.25161798569138105
Control,0.22763459007343986
Control,0.02959891499218467
Control,0.1934267807432109
Control,0.21611891555679813
Control,0.05699862445078566
Control,0.025033895453747568
Control,0.16175667365126256
Control,0.08332729133608083
Control,0.0495078513853526
Control,0.164060907220362
Control,-0.00615363741665248
Control,0.035174814753707845
Control,0.22829051599853414
Control,0.131403136545732
Control,0.16307732638972527
Control,0.11069517842636192
Control,0.17400528063609316
Control,0.19882881574939057
Control,0.11704448785803123
Control,0.12435669856459533
Control,0.14300251950654166
Control,0.15950579135580076
Control,0.14169544147674323
Control,0.14126191649548583
Control,0.15456927693142672
Control,0.15503595704617706
Control,0.10966441457221074
Control,0.2195868999795903
Control,0.09825200287660496
Control,0.16369288528510428
Control,0.1731852815302718
Control,0.04433469469331977
Control,0.24222213501648493
Control,0.2287479661645964
Control,0.1461036243832098
Control,0.1884945668238594
Control,0.08485494941107535
Control,0.021074624231693595
Control,0.1353112719662346
Control,0.20275349813693075
Control,0.0682728739752286
Control,0.155816006687041
Control,0.1644053441890772
Control,0.21905636348851948
Control,0.15430116560413953
Control,0.15123237162795222
Control,0.07015965548380293
Control,0.0639976291619283
Control,0.10025618274342124
Control,0.23765751191206202
Control,0.17399597898906422
Control,0.14977069788819042
Control,0.11243303596906967
Control,0.13525289157561235
Control,0.049777448110888745
Control,0.11916080645494237
Control,0.16703639593943037
Control,0.12422348185127793
Control,0.15861391476298387
Control,0.12757830117458485
Control,-0.22919420733499687
Control,0.1284515645724608
Control,0.17738942478014075
Control,0.2755642413029835
Model,0.04056276724888727
Model,0.1521171049662391
Model,0.12851988684506452
Model,0.18227475276891733
Model,-0.0030210597592187083
Model,0.10226638965649218
Model,0.1574510496728529
Model,0.11781558484138055
Model,0.00453743727310843
Model,0.09187663299184182
Model,0.17495299807626138
Model,0.038996635139852326
Model,0.15652512494005355
Model,0.06881760295019501
Model,0.04481052362267657
Model,0.2708001341442333
Model,0.14244533289502165
Model,0.15764582329902094
Model,0.1400866160291759
Model,0.09616704276838697
Model,0.1430515708731967
Model,0.1101977931483002
Model,0.08023904272279345
Model,0.19029684569125987
Model,0.12244591279704964
Model,0.13094389837322426
Model,0.12608960739346253
Model,0.12064678267624596
Model,0.09458568655660451
Model,0.12000694336035311
Model,0.11885412268282447
Model,0.07609116738722344
Model,0.12132326256870027
Model,0.13326712117147285
Model,0.0919001255279932
Model,0.20747872393001016
Model,0.15598473673813051
Model,0.09977317839827693
Model,0.23971100036914533
Model,0.1714317621860483
Model,-0.03257451660789906
Model,0.1939670343197043
Model,0.15762772780729906
Model,0.28795430466217076
Model,0.018753830738025112
Model,0.061455691472077995
Model,0.1127872925538283
Model,0.08559121661627442
Model,0.03133405065589659
Model,0.11666071507975939
Model,0.12075046352718188
Model,0.1177208020269804
Model,0.27497255616097677
Model,0.13888749895552996
Model,0.0784773788058771
Model,0.041009003302724056
Model,0.05911974544110504
Model,0.03563297000882884
Model,0.08397423204370966
Model,0.13475441746621358
Model,0.08617914553602934
Model,0.12487780928213063
Model,0.05656259607444769
Model,0.1076764840479014
Model,0.0033337470546879744
Model,0.0714733195278291
Model,0.1788664208340937
Model,0.14222086299887737
Model,0.17222933040946356
Model,0.14239789902698766
Model,0.11557645157162294
Model,0.13208401389212382
Model,0.12859360576340456
Model,0.11243575950928755
Model,0.004184302611228763
Model,0.13885273064259301
Model,0.1504519893439983
Model,0.14078944954717967
Model,0.02845343179926027
Model,0.0435758395205639
Model,0.14915980264095957
Model,0.11902751864132405
Model,0.19025099609740734
Model,0.14125230140909303
Model,0.13258991492631841
Model,0.12721617830504012
Model,-0.04623437964397928
Control,-0.05286469666854195
Control,0.38563523523783605
Control,0.26602707020813804
Control,0.0767509162492444
Control,0.14288321293583153
Control,0.08776847714165781
Control,0.213414416929817
Control,0.18037619625312695
Control,0.2057385323704153
Control,0.10350367058080973
Control,0.11151873819538313
Control,0.17985179392390427
Control,0.12963364103034455
Control,0.19349048887208153
Control,0.19711442110663405
Control,0.11924621718650147
Control,0.1978788585832951
Control,0.1340399446296054
Control,0.07881302698001416
Control,0.1044418434368461
Control,0.12151944637298584
Control,0.11792605616974591
Control,0.15640197283979773
Control,0.1881106093841519
Control,0.12991030718570568
Control,0.10669738532707443
Control,0.16100540647538608
Control,-0.08923375835785499
Control,0.17632696926261537
Control,-0.05359128828564348
Control,0.09390787868329645
Control,0.19064805313629182
Control,0.13254724404750728
Control,0.06957084797696525
Control,0.006607115800298324
Control,-0.02760345335123665
Control,0.05494406603384708
Control,0.24544664888477644
Control,0.1655616816070965
Control,0.18229655770287995
Control,0.2143922750500665
Control,0.23499244684093903
Control,0.20579035824357866
Control,0.18172553085297377
Control,0.23510574948960455
Control,0.18608397145733785
Control,0.032836260803567136
Control,0.13312823211601876
Control,0.09319111714793687
Control,0.09880736227684064
Control,0.09007088994501428
Control,-0.19238912780149325
Control,0.16908661285238788
Control,0.11626778757293088
Control,0.11572138129535198
Control,0.0717914796194504
Control,0.12799566153565645
Control,0.08247619050003613
Control,0.14805228720806382
Control,0.07484889522178248
Control,0.213703951973846
Control,0.2496986680206248
Control,0.1777722749157228
Control,0.20936128620054142
Control,0.1464641830461347
Control,0.15410274898461007
Control,0.10272774489029593
Control,0.08271226157312808
Control,0.09515591475742985
Control,0.1809599430133135
Control,0.10761923401916573
Control,0.06172436263117373
Control,0.19654405515728188
Control,0.12532553066776747
Control,0.017301541772840268
Control,0.11700290195652205
Control,0.3287636177196949
Control,0.04309360505213575
Control,0.19532547600426134
Control,0.11960151821474566
Control,0.09743384121519535
Control,0.10916802616023699
Control,0.060628215870596774
Control,0.0239121396273142
Control,0.035636467346246675
Control,0.12308171560931763
Control,0.12953517110052715
Control,0.11136975794731574
Control,0.12301388113793721
Control,0.1812476104451395
Control,0.1765490860710442
Control,0.19241314628052472
Control,0.22279436107197464
Control,0.26468662474067717
Control,0.13048914151313978
Model,0.11408951941674103
Model,0.11860812042602062
Model,0.11174092882851694
Model,0.033295786433926944
Model,0.07405017411031053
Model,-0.007231446279995668
Model,0.042970691968498925
Model,0.08011549824190509
Model,0.11011445475794132
Model,0.1157534358360563
Model,0.06653569753353411
Model,-0.009782392577317
Model,0.18655153607312122
Model,0.18738553170509295
Model,0.15249208728871086
Model,0.0894925259427482
Model,0.13260479668443947
Model,0.09442717521352781
Model,0.10974543422892472
Model,0.09226445875306064
Model,0.041140197445051874
Model,0.20091007173127823
Model,0.10284774179841363
Model,0.140153704412539
Model,0.15036443922431972
Model,0.0807507321188681
Model,0.06661597881030079
Model,0.15221830953323723
Model,0.13373196045291863
Model,0.06546484626655197
Model,0.19683262217403655
Model,0.15330696185695686
Model,0.040375678103371504
Model,0.05978108967427026
Model,0.18797525753544325
Model,0.195294498201198
Model,0.11675899217492891
Model,0.08627319322647725
Model,0.17407774300612466
Model,0.1540438477676715
Model,0.1344889819688489
Model,0.019416892342477093
Model,0.05235836471336475
Model,0.16826078299030145
Model,0.09817300432900522
Model,0.12438478318345189
Model,0.19489585210381274
Model,0.1074207143374244
Model,0.1100613096751763
Model,0.09236499810032753
Model,0.10236199118753472
Model,0.12001531964028828
Model,0.11009847506498682
Model,0.18352777290769512
Model,0.13566509331083348
Model,0.10249731034339471
Model,0.09706891925305694
Model,0.09743031630149254
Model,0.1419606190195583
Model,0.06944386636134375
Model,0.03862122063386933
Model,0.10503330212107204
Model,0.11315338082669701
Model,0.047508378092660564
Model,0.06410640258852854
Model,0.14498701116844695
Model,0.14312265721983466
Model,0.17044804965373267
Model,0.17135898484832865
Model,0.1247764197214524
Model,0.10751341338141707
Model,-0.1308334041864444
Model,0.01061173213631278
Model,0.029014967423484722
Model,0.08193499899761067
Model,0.10146967809202947
Model,0.14364333522226766
Model,0.069177271530381
Model,0.14692337271096048
Model,0.14455042581760233
Model,0.1823332191443895
Model,0.12869691975007755
Model,0.01356122784789987
Model,0.1460084517796834
Model,0.20163647254042272
Model,0.10582481924373838
Model,0.1864340173759588
Model,-0.041026820307192596
Control,-0.022229733674422554
Control,-0.04345806785251783
Control,0.4727612775039248
Control,0.2793110736636414
Control,0.24097717406359007
Control,0.24308980919977227
Control,0.13921596294262736
Control,0.026295312338715293
Control,0.07549259800841845
Control,0.02847798944449878
Control,0.13378599083410325
Control,0.2088380945699005
Control,0.1711255912663812
Control,0.19234679920085965
Control,0.19214663976012264
Control,0.10204789836536948
Control,0.12011579493083552
Control,0.12830474397942107
Control,0.16704116936112726
Control,0.024235414089832263
Control,0.04690105327661487
Control,0.22090660303066936
Control,0.1846734802326896
Control,0.12665716993104387
Control,0.17577263862392975
Control,0.13365360885160824
Control,0.14302404083668718
Control,0.18463804703226588
Control,0.01617255969722667
Control,0.18054952881939565
Control,0.17959319747809982
Control,0.1804277767970278
Control,0.08925351849367785
Control,0.1509585110771749
Control,0.06717633257475716
Control,0.059768736495355024
Control,0.011676574696931008
Control,0.1307880252500043
Control,0.14337202484658199
Control,0.1482379076339994
Control,0.24858832159967326
Control,0.173528377959295
Control,0.22155153924140375
Control,-0.0014476657844041674
Control,0.05843000308327054
Control,0.07496750301607744
Control,0.05010007576001527
Control,0.14010901953464366
Control,0.22490161265284989
Control,0.13737621727329963
Control,0.07908158623919706
Control,0.055935301376691504
Control,-0.014753701163241956
Control,0.16882568564569142
Control,0.06327549815842409
Control,0.1580831135395777
Control,-0.01785868505969096
Control,0.1099720263029288
Control,0.16171742123504945
Control,0.2004820871246831
Control,0.041457688994498004
Control,0.04286754981862795
Control,0.16445360800361422
Control,0.06580856605251229
Control,0.1365619177536555
Control,0.11312426678180165
Control,0.12945587778569861
Control,0.13274041173715923
Control,0.1379777486773505
Control,0.10878645536492901
Control,0.04885277354730544
Control,0.1608030563479948
Control,0.19458780227563321
Control,0.014160748774657145
Control,0.1115471591120181
Control,0.12980928787818322
Control,0.16209306472387072
Control,0.17373476153366274
Control,0.1259698425248315
Control,0.16850827875211755
Control,0.1498647554795213
Control,0.0774836581420473
Control,0.05794904503136575
Control,0.1486963565267182
Control,0.21686894319527922
Control,0.10555582501019123
Control,0.15169183785301388
Control,0.1680022226926874
Control,0.1629990351239973
Control,0.1565509015235348
Control,0.1550473800072303
Control,0.0650333293704285
Control,0.10712911466026517
Control,0.11454532969090983
Control,0.11960344257429162
Control,0.2618755551352018
Control,0.1736476968894967
Model,0.06727280332359051
Model,0.19044645667209006
Model,0.1517503988516902
Model,0.22557829720785255
Model,0.10175334656384746
Model,0.16229563041142664
Model,0.1275146307886776
Model,0.22358273875088727
Model,0.16890065446745192
Model,0.11178064758296527
Model,0.06908364492648153
Model,0.06657354249603373
Model,0.0023676093206756454
Model,0.13930332966339895
Model,0.2228171727064594
Model,0.23468979651579758
Model,0.1886966918224475
Model,0.18797807284156345
Model,0.061742741926059275
Model,0.14449717275540833
Model,0.18640652867065224
Model,0.19861980212837824
Model,0.1524484132311682
Model,0.15892753460202597
Model,0.20465656905668636
Model,0.0931318547148901
Model,0.14633245332583936
Model,0.15168267123010776
Model,0.11873885620397867
Model,0.12723025656331213
Model,0.10854950590410092
Model,0.21343129401488714
Model,0.13606788688147217
Model,0.11416259045850741
Model,0.14228035919908166
Model,0.11090670786839532
Model,0.08848151461602322
Model,0.16445336294014717
Model,0.014509478540324833
Model,0.053424909893618505
Model,0.21482897362980158
Model,0.12486868757866698
Model,0.021138080785107066
Model,0.11027877579298836
Model,0.03286389184237323
Model,0.2207929092639
Model,0.12084565513508774
Model,0.2120957872939349
Model,0.03921479093058322
Model,-0.09679782500235135
Model,0.14650479606960132
Model,0.04336740367255751
Model,0.0806222597890873
Model,0.19730088530043963
Model,0.016049496572020316
Model,0.2294927418165515
Model,0.15233082409819365
Model,0.15875529458823143
Model,-0.1004783761341835
Model,0.06885443164353386
Model,0.08745732893513197
Model,0.15953333787163235
Model,0.2027069759475215
Model,0.10934352848176307
Model,1.146276393199086e-05
Model,-0.005069992481133878
Model,0.06686835364753188
Model,0.08519809574320694
Model,0.1582632472815455
Model,0.13785301070814018
Model,0.06792346277630318
Model,0.05085539864324276
Model,0.12059527602349904
Model,0.03853910616541917
Model,0.03729703726710021
Model,0.15920070195809388
Model,0.1459202955133274
Model,0.13334542931521617
Model,0.16206580898833514
Model,0.1001304757502034
Model,0.13568149163172796
Model,0.167153883139824
Model,0.06716302990780496
Model,0.10715938212480833
Model,0.10296238910660166
Model,0.1835546591874615
Model,0.0850588408866721
Model,0.26414158990151904
Model,0.441269314408701
Control,0.0
Control,0.4532814764790445
Control,0.3175639687573232
Control,0.3499812065824085
Control,0.3002168131512543
Control,0.059154469897781586
Control,0.2052036436106449
Control,0.22226281163418704
Control,0.07277191050741055
Control,0.14516663139347516
Control,0.03309720010395961
Control,0.2109112451174852
Control,0.04577259867220554
Control,0.1533454268539497
Control,0.17980176881537122
Control,-0.0033856963898691583
Control,0.08272722851871248
Control,0.22491298843519875
Control,0.15247200191884802
Control,0.14860841156779855
Control,0.05987650089572236
Control,0.15885722437829874
Control,0.1307457447583593
Control,0.06067888340689534
Control,0.043276648125388034
Control,0.14805258729120294
Control,0.09876658213444248
Control,0.1532047509881299
Control,0.20201839372067149
Control,0.09743972360223963
Control,0.14415117623149484
Control,0.10480859028455805
Control,0.08799160390660385
Control,0.1328556469185828
Control,0.011867108020761213
Control,0.1414141216405658
Control,0.1357029037199159
Control,-0.03828038652339244
Control,0.17711662249421595
Control,0.21465125251374514
Control,0.16190567423268704
Control,0.044870243822053124
Control,0.14527361555110122
Control,0.04138716846006771
Control,0.017431256231522724
Control,0.021889512488408785
Control,0.10146078078643136
Control,0.20936878123543864
Control,0.1622052354823254
Control,0.20300764968429788
Control,0.15259482841959499
Control,0.13879815152656275
Control,0.11974901598831483
Control,0.060376543530918175
Control,0.09810164667159288
Control,0.139392717360387
Control,0.0999989668395341
Control,0.013431661570218356
Control,0.14108288407724437
Control,0.1693539348334373
Control,0.08825093899815109
Control,0.1878424856309242
Control,0.012771497535599252
Control,0.11082274625399707
Control,0.126267543272297
Control,0.09975920127519927
Control,0.10671189855971067
Control,0.019086796902493902
Control,0.1623335446801074
Control,0.064439445501453
Control,0.18352897842326424
Control,0.02739974161985856
Control,0.02441161272916506
Control,0.17319671299678158
Control,0.1057490033316639
Control,0.14701062407647755
Control,0.16367377445450595
Control,-0.03737122777313692
Control,0.10863513505312641
Control,0.16613511457092386
Control,0.18254284542406948
Control,0.1620441128976369
Control,0.12509527666247142
Control,0.24944568039182835
Control,0.09719015968550276
Control,0.17305368191688225
Control,0.13740871781888214
Control,0.21870455135868544
Control,0.12355162819625273
Control,0.16535561260172357
Control,0.0443660033453534
Control,0.14411820190540256
Control,0.13726994092913644
Control,-0.11509855136424801
Control,0.1089289085389247
Control,0.10239140624585358
Control,0.26547211654475966
Control,0.08590344162689004
Model,0.15637132608505128
Model,0.13505578386610834
Model,0.2197107866057584
Model,0.20655043720534544
Model,0.07999154058188498
Model,0.2295338096161484
Model,0.11628292522568637
Model,0.08764272283683783
Model,0.07744298484944712
Model,0.09993608540117144
Model,0.07592609654302182
Model,0.08227277645963757
Model,0.04041646123596926
Model,0.1687608704784908
Model,0.16055710884506755
Model,-0.0653688057742124
Model,0.13580147332305226
Model,0.18837899228800897
Model,0.0018035259799680792
Model,0.18461886124733168
Model,0.1407707386059373
Model,0.07952338922249702
Model,0.11835936758430507
Model,0.061570934760264845
Model,0.12700439177229253
Model,0.1647025251069595
Model,0.11415830204718089
Model,0.09081985686003433
Model,0.17874777556263086
Model,0.20632586245286955
Model,0.1141713003782657
Model,0.04469375420307767
Model,0.14032416073906512
Model,0.15314584286050784
Model,0.07836907915978658
Model,-0.04522160895027577
Model,0.14433053026231235
Model,0.19759494644343653
Model,0.2085459975228793
Model,0.06368700105078112
Model,-0.009078736089942446
Model,0.20790936675757468
Model,0.030115196670311095
Model,0.1458253300974069
Model,0.15858087265903467
Model,0.20377890893581052
Model,0.20856073894096724
Model,0.24544576245672595
Model,0.19910088111724344
Model,0.1411726830927956
Model,0.12220882724891668
Model,0.09057700009383218
Model,0.13500271127907063
Model,-0.054349514320409686
Model,-0.016440523640899485
Model,0.0503397432458042
Model,0.10317778208582695
Model,-0.015353960602844302
Model,0.10354011971814975
Model,0.10079165107031729
Model,0.0942627860683794
Model,0.15990959175985922
Model,0.17208264038847174
Model,-0.019232042191950904
Model,0.12471580624979076
Model,-0.0867808833967483
Model,0.01086715983440778
Model,0.1610491859208514
Model,0.042263911785755115
Model,0.09683445504676538
Model,0.013508020170290458
Model,0.09713275981454414
Model,0.1916335269626035
Model,0.08386309576140866
Model,0.14915037075412713
Model,0.05006417329760568
Model,-0.009858502060540397
Model,0.18316174749546626
Model,0.11780423344577037
Model,0.15607892496795825
Model,0.21352489975383848
Model,0.21244287397816297
Model,0.02255019867832181
Model,0.08721961684051566
Model,0.1526359751604605
Model,0.0963052452740196
Model,0.2134911168777823
Model,0.15372109313473653
Model,0.15644824863676243
Model,-0.07807631476667015
Control,0.44625098078014325
Control,0.3781097130631922
Control,0.21791863959768545
Control,0.1825534533231686
Control,0.22045414982033415
Control,0.10061882909723749
Control,0.12693658215279296
Control,0.18445879413664273
Control,0.15739988509893685
Control,0.2107264066619618
Control,0.10870195677713673
Control,0.11933503023358094
Control,0.050222583638385776
Control,0.15578148596262853
Control,0.15590876520278063
Control,0.08972800874391129
Control,0.1984655776018549
Control,0.15674592433300039
Control,0.17354220929353134
Control,0.11322452598059327
Control,0.11023315857086691
Control,0.12924385369820737
Control,0.049473592004382616
Control,0.21429874878397487
Control,0.11169674484227413
Control,0.076069605789057
Control,0.10996493653974673
Control,0.13730883133185479
Control,0.09806486303059422
Control,0.11026507350247572
Control,-0.039549311998828746
Control,-0.021491218702981846
Control,-0.0841718726400016
Control,0.18478311982043213
Control,0.09796829765855669
Control,0.15062459270026504
Control,0.258170733882432
Control,0.14640290986999888
Control,-0.03617798311920334
Control,0.05155148088865588
Control,0.19470690949970532
Control,0.016513570694620394
Control,0.13034871908334586
Control,-0.06315488972126973
Control,0.22025884898875736
Control,0.10174241246719953
Control,0.09466615030199388
Control,0.036239284536112915
Control,0.07700854732572965
Control,0.09678058175073151
Control,0.043360225399468155
Control,0.07928947833602376
Control,0.10461018629031568
Control,0.1030360035008544
Control,0.20748194962440925
Control,0.20503745868453213
Control,0.16467572693840715
Control,0.12324434684936286
Control,0.161893377668217
Control,0.008811142864567523
Control,0.009017821870652865
Control,-0.07110614172591015
Control,0.058621196643165924
Control,0.052741786242860356
Control,0.28767042229141015
Control,-0.074290688354169
Control,0.12652556619782382
Control,0.11033068991026351
Control,0.12777516116266666
Control,-0.012100423525275461
Control,0.025651106600511564
Control,0.07485928543435291
Control,0.1659367016725317
Control,0.11261765720320654
Control,0.04154627465351238
Control,0.12222253890872134
Control,0.15573908054709035
Control,0.06159220404981103
Control,0.01095351227948499
Control,0.12883149620681303
Control,0.1110713359637138
Control,0.18368112363145503
Control,0.07509747562865618
Control,0.18908769403944578
Control,-0.028208756725923684
Control,0.19238120443711978
Control,0.19570532344788344
Control,0.09619349513697117
Control,0.07228772410315146
Control,0.14714268045946377
Control,0.1167859476944276
Control,0.10054329320074057
Control,0.1845117616015533
Control,0.17631045844376816
Control,0.18940870551892877
Control,0.2589535002192792
Control,0.21464516034758876
Model,0.2305804534899351
Model,0.17222810296576427
Model,0.1293890246313684
Model,0.22780730054530013
Model,0.1944773007130277
Model,0.13258035924522374
Model,0.15926279684107172
Model,0.22512359550033792
Model,0.15246888028339398
Model,0.07030232780620274
Model,0.17825583297937878
Model,0.06494788760724274
Model,0.14833756367631312
Model,0.08288497350686369
Model,0.01793343107835904
Model,0.15360170569574025
Model,0.054132201134693386
Model,0.06806125489365697
Model,0.13836023254670957
Model,0.12040556719736378
Model,0.2375611295402382
Model,0.1373426253713227
Model,0.14361344385838162
Model,0.17514741115081003
Model,0.1113409871108822
Model,0.17317490208241984
Model,0.07323399588150056
Model,0.1543721241031336
Model,0.20361069306614937
Model,0.0998211687756754
Model,0.15738245103936
Model,-0.10495272720670752
Model,0.1200834882830829
Model,0.19098246031115815
Model,0.049816601451822734
Model,0.059984173995329515
Model,0.21687739602432335
Model,-0.012680795679124307
Model,0.19376973058600622
Model,0.1419877486351209
Model,0.02395541784888261
Model,0.01835140549352471
Model,0.12790274141624222
Model,0.07698876110872166
Model,0.21536016278176534
Model,0.16801014525967428
Model,-0.06940947494645051
Model,0.0950870168381843
Model,0.18556602543413042
Model,0.16920189049464535
Model,0.18058423081635103
Model,0.2538758852542975
Model,0.09063170898452383
Model,0.03724619217939601
Model,-0.03829157179680423
Model,0.18134708707547906
Model,0.2237295515694081
Model,0.11107638109487833
Model,0.10415814180703734
Model,0.12934806202034754
Model,0.20420309731792846
Model,0.04807121133060094
Model,0.17090624032610635
Model,0.12805919078414388
Model,0.1328190429553539
Model,0.13703181299743314
Model,0.06828483477351127
Model,0.08086711161644294
Model,0.14319920473407075
Model,0.06723498773149555
Model,0.10727152072200538
Model,0.16319850482536666
Model,0.19794228363993974
Model,0.1244868947112042
Model,0.04550691631725401
Model,0.16956659038462898
Model,0.14213017888425317
Model,0.1353407069592173
Model,0.14954345760536833
Model,0.10405806368144191
Model,0.11609540084001083
Model,0.10175212915392892
Model,0.0185649976416708
Model,0.08684832070317686
Model,0.19548643897874168
Model,0.11227712118240235
Model,0.0432791678668929
Model,0.056536982423618626
Model,0.176155792696686
Model,0.14810678286430162
Model,-0.08170775984441955
Control,0.46903118614103223
Control,0.27749788894036675
Control,-0.15471288113291048
Control,0.21214927545226406
Control,0.13906765435983237
Control,0.19913236167252793
Control,0.20269683319057777
Control,0.15141921032764175
Control,0.10488552120882799
Control,0.05614247662300781
Control,0.00403971489988178
Control,0.19428685663004253
Control,0.09927596190036869
Control,0.1573806615710391
Control,0.11301058457713731
Control,0.14375530610249326
Control,0.09198668741993812
Control,0.2238658669268673
Control,0.18167033349657008
Control,0.2636515090829685
Control,0.10681947205244766
Control,0.2062674376743959
Control,0.14341202188893704
Control,0.20344447903542745
Control,0.11350046864055602
Control,0.09765659380650174
Control,0.1671492516529334
Control,0.10420301473526122
Control,0.108773324933472
Control,0.24706651694001164
Control,-0.07669717345880958
Control,0.09966527691387145
Control,0.1347436571333852
Control,0.19037127893505287
Control,0.21316224011024634
Control,0.1905271516595796
Control,0.20152034395381627
Control,-0.050997588646451764
Control,0.014884306236254335
Control,0.21794935957909695
Control,0.14145449438488472
Control,0.20182883938818075
Control,-0.05668240057983526
Control,0.11836948216692392
Control,0.1389582445523146
Control,0.1629544675948229
Control,0.15613262629429234
Control,0.12309379495240105
Control,0.03249813162762186
Control,0.09955785891151217
Control,0.12310459661643242
Control,0.07501821175068119
Control,0.07709286975754276
Control,0.1824891128667621
Control,0.14667849689555937
Control,0.1625866420824525
Control,0.28551812754028216
Control,0.1018021694792553
Control,0.15545291233488018
Control,0.10042030390023918
Control,0.21323414842952187
Control,0.24250797922395942
Control,0.07441291083460269
Control,0.1381925039466807
Control,0.03747317258065097
Control,0.15468996065516136
Control,0.13938660353189597
Control,0.137580852976345
Control,0.11361680720562123
Control,0.08494166991649532
Control,0.13074049954961905
Control,0.08511643252909651
Control,0.2379377127491112
Control,0.1851605401522871
Control,0.11703499656590063
Control,0.22575149793954466
Control,0.17269015750757427
Control,-0.01563115788409808
Control,0.12661681273576278
Control,0.19191672796655526
Control,0.16572767941316502
Control,0.15674489676753015
Control,0.12581747105820654
Control,0.18074556072154305
Control,0.1399494069342895
Control,0.15167875353707916
Control,0.1652131512545157
Control,0.1439876838139733
Control,0.17648285634010002
Control,0.18469020395374616
Control,0.2189123800632813
Control,0.06591979828699507
Control,0.17593217932659647
Control,0.19263024340770982
Control,0.10462484464730437
Control,0.1555065993747052
Control,0.19866363539743584
Model,0.12152146017272336
Model,0.061577340764478405
Model,0.11079676334674543
Model,0.08414450430683998
Model,0.10632718280539197
Model,0.02535433161883316
Model,0.17336569635099922
Model,0.13968071431220574
Model,0.3182488634700626
Model,0.11376567422479822
Model,0.15253488794218337
Model,0.10064559058600844
Model,0.1628069627776725
Model,0.14535839329063563
Model,0.11190883996361742
Model,0.1339098397173079
Model,0.1580990392095934
Model,0.12804233821871022
Model,0.12327763454837015
Model,0.19257881356986736
Model,0.24645659942159154
Model,0.17987486936044003
Model,0.09331125878171379
Model,0.10374104863690961
Model,0.051138592005573386
Model,0.1653308295618863
Model,0.1784453100982717
Model,0.004617290220398834
Model,-0.22469391073271583
Model,0.12049458849523112
Model,-0.04560087682677219
Model,-0.00027629543706325643
Model,0.18619297698987367
Model,0.21708679704230235
Model,0.13898689079709942
Model,-0.051425792933041975
Model,0.1727759916513926
Model,0.12326086052551186
Model,0.18722916553118824
Model,0.12663884379526177
Model,0.09736324951401523
Model,0.06933575323725755
Model,0.13833063940539408
Model,0.1057224992658515
Model,0.16269990034326662
Model,0.08741527324004583
Model,0.17217696085156936
Model,0.15206886573778747
Model,0.0900821624658047
Model,0.008951675732398912
Model,0.13591771075292308
Model,0.19296559442245842
Model,0.19911212639399328
Model,0.076559021587223
Model,0.12234240278618261
Model,0.19611205318433916
Model,0.05746621239012567
Model,0.005811309336021198
Model,0.11681723395318888
Model,0.15042710477027338
Model,0.09347226561245442
Model,0.1314477854083347
Model,0.03927872179609743
Model,0.14815010952710309
Model,0.08728443765587102
Model,0.07995529278464938
Model,0.09852176937902782
Model,0.12298609733315746
Model,-0.01783757969953012
Model,0.12345675547651891
Model,0.046353085251024606
Model,-0.05622693803265208
Model,0.03583624444013189
Model,0.10434832833416616
Model,0.13853209459927837
Model,0.19302513115647912
Model,0.15700748506331255
Model,0.09113711138632785
Model,0.12886746737736393
Model,0.14582154716270557
Model,0.11834974625171757
Model,0.06998483346590362
Model,0.12703642119532046
Model,0.1699112476978281
Model,0.08007300305393097
Model,0.15264973100876997
Model,-0.00976517261602941
Model,0.17076697835954135
Model,0.14453708706890858
Model,0.109981840536613
Model,0.32197011394245567
Control,0.3550492315122249
Control,0.3711238672900758
Control,0.10421261546869609
Control,0.16481173835869217
Control,0.10088955545372258
Control,0.17346753244814667
Control,0.006542729627062788
Control,0.07735844260474112
Control,0.14247649050875252
Control,0.19487793203713236
Control,0.1871235150025707
Control,0.23907710517130568
Control,0.15272211204537312
Control,0.02252257175934619
Control,0.06664210219048339
Control,0.17163829380851925
Control,0.16102753647726645
Control,0.1828162659503677
Control,0.12012716599531398
Control,0.07260461721399025
Control,0.16811968145296058
Control,0.17536115181220147
Control,0.13654729022894685
Control,0.21257251959580642
Control,0.20161801942083218
Control,0.04252355666197796
Control,-0.000732964430099875
Control,0.09228954373660564
Control,0.15042427245324005
Control,0.14594824098823062
Control,0.13537679481400028
Control,0.07864885279699046
Control,0.18261201977065306
Control,0.18322615533103642
Control,0.1686762414515484
Control,-0.007936554874730606
Control,0.0865158909805111
Control,0.0911860476635239
Control,0.1235222803841998
Control,0.21761060173030414
Control,0.08806588930164025
Control,0.150451717435184
Control,0.10681527374580155
Control,0.2092438226559489
Control,0.16629472491201616
Control,0.15778320582548244
Control,0.1930253049867475
Control,0.24207856437168523
Control,0.17257318143196063
Control,0.13501388372784873
Control,0.1660303743919534
Control,0.10919745590375818
Control,0.2097277811405518
Control,0.22546108989013877
Control,0.06333703606689522
Control,0.07329755071280661
Control,0.11284922570023381
Control,0.2536524756164721
Control,0.17606871276927763
Control,0.12523106009665141
Control,0.02267303115946792
Control,-0.03600677505650515
Control,0.10087841117926932
Control,0.15946493074380963
Control,0.09748926263722021
Control,-0.01977804645380979
Control,0.262539011445997
Control,0.03306336307206681
Control,0.19512314886818233
Control,0.14836879983261944
Control,0.07567502383803046
Control,0.1947341232395491
Control,0.14208961224210434
Control,0.16185837180053642
Control,0.04208878377076644
Control,0.12807356553731555
Control,0.08817878036594709
Control,0.18174281752893626
Control,0.13379751267108897
Control,0.14412204770074372
Control,0.004005037954153967
Control,0.1554989235324073
Control,0.06513546269341325
Control,0.1053617797966386
Control,0.18885951509975402
Control,0.1887670359351032
Control,0.044099638427513244
Control,0.15109839473945508
Control,0.10442895388257675
Control,0.10430337832524225
Control,0.16823998807930496
Control,0.1694809441582415
Control,0.2321226333694713
Control,0.11438285261226469
Control,0.16487307133881943
Control,0.23495902119405823
Control,0.15979250232245742
Model,0.12777192290942935
Model,0.12273829962763369
Model,0.044741505829652695
Model,0.01311925203106476
Model,0.08186254094675632
Model,0.1122270579322126
Model,0.10865548907580852
Model,0.14204876159744517
Model,0.1766185614310512
Model,0.18882738839556673
Model,0.14530193407001304
Model,0.08691811468556043
Model,0.1174394641831567
Model,0.13901816057653862
Model,0.16246046522920876
Model,0.2444613167274756
Model,0.08638269785654584
Model,0.12022942390994751
Model,0.19165593153125335
Model,0.20019543543042678
Model,0.09510517120361328
Model,0.19077730271861437
Model,0.18198955763409635
Model,0.11102667720022807
Model,0.17734823484750364
Model,0.09140092034802388
Model,0.14011524459855879
Model,0.1779891817333175
Model,0.11771337038431409
Model,0.20057943021440455
Model,0.06916481628598709
Model,0.20145909908490306
Model,0.22989602285616903
Model,0.1084252441740089
Model,0.11052835539166078
Model,0.2394992530412366
Model,0.15314333866804072
Model,0.13664510610244476
Model,0.11173243785781606
Model,0.2686377508584472
Model,0.047171846812916945
Model,0.21680347044996862
Model,-0.06582936265795525
Model,0.062467926122671796
Model,0.03130122065677024
Model,0.09305857821318886
Model,0.1267202788239206
Model,-0.039255957739010305
Model,0.13455593114180975
Model,0.24228231271639583
Model,0.024539212452262288
Model,0.05207216859262523
Model,0.07317620755039331
Model,0.08050499426215521
Model,0.18092096848631384
Model,0.1442391952144661
Model,0.11946530047069026
Model,-0.08372474012433352
Model,-0.01174092598450488
Model,-0.07584904767199105
Model,0.10859738823562162
Model,0.04304232937569338
Model,0.17628154627056825
Model,0.12050006089268986
Model,0.01059754297486118
Model,0.14367851658143857
Model,0.12020780317227844
Model,0.20416251658861723
Model,0.1301142587310893
Model,0.1210269856213726
Model,0.09512116026585984
Model,0.18486014643108833
Model,-0.08883638698254674
Model,0.06926531377046005
Model,0.15908841039557653
Model,0.14226409051995081
Model,0.10891655715412918
Model,0.17023636917339652
Model,0.040903719571920544
Model,0.16573056914203013
Model,0.1310904962960693
Model,0.12146087593856864
Model,0.12433711049814555
Model,0.10589688411657358
Model,0.1643058710140794
Model,0.09697491209642545
Model,0.07790471113379316
Model,0.1131984948979041
Model,-0.037886764359979175
Model,0.07504814637278764
Model,0.3151025426560554
Model,-0.06210702876980887
Control,-0.17127138475909282
Control,0.06776376485558791
Control,0.18625518789259488
Control,0.17316027176685825
Control,0.18023640708115318
Control,0.1476668150661515
Control,0.176744853905345
Control,0.201987311327072
Control,0.2507776370149525
Control,0.05937587935788974
Control,0.10505920887790796
Control,0.12939871633331912
Control,0.1813888677386536
Control,0.18397381725651496
Control,0.07556808639396662
Control,0.18352612351361194
Control,0.05735215561312845
Control,0.18268515141379743
Control,0.12157549068680576
Control,0.14897197970046913
Control,0.19689697631891226
Control,0.14373752066124243
Control,0.1816317049024363
Control,0.020453105868570243
Control,0.19612616134460686
Control,0.10127711276146878
Control,0.1881874624303352
Control,0.04546700439591342
Control,0.030876248775915965
Control,0.08237821654465416
Control,0.1341034617843968
Control,0.17925587173555477
Control,0.13278403575869577
Control,0.16875438214411573
Control,0.11350555271076387
Control,0.15751448669029586
Control,0.1515130798686441
Control,0.11157695797906403
Control,0.21461243706536265
Control,0.22183162977331328
Control,0.2338595299949348
Control,0.15524667880208198
Control,0.05716087666642308
Control,0.18937502696761319
Control,0.17664398583547197
Control,0.1636220303134642
Control,0.1271062388999539
Control,0.15512276506477107
Control,0.11464318078231384
Control,0.07801046864510647
Control,0.18571915102908712
Control,0.11093191505142946
Control,0.1657365716021994
Control,0.043755064906351004
Control,0.22428449048113533
Control,0.05997351346871793
Control,-0.07460461824368209
Control,0.06920633427674155
Control,0.1331831002846742
Control,0.09092030882702493
Control,-0.0006957888071619234
Control,-0.0027353881859327467
Control,-0.009420087770740576
Control,0.13346375124643212
Control,0.0793874386029366
Control,-0.07152481392075785
Control,0.1789419227087644
Control,0.18101585522676122
Control,0.14379032585798965
Control,0.0857236227197126
Control,0.07013011875758601
Control,-0.09362214092692671
Control,0.1561807570781729
Control,0.12986649464869846
Control,0.21874961100826026
Control,0.1658587892983138
Control,0.10370839565759787
Control,0.17835156016525217
Control,0.04596275802174271
Control,0.14540037622419888
Control,0.20683751496981617
Control,0.09444578634855341
Control,0.16334150786383894
Control,0.11710219890909182
Control,0.18692928147289398
Control,0.08932537285646336
Control,0.22817058148591415
Control,0.08873921984945782
Control,0.14680263695775334
Control,0.12594695792947724
Control,0.1437011658148622
Control,0.11287794477299037
Control,0.014105857083098416
Control,0.19076814646173348
Control,0.050449585701975413
Control,0.10151036633562752
Control,0.13347982257239127
Model,0.07829932265457101
Model,0.03540663761704527
Model,0.19619822143312282
Model,0.05928239249598355
Model,0.12112274330728162
Model,0.14836769093372085
Model,0.11342750969804916
Model,0.13319001482216145
Model,0.17906915955453145
Model,0.12775759473692214
Model,0.1948018224210112
Model,0.12178773365690557
Model,0.1070572925251862
Model,0.07889109158861465
Model,0.19233022100284877
Model,0.16997286627523875
Model,0.21668294294754928
Model,0.14325298274241163
Model,0.15865885480457592
Model,0.12055568750885418
Model,0.16599325245970997
Model,0.16605309459278017
Model,0.16391346964947753
Model,0.179939885336154
Model,0.12143705069287833
Model,0.09780892905848748
Model,0.14023295247568068
Model,0.21653844640406478
Model,-0.05150136876531533
Model,0.03337778036410993
Model,0.2584644880316063
Model,-0.21165361691478105
Model,0.02408846770906395
Model,0.08316174677781835
Model,0.1100891066368341
Model,0.11982361495561294
Model,0.05751046335683882
Model,0.081715866076109
Model,-0.008459401236994457
Model,0.19211874292579914
Model,0.06764752576449512
Model,0.24516515415514858
Model,0.13130179582498014
Model,-0.00653751525060256
Model,0.16884315120203708
Model,0.12109459283758564
Model,0.0828444113167898
Model,-0.18520216160394676
Model,0.10505786129463476
Model,-0.18582113769939512
Model,0.19166186289112175
Model,0.14760061131671917
Model,0.027911741199302037
Model,0.07375127907713652
Model,0.010740533653841922
Model,0.2301836262312754
Model,0.2726896219827658
Model,0.15874005679701483
Model,0.1337885610767564
Model,0.05146472915226266
Model,-0.006165535154948665
Model,0.07244254341359391
Model,0.01645110030902533
Model,0.08858753074637493
Model,0.13177183625955913
Model,0.11586411568100505
Model,0.1223508975444696
Model,0.051526942580041285
Model,-0.12202626908636145
Model,0.20809736432572004
Model,0.10934111578940281
Model,0.13704337271028008
Model,0.06073367987720993
Model,0.04169149210088896
Model,0.034964592693375623
Model,0.09471157070253475
Model,0.12247161210048427
Model,0.1947775715037998
Model,0.17342991015584175
Model,0.18687647335239607
Model,0.16401878168750367
Model,0.09209184908415033
Model,0.11237496297096328
Model,0.19182081379353533
Model,0.16374884401276757
Model,0.12700932427260658
Model,0.09197945618709194
Model,0.034616812747989334
Model,0.15714634248910012
Model,0.15599973159224426
Model,0.0020877531539636174
Model,0.29642668575746156
Control,0.22729278647381326
Control,0.16992773565826078
Control,0.24287134561783227
Control,0.10833191845063514
Control,0.16005945139239594
Control,0.15247916829758795
Control,0.1646874721765252
Control,0.2112148455287036
Control,0.1750240664817019
Control,0.1521349176515305
Control,0.24610419988366405
Control,0.10807357039074167
Control,0.14356334485869474
Control,0.14492397869178153
Control,0.14281250946763635
Control,0.12433247874545944
Control,0.11296169647537876
Control,0.15027159924225397
Control,0.08794283235617972
Control,0.2436221807430952
Control,0.13950468558265744
Control,0.15528235095267579
Control,0.03374965394221022
Control,0.13639854308354815
Control,-0.07563453995796085
Control,-0.00424661172539359
Control,0.24679809257205382
Control,0.11822285228216797
Control,0.0943020458604181
Control,0.10308164603999895
Control,0.284045261682874
Control,0.21821148353011047
Control,0.10380512894595348
Control,0.07866951613920589
Control,-0.19513875903891878
Control,-0.03697522627470087
Control,0.07466628393334823
Control,0.12698425742960562
Control,0.09673704936219965
Control,-0.03081781157150182
Control,0.12065711853363312
Control,0.23123141794300398
Control,0.006920026962042108
Control,0.13756200049898964
Control,0.0603864953802315
Control,0.15790452114581532
Control,-0.024154445399408753
Control,0.02664087269218471
Control,0.14417239953841654
Control,0.09318160306384066
Control,0.08823514343504124
Control,0.02605278316548834
Control,0.11831482105297655
Control,0.1049585250043284
Control,0.16815046814904694
Control,0.12616766814802802
Control,0.16807944080901385
Control,0.1435306840384153
Control,0.06652796594062646
Control,0.08774467256156895
Control,0.19630515415931626
Control,0.11776080704320105
Control,0.0990512304614353
Control,0.07403168962684895
Control,0.1029262641068951
Control,-0.028983765322229127
Control,0.11864679580016546
Control,0.07474923937881539
Control,0.08068031783619584
Control,0.14562146852380586
Control,-0.02817439089384899
Control,0.16083865221527507
Control,0.059741723630473476
Control,0.14546350638071698
Control,0.11551521779967261
Control,0.11417074546367428
Control,0.10773693757711048
Control,0.012874596892391954
Control,0.18951210861354897
Control,0.18964495374473309
Control,0.22480506508911202
Control,0.13942511530889984
Control,0.2814988663364015
Control,0.13401124502637046
Control,0.1414503352830774
Control,0.17231320763378508
Control,0.04564278281253317
Control,0.17500701476897684
Control,0.2273613157346762
Control,0.1499813632954456
Control,0.0911700982048094
Control,0.036994297568215984
Control,0.15386904508639607
Control,0.13088435658908876
Control,0.07653354382435215
Control,0.09934574877272215
Control,0.10583422946823612
Model,0.11106656220977254
Model,0.16483483067324328
Model,0.14545619135583393
Model,0.060059223552478475
Model,0.13252704199341228
Model,0.14647363101359595
Model,0.2557350672208346
Model,0.030780626579271914
Model,0.22878514271781863
Model,0.2380091284163952
Model,0.08952055913017215
Model,0.15709318816994078
Model,0.14399993313329007
Model,0.22264147987599625
Model,0.12103456099296495
Model,0.1928083032801531
Model,0.24669686820328965
Model,0.16862920893474567
Model,0.09500641580941019
Model,0.11461637204838968
Model,0.07657829415439363
Model,0.2302153091898464
Model,0.08479505438469725
Model,0.17991633412564212
Model,0.09632483912152193
Model,0.13479624823184316
Model,0.12925538337616088
Model,0.04278178192434237
Model,0.1392449800386078
Model,0.016855824817648968
Model,-0.03608287703100521
Model,0.24173670801164845
Model,0.11872294940544478
Model,0.1346346595747149
Model,0.1469259876072606
Model,0.04481001289658987
Model,0.12276882205652684
Model,0.12375140980866173
Model,0.07691703419488677
Model,-0.17468969798008335
Model,0.07456618766720877
Model,0.05650254170365687
Model,-0.019734226042610353
Model,0.01498873463708289
Model,0.07724105540991097
Model,0.20511718484736075
Model,0.11004796089270175
Model,0.10872350076635015
Model,0.18660774238930897
Model,0.23612289803482617
Model,0.1676888885838265
Model,-0.18805475139298966
Model,-0.051487052188137566
Model,-0.06540627918780315
Model,0.16469591264607783
Model,-0.20057719048847722
Model,0.1517145508773617
Model,0.19002500904044978
Model,0.15836506291243813
Model,0.042731530557375136
Model,0.14273719032738388
Model,-0.006251103237454064
Model,0.06091692017073616
Model,0.05405646456258084
Model,0.0675769450273801
Model,0.1254805592921798
Model,0.09390836043767176
Model,0.14042558983682657
Model,0.17532370295147165
Model,0.1915248076918399
Model,0.15344508701609397
Model,0.037231841812963073
Model,0.10829802294372845
Model,0.016459695072875785
Model,0.02915565797450681
Model,0.15386571466856308
Model,0.17038432012832283
Model,0.13568157495862265
Model,0.04430017921836879
Model,0.14915635779815642
Model,0.06854257914533582
Model,0.06308023141512237
Model,0.21233394486183838
Model,0.084579097387384
Model,0.1361329788082552
Model,0.14811715247771942
Model,0.12476777684861334
Model,0.07762607131381766
Model,0.0889812854753024
Model,0.09736908399141753
Model,0.1520278618620125
Model,0.19667014376641384
Model,-0.1033051851202413
Control,0.36688227252152183
Control,0.16188328846907007
Control,0.24139888682625896
Control,0.12920900571306412
Control,-0.01714574666060467
Control,0.1651084353958351
Control,0.19214491169056633
Control,0.1239838315092999
Control,0.11746840911565418
Control,0.04158855567674841
Control,0.17282124612908167
Control,0.2193633921303212
Control,0.11972128401366097
Control,0.1735237383656411
Control,0.0878850908050835
Control,0.017529740049155917
Control,0.20257428723699938
Control,0.0051475995892000526
Control,0.0653604762078395
Control,0.11619729501347878
Control,0.20789841372299622
Control,0.21461040505863221
Control,0.14162514055585912
Control,0.13069052600541642
Control,0.10223361520862898
Control,0.1802784958013324
Control,0.043639809989610256
Control,0.12056328208417266
Control,0.15907894847385062
Control,0.18577613267079912
Control,0.2193846965713246
Control,0.19003266421714624
Control,0.12543844405889779
Control,0.014000354602584086
Control,-0.03141874496886299
Control,0.1124701186964743
Control,0.14833566602921675
Control,0.25852100997997096
Control,0.1989838058999018
Control,0.1952387305805117
Control,0.18442073128826772
Control,0.09052117984563343
Control,0.12692573836017212
Control,0.12066237703214919
Control,0.01797166755765578
Control,0.19701415054508406
Control,0.17433832826688805
Control,0.18529253540230436
Control,0.11263211461878408
Control,-0.06182379640198604
Control,0.17945482326856294
Control,0.14898499570695584
Control,0.15827937894308716
Control,0.11366651183120913
Control,0.1304952908253324
Control,0.012907046405235129
Control,0.12669313419091133
Control,0.21962468879278688
Control,0.22451778930698083
Control,0.3185729427614074
Control,0.22487799898039137
Control,0.21413469115228556
Control,0.16459433995228814
Control,0.11479816069969764
Control,-0.039601037500959835
Control,0.15488845475408414
Control,0.13454208120188715
Control,0.19153235482265848
Control,0.14437642982572219
Control,0.05105332061731427
Control,0.12477710334752315
Control,0.04911370719954322
Control,0.19698080158021009
Control,0.12338584136537617
Control,0.13935744868738864
Control,0.024102026137752808
Control,0.1629396657082548
Control,0.1592548329428818
Control,0.12165542656229758
Control,0.12035481028732248
Control,-0.02101080407001238
Control,0.1894348954144396
Control,0.17651413542238234
Control,0.16275974872253143
Control,0.17477022192815742
Control,0.15476789150216774
Control,0.10670747512426135
Control,0.11711791805599048
Control,0.1696727901796832
Control,0.13416305207621423
Control,0.20013927164152184
Control,0.14563637726017195
Control,0.11720489937326181
Control,0.14561463957247528
Control,0.18497808840761218
Control,0.1442991043280067
Control,0.08634569353881888
Model,0.14228896060782
Model,0.08641378337324263
Model,0.15517050552793438
Model,0.15127195921231273
Model,0.11099251782482153
Model,0.13970413694413608
Model,0.1169004749959395
Model,0.14699402448192755
Model,0.14307412800847355
Model,0.14363185883631543
Model,0.1538573026391309
Model,0.10746615865956183
Model,0.20896296703164263
Model,0.10286839397721734
Model,0.18166802931522977
Model,0.21287805552998246
Model,0.1750837193683637
Model,0.061997515833630334
Model,0.07969918538096757
Model,0.18086338388747064
Model,0.00977541863453163
Model,0.12862804050296714
Model,0.24333140589587535
Model,0.15005737018159931
Model,0.1792214752705467
Model,0.14712859303124642
Model,0.23816342949202757
Model,0.14713776124892558
Model,0.08695151793916886
Model,0.07481915589293242
Model,0.2504901205549803
Model,0.09230186462136547
Model,0.019058571146217618
Model,0.2309948588693421
Model,0.01803770059991705
Model,0.07399301850543238
Model,0.11665034074847117
Model,-0.035853505765846894
Model,0.0563084416697788
Model,0.19964244945126364
Model,0.06095652290544118
Model,0.19925138038669274
Model,0.16058353489989552
Model,0.12599214270229192
Model,0.13576039661930556
Model,0.06517417660790811
Model,0.1425380013060809
Model,0.1192288766869467
Model,-0.009388065191947237
Model,0.11743999976112424
Model,-0.05250254067423088
Model,0.15500704952439867
Model,0.2030163699036325
Model,0.14108241654292927
Model,0.08315780755535285
Model,0.07216267282747504
Model,0.0736930723838849
Model,0.06858742303539947
Model,0.18092366750689523
Model,0.1914713119583385
Model,0.17529178954818705
Model,0.03023943946247251
Model,0.05221793065501695
Model,-0.10443594669684383
Model,0.14444227388737063
Model,0.13112539471591197
Model,0.053032073488203574
Model,0.1703752856057889
Model,0.09841221889923249
Model,0.10723583116180521
Model,0.21238184387202777
Model,0.024673463243040095
Model,0.1307159431004604
Model,0.0902509361073591
Model,0.19383084122818317
Model,0.013598062654535642
Model,0.07875654423648829
Model,0.1523198690701488
Model,0.08961386797553053
Model,0.056568472414643994
Model,0.07080713416155895
Model,0.176360060140042
Model,0.17382712348249046
Model,0.1273916402920964
Model,0.09598499230849436
Model,-0.0036225643179222666
Model,0.12886930096774066
Model,0.09503639222786178
Model,0.10232431819473489
Model,0.11098208953704325
Model,0.18316209861134475
Model,0.19140219847892836
Model,0.22363913404768793
Model,0.3302302634304051
Control,0.31072210534626293
Control,0.1315862703881535
Control,0.23994948247337552
Control,0.21363152468882277
Control,0.2506866225165002
Control,0.10176413633352938
Control,0.1638140323568746
Control,0.1777354547942894
Control,0.15420650173323341
Control,0.1609046218653055
Control,0.09384250016249673
Control,0.14928554465273683
Control,0.17782399513516806
Control,0.0918734665698431
Control,0.17028278491170112
Control,0.10090754050740697
Control,-0.06397279449131177
Control,0.15425286059129728
Control,-0.056581960772989576
Control,0.17770645544015973
Control,0.14225485013878864
Control,0.09372519768998774
Control,0.062392900752914926
Control,0.22950459895458242
Control,0.15240489639167404
Control,0.05892861421025847
Control,0.09393283708172628
Control,0.05091344785265034
Control,0.21387872249386383
Control,0.22710419232762907
Control,0.04747417758539768
Control,0.0557061704239053
Control,0.14123014755206495
Control,0.12775759261055802
Control,0.0154246283215424
Control,0.14849029695708615
Control,0.15971290387437495
Control,0.12702549979040853
Control,-0.19964909633266487
Control,0.1826373863645488
Control,0.22761006551974325
Control,0.16364768529549623
Control,0.1287685405450521
Control,0.15941145321730119
Control,-0.20211739683629676
Control,0.12914263145580737
Control,0.14336134265763573
Control,0.13902054011090811
Control,0.10987686193906343
Control,0.15292140552431444
Control,0.1406745946526926
Control,0.01671480813552703
Control,0.2519473058058399
Control,0.01991390936084947
Control,0.04910336649138791
Control,0.14645447645963502
Control,0.24807189818608721
Control,0.1876764515437676
Control,0.1978219097673295
Control,0.24740551147971265
Control,0.22085174310167496
Control,0.2149978066766541
Control,0.09506558182513303
Control,0.12168184078922509
Control,0.015563986971226823
Control,0.17608850735884446
Control,0.17062819136956595
Control,0.173835349189265
Control,0.12891491772471994
Control,0.10404071567316386
Control,0.19603205258763884
Control,0.06671327259495374
Control,0.2567144988505471
Control,0.11227622970423701
Control,0.1276772475428672
Control,0.15062306397734676
Control,0.19762587680200003
Control,0.19450482290856946
Control,0.17002534906202335
Control,0.171252358451469
Control,0.12327450440745957
Control,0.12988904281337654
Control,0.19415289715115175
Control,0.19079510171543662
Control,0.07972101038249171
Control,0.12910959393683086
Control,-0.03377199099879866
Control,0.21614344835015575
Control,0.06735169734710303
Control,0.12624172343059528
Control,0.1390019147558223
Control,0.1267805112112592
Control,0.11980141976738187
Control,0.1218990474906122
Control,0.16963389871378276
Control,0.12255248962304532
Control,0.17005535498377738
Model,0.10719259413854204
Model,0.14215282864926782
Model,0.04637139836282633
Model,0.023050392883411375
Model,0.04302768636839577
Model,0.15740822376880625
Model,0.02427317094111786
Model,0.09577902344158262
Model,0.07990543413055912
Model,0.17786253801024746
Model,0.21987039295991795
Model,0.11604656390388943
Model,0.19966379628665204
Model,0.2522512898928877
Model,0.0072326549851110256
Model,0.08622102926141573
Model,0.09709656198686581
Model,0.12544620847755183
Model,0.16289124135322527
Model,0.19279258493064108
Model,0.09492532638137288
Model,0.13214348975897103
Model,0.17725712838380234
Model,0.18663240183423063
Model,0.016438278731959577
Model,0.1826645567797232
Model,0.16064826089270007
Model,0.15687872055780927
Model,0.13274309228495212
Model,0.1573530766477553
Model,-0.18265909813718254
Model,0.07706094173550473
Model,-0.022153822541103957
Model,0.18968555892723193
Model,0.0974717062452565
Model,0.11361871508584503
Model,-0.02673616410630736
Model,0.15846121071971778
Model,0.16162458430963217
Model,0.15238162120980694
Model,0.17237860157072477
Model,-0.05107454684798668
Model,-0.18731258226477582
Model,0.18266719466733564
Model,0.016212419456197003
Model,0.1834379712341887
Model,0.10597316995512282
Model,0.16819068726355682
Model,0.11021004838156728
Model,0.06311387979864674
Model,0.005579396035758938
Model,0.21513710093737445
Model,0.19684061025961852
Model,0.0023293397498370116
Model,0.20885944379744853
Model,0.09836805956552391
Model,0.1374370191939831
Model,0.10233063861279185
Model,0.09581166499168708
Model,0.21856048593553012
Model,0.12539864981852247
Model,0.13441531381745273
Model,0.09411098154359307
Model,0.007241233336088254
Model,0.1521489063367131
Model,0.18269924588559594
Model,0.0360429580660834
Model,0.05738650217502811
Model,0.11331169993316581
Model,0.22095917459315678
Model,-0.20034440464798026
Model,0.09153528350385667
Model,0.07106868665221014
Model,0.15801148005286716
Model,0.14461549083258926
Model,0.07946863886770464
Model,0.12477485524903703
Model,0.21127226094869997
Model,0.13978567822455296
Model,0.1393237058135578
Model,0.2318676122720691
Model,0.07746025876722476
Model,0.1915654903537321
Model,0.055643976997239414
Model,0.08873332164758024
Model,0.025496955832244317
Model,0.21705757893846186
Model,0.12540124384987444
Model,0.006917590547431934
Model,0.17804164019981225
Model,0.16624275178813616
Model,0.18711850994008042
Model,0.10021365785279801
Model,0.2999836502798159
Control,0.20477144548061033
Control,0.24440322937641124
Control,0.21362878978584654
Control,0.16039340179766567
Control,0.21236877683280173
Control,0.2653106472298187
Control,0.09946896512904427
Control,0.1605243039636176
Control,0.11875598300393739
Control,0.12599013860409075
Control,0.17988076882484633
Control,0.07615065136083393
Control,0.2771305304307204
Control,0.14694738853203682
Control,0.11346542489701422
Control,0.16660938906164605
Control,0.23890664465850014
Control,0.15863414764935885
Control,0.1011566939694161
Control,0.11024305061618889
Control,0.11446242767034168
Control,0.2412952625897683
Control,0.13301884848935946
Control,0.15034097612502184
Control,0.03823969103686653
Control,0.155447312953613
Control,0.03244653075036397
Control,0.1969528248743336
Control,0.20035753654131255
Control,0.021693570956737296
Control,0.08511547646262044
Control,-0.032224416001850414
Control,0.1951297162767238
Control,0.23625970617717457
Control,0.22453436458124099
Control,0.1353336223125989
Control,0.1865165100714302
Control,0.13667733865969686
Control,0.10418030144511789
Control,0.07947654767977355
Control,0.16180463631947833
Control,0.2134725800326038
Control,0.11408489763138685
Control,0.10160695376869297
Control,0.0754901845851205
Control,0.16659222212656416
Control,0.20283763464477947
Control,0.0856216125929502
Control,0.17801634563650176
Control,0.07811423926847835
Control,0.0502324870464661
Control,0.23376118033758903
Control,0.21424454988843222
Control,0.2013717614687406
Control,0.21681807126222777
Control,0.20086108442134282
Control,0.20817728651274275
Control,0.14037927789167148
Control,0.23677183885372335
Control,0.24823042514465057
Control,0.22266663117552282
Control,0.039478070294710815
Control,0.05190440776488986
Control,0.14071860494156477
Control,0.18242569777744938
Control,0.2798268723248638
Control,0.17182644673414454
Control,0.06891247128430286
Control,0.16878651775245285
Control,0.1822891478554461
Control,0.08891211272349195
Control,0.16759006129193596
Control,0.07921090220395008
Control,0.141930734433458
Control,0.2055252152541808
Control,0.08537658693532613
Control,0.10803133973575624
Control,0.20682992504591927
Control,-0.011883368792475396
Control,0.03771206268100036
Control,0.14863449594248895
Control,0.16205645723885118
Control,0.09971971063975377
Control,0.1489471209089094
Control,0.13181276172565645
Control,0.22200681426984942
Control,0.09519429921838085
Control,0.1757385227060903
Control,0.16044134280354683
Control,0.07896088989017533
Control,0.08557890436986884
Control,0.022253364756487426
Control,0.1367215553387883
Control,0.15860406331792723
Control,0.12913953101754588
Control,0.22273328564770375
Control,0.15748709779120607
Model,0.14688284793160564
Model,0.10591039955283754
Model,0.1317788059496162
Model,0.2010154726779049
Model,0.16386838807177254
Model,0.15336382960528963
Model,0.19903337649810007
Model,0.16163911628085234
Model,0.19623592559044709
Model,0.10758179273360816
Model,0.10399143751648357
Model,0.021257353400439855
Model,0.12064390311405943
Model,0.23895447708691242
Model,0.1684422866423659
Model,0.02924598897978614
Model,0.13302220003793602
Model,0.17091613536162786
Model,0.06454910143561984
Model,0.1337546243050957
Model,0.14863972427321387
Model,0.17933705379332987
Model,0.09434651085897167
Model,0.13788993169897246
Model,0.11714767632277115
Model,0.11488737835400348
Model,0.12847701495839334
Model,0.17874173323313397
Model,0.21886369788659987
Model,0.09070708387538609
Model,0.18433050181687607
Model,0.22297902583012744
Model,0.22663112654202228
Model,0.23515086787998876
Model,0.16304987064306284
Model,0.054787014904894044
Model,0.012051948934893142
Model,-0.030759360678618564
Model,-0.20161814354733879
Model,0.07702810642046803
Model,0.08663842357786472
Model,0.20259012041017493
Model,0.22159059895586677
Model,0.21159417041833853
Model,-0.019330394374354076
Model,0.10157481118322348
Model,0.04696540316876227
Model,-0.04340820826814326
Model,0.15869541125685607
Model,-0.022481799325018037
Model,0.0871465785580468
Model,0.14675282913705576
Model,0.12592992090195448
Model,0.07143978012046687
Model,0.13216485918697835
Model,0.049482433094228784
Model,0.031011644547333822
Model,0.08609913410816172
Model,-0.0164255058619224
Model,0.15786805214026034
Model,0.21972084284626123
Model,0.13935984921960395
Model,0.08501708195228111
Model,0.014130606964944864
Model,0.12876115634688565
Model,0.12045824992882637
Model,0.14706659383465484
Model,0.05491805156337776
Model,0.1542891630759606
Model,0.04140711096483993
Model,0.12889457253973888
Model,0.05285211344360638
Model,0.22543575386272757
Model,0.09523480486045843
Model,0.1516572218409084
Model,0.10747007940923889
Model,0.10272321002007595
Model,0.0026113390258057645
Model,0.0810373768359921
Model,0.1821358334127743
Model,0.05744253273392999
Model,0.04917344613750377
Model,0.13762578331640066
Model,0.040906949519047886
Model,0.13675739786430877
Model,0.08862387236942815
Model,0.1169555527443604
Model,0.06230024516648941
Model,0.2578052021853767
Model,0.06995206360301315
Model,0.19997970183424596
Model,0.14157482094589285
Model,0.13445603807634335
Model,0.2728536817408193
Model,0.5163825501832143
Control,0.38934147225042914
Control,0.1159272076958664
Control,0.2535507261686633
Control,0.15630892978995672
Control,0.23023116189899254
Control,0.22804173099556097
Control,0.2215085632957875
Control,0.13915626261146571
Control,0.1935490994416219
Control,0.2777558085378862
Control,0.19502177326176875
Control,0.08563653774218946
Control,0.2740129239051504
Control,0.031346538659588
Control,0.18676230553932147
Control,0.0794134170581133
Control,0.07860995003478052
Control,0.17602851770926212
Control,0.17811716852113685
Control,0.16732276974447327
Control,0.08377961364212375
Control,0.14298889004400075
Control,-0.10653783881013078
Control,0.11714975597334815
Control,-0.01589238570552473
Control,0.1156261870959398
Control,0.17729368377290042
Control,0.22081949054331018
Control,-0.022530355846868577
Control,0.038002222809637415
Control,0.10919421087273518
Control,0.1575527980574796
Control,0.23577270061276032
Control,0.15021910303279576
Control,0.16022598597251184
Control,0.12067142604053885
Control,0.2176366482291333
Control,0.1598594504986851
Control,-0.01842557280890253
Control,0.20504598221518391
Control,0.17306095979684172
Control,0.1427606954223735
Control,0.12851414513029782
Control,0.19303162507256008
Control,0.08898445329272758
Control,0.055211359907020585
Control,0.07375010904526899
Control,0.17715042743130005
Control,0.20945550765480883
Control,0.25991779665484477
Control,0.22873478775704853
Control,0.13461265449672769
Control,0.11970973413524819
Control,0.18270087826876605
Control,0.02252997024402173
Control,0.14545597626081147
Control,0.22029935290316408
Control,0.2541131201130623
Control,0.1580350775117991
Control,0.13050673850536876
Control,0.06609975288278414
Control,0.03422910187688291
Control,0.04568238202544758
Control,0.15414611405486378
Control,0.1657897528996037
Control,0.328074952830439
Control,0.10235642064508119
Control,0.1285487471216897
Control,0.17215217555247023
Control,0.2253924652086851
Control,0.07867009956036655
Control,0.08847462632584333
Control,0.17902394999628482
Control,0.14316489332362828
Control,0.18772740919587336
Control,0.13973994332146616
Control,0.09832823748306818
Control,0.04855744143659321
Control,0.15279228804236403
Control,0.13237722316048747
Control,0.05660245762753777
Control,0.10733648965191284
Control,0.1767539407895959
Control,0.12329781188348196
Control,0.15837315718332928
Control,0.15444181834574927
Control,0.023266248612632462
Control,0.1341435321198658
Control,0.16519801685775534
Control,0.11369777469996495
Control,0.11165124888935746
Control,0.13098336222977144
Control,0.19045248292095815
Control,0.1159601444783418
Control,0.07191121285841484
Control,0.17336017684128502
Control,0.15332345034898057
Model,0.14224741663555368
Model,0.10372138780893689
Model,0.22593641267838155
Model,0.15672715039822038
Model,0.11491516654440923
Model,0.11823281489619972
Model,0.18721254493879236
Model,0.06388580240932196
Model,0.12284249519158896
Model,0.21929758767220486
Model,0.17589009220119037
Model,0.17743099772411844
Model,0.11124303714354569
Model,0.23836354946213023
Model,0.0723471220254632
Model,0.20007007589839904
Model,0.1848432515377185
Model,0.16505721181531416
Model,0.09672331982764643
Model,0.1898287109440917
Model,0.16373972284089494
Model,0.14667457029838096
Model,0.21174677093425057
Model,0.10698688820984581
Model,0.13216590495944155
Model,0.15200525156763217
Model,0.07593078079032259
Model,0.07782971978586253
Model,0.22477240240826388
Model,0.21477226456139267
Model,0.15190607249537438
Model,0.08128605060354124
Model,0.24865518605031298
Model,0.23539448502071725
Model,0.1949389455310477
Model,0.22937502669650175
Model,0.24880263053188087
Model,0.18087433692204913
Model,0.1490172264700882
Model,0.056681556845189746
Model,0.07025269574279103
Model,-0.038976975773754974
Model,0.17005719601642857
Model,0.14588997090274805
Model,0.10051493149005716
Model,0.12764130182223707
Model,0.2053696794254724
Model,0.14862096017286797
Model,0.07754034568101933
Model,0.2237649365279454
Model,0.26394920298619945
Model,0.2513364989356186
Model,0.09934952054401175
Model,0.16993624363987472
Model,0.06524580836694774
Model,0.16472226667032064
Model,0.19673898706468052
Model,0.17927564599176446
Model,0.16728550601032136
Model,0.1767901515748057
Model,0.010152001644057967
Model,0.24305930158897918
Model,0.22520664012020117
Model,0.09553010381317986
Model,0.13818314973858817
Model,0.20017039164518702
Model,-0.20888540976023595
Model,0.15253028662308402
Model,0.2561544968000091
Model,0.16983040426354212
Model,0.0744466122443328
Model,0.12668939517891925
Model,0.14865957441404382
Model,0.13521366866270168
Model,0.1726742966916649
Model,0.18557318676275553
Model,0.17913872089938843
Model,0.132954535542789
Model,0.06084488526634549
Model,0.10356839019452183
Model,0.05485118046785009
Model,0.17717749192696083
Model,0.12281766470725189
Model,0.16648397570602602
Model,0.1537440123499569
Model,0.15981022144772666
Model,0.06381851580895179
Model,0.1665755603358631
Model,0.07243628113830636
Model,0.13017403720613308
Model,0.2462260075901929
Model,0.16325428626741983
Model,0.17369552373620312
Model,0.10995380415964287
Model,0.23071898956894207
Model,0.0
Control,0.2935811379548565
Control,0.028242248888132704
Control,0.2000392235508199
Control,0.19416210244730564
Control,0.19797631942043067
Control,0.1972837022847289
Control,0.1427489209467485
Control,0.09833617679517273
Control,0.18709601260879496
Control,0.20693293755402664
Control,0.2647886752019093
Control,0.2525769235564182
Control,0.2704670240514919
Control,0.08584409766106832
Control,0.2121430103861236
Control,-0.00693066788623431
Control,0.2124033189537533
Control,0.15672716940259984
Control,0.14277664873512294
Control,0.12476904814857304
Control,0.10615172088478453
Control,0.1697356362007932
Control,0.13967594999400537
Control,0.021663395191647672
Control,0.08495072776258589
Control,0.14636215810127215
Control,0.22982975551515916
Control,0.15906912985454036
Control,0.18353740374247235
Control,0.23553263104480246
Control,0.2659258330811891
Control,0.1438475756209298
Control,-0.02511693595378031
Control,0.2077570195447907
Control,0.2424377540547978
Control,0.17841214812054415
Control,0.19395667985663098
Control,0.22488635253480976
Control,0.20153605127281438
Control,0.08950657941558818
Control,0.25372691749861936
Control,0.23216091762551228
Control,0.1056035561705114
Control,0.18659006898086872
Control,0.22322802227343472
Control,0.08640435108771691
Control,0.17481289460108831
Control,0.27892580704811293
Control,0.20475624716002805
Control,0.15367598358205328
Control,0.1967878029365072
Control,0.15588254341180777
Control,0.10686385977095453
Control,0.07422995035730745
Control,0.17979862312542289
Control,0.22440180983165964
Control,0.1957153213462702
Control,0.026095469194644005
Control,0.09691960171047792
Control,-0.024546586085056915
Control,0.14299797294131888
Control,0.11058444269790565
Control,-0.20029147093910038
Control,0.2542097555222187
Control,0.20285251427653642
Control,-0.07696249336834866
Control,0.2291402748994604
Control,0.2098520898500015
Control,0.20352491965660682
Control,0.16707607522324444
Control,0.13469564024288389
Control,0.24181067053158017
Control,0.14112212240629501
Control,0.0668313425520192
Control,-0.006830502513260339
Control,0.1482647032774943
Control,0.09602794174100773
Control,0.12613176203093002
Control,0.041155099735876666
Control,0.09934059592792421
Control,0.2030911520040421
Control,0.21120487354537984
Control,0.11280828515024088
Control,0.18286817395434599
Control,0.09741049094609461
Control,0.19098222189257905
Control,0.1162537881230298
Control,0.13377718462991875
Control,0.15742277580758798
Control,0.16153377766327448
Control,0.11081119378407794
Control,0.19370451699132504
Control,0.16419434015833284
Control,0.21374968235840897
Control,0.17140390854349635
Control,0.16803083239058855
Control,0.2064301760300346
Model,0.1786688955598319
Model,0.06159352631606119
Model,0.18509488733051346
Model,0.20206545201963935
Model,0.12735327231046747
Model,0.08167149596655518
Model,0.13510961343877959
Model,0.08735961898114769
Model,0.017081267990529087
Model,0.15775231148221153
Model,0.17066220548772226
Model,0.20316959862724993
Model,0.15416288110058973
Model,0.046689753481908514
Model,0.08932302222735639
Model,0.2608359343763711
Model,0.1500425883625928
Model,0.14060660190008156
Model,0.14791459928255285
Model,0.13463320128760878
Model,0.18165448517304997
Model,0.1333233237000745
Model,0.19166718292130008
Model,0.2280364185405548
Model,0.07237100647710507
Model,0.1811322355217227
Model,0.2169609290434498
Model,0.1986633181704858
Model,0.26166691934251735
Model,0.17607600101526236
Model,0.15099815939581115
Model,0.006543311985041378
Model,0.1698329452686884
Model,0.2505538747993733
Model,0.2291203762509485
Model,0.20668208506062147
Model,0.17181277062449038
Model,0.21016260134336542
Model,0.24258460900190812
Model,0.2552113765591097
Model,0.14357329850212786
Model,0.07370194995416579
Model,0.1056485574115213
Model,0.1139211262614698
Model,0.2372632606106591
Model,0.053020706344208995
Model,0.12172154984213704
Model,0.0435790957814475
Model,0.11995958072551785
Model,0.17898297575671007
Model,0.2536899559739707
Model,0.18262842546737312
Model,0.233197384188938
Model,0.09773729078745763
Model,0.14233768132485144
Model,0.03812563771521102
Model,0.2070983171197217
Model,0.11049221271655232
Model,0.08190238216648932
Model,-0.057892648006894254
Model,0.13102432178414386
Model,0.013698687056368147
Model,0.12094964218245968
Model,0.2141657993280502
Model,0.14056329091921566
Model,0.12258495009995354
Model,0.06501071316209792
Model,0.18749836230091957
Model,0.20463419399133892
Model,0.14381111339316052
Model,0.15129478865509716
Model,0.06395016359777886
Model,0.06821861248484157
Model,0.07439697572884621
Model,0.0688609338657247
Model,0.13619267395640428
Model,0.15957570567710475
Model,0.15675342534829673
Model,-0.0013476596229451132
Model,0.16055865989480927
Model,0.14998561442895078
Model,0.12743757680108317
Model,-0.0022086834030406455
Model,0.11066205126784717
Model,0.12561500165507677
Model,0.14453012688104125
Model,0.12257291687239241
Model,0.1702126192807354
Model,0.08745921129898615
Model,0.05744716176221204
Model,0.168954160832774
Model,0.06776692768934708
Model,0.060701087565725065
Model,0.16442018488179083
Model,0.22082725017764496
Model,-0.02582591672406149
Control,0.28401317471511656
Control,0.17899040726647858
Control,0.26181498525400493
Control,0.22746430658044892
Control,0.14272633557069792
Control,0.18934675177337065
Control,0.13702320202005616
Control,0.25383655589028215
Control,0.18696956916264734
Control,0.27162144136269356
Control,0.1563748511981007
Control,-0.022480005670417774
Control,0.18382244152634705
Control,0.09771931078388807
Control,0.1507844859806856
Control,0.15984816309334574
Control,0.1524948041175919
Control,0.16171293952393292
Control,0.21590754486113756
Control,0.24466367562611896
Control,0.2929240761526186
Control,0.09010616612673603
Control,0.1911936729913837
Control,0.23243526258862007
Control,0.18104054138413242
Control,0.16557164229411078
Control,0.1912934473127027
Control,0.01789158037806568
Control,0.12373582282858417
Control,0.18421975080517752
Control,0.19468508316920355
Control,0.10468217188963791
Control,0.08841499437057854
Control,0.1915869953374533
Control,0.14467530107019738
Control,0.13234665162587245
Control,0.2089910881973828
Control,0.021710003033662467
Control,0.1856487533586347
Control,0.1599376544505856
Control,0.13674757691928774
Control,0.09875457821083708
Control,0.10965691880637587
Control,0.21447390111925344
Control,0.20359798764172474
Control,0.2527145643032248
Control,0.27286583431056777
Control,0.1373985948637045
Control,0.12205946332501996
Control,0.11861527823285514
Control,0.16151393868585626
Control,0.16322829266189862
Control,0.17288498057170856
Control,0.22432347922819515
Control,0.20765970011087034
Control,0.21377157593517668
Control,0.18122482871265047
Control,0.04795618825400022
Control,-0.042426211412667975
Control,0.10321884363922917
Control,0.06384583932234422
Control,0.16483441177950786
Control,0.14325124576870546
Control,0.11480563965396606
Control,0.17067133901908646
Control,0.1813351399656655
Control,0.07631073348896958
Control,0.17591927987144412
Control,0.2354872940376052
Control,0.1517132545926233
Control,0.15665284832451523
Control,0.0644336833868803
Control,0.15907464644050387
Control,0.11112284926134874
Control,0.11269000680948979
Control,-0.05646678536233296
Control,0.06188773550716131
Control,0.14805523674092033
Control,0.1649368447204896
Control,0.195732429939236
Control,0.08855395465923124
Control,0.11076917343979564
Control,0.07222653857308756
Control,0.09275488949140975
Control,0.08788707297515441
Control,0.03989315371848268
Control,0.1492396436274517
Control,0.2048907575001286
Control,0.028827213058237794
Control,0.12395508220230325
Control,0.027683448432679947
Control,0.17648231052900507
Control,-0.022101711336452695
Control,0.17208051801126537
Control,0.07979492944485636
Control,0.21975492939369604
Control,0.1863299099232175
Model,0.3126275401184525
Model,0.11164099576082517
Model,0.15178962216329414
Model,0.12457015814722713
Model,0.1443447233442479
Model,0.08777247510493269
Model,0.12795427371825663
Model,0.11310555012595563
Model,0.16426335741976564
Model,0.17248333071918123
Model,0.10177559032620925
Model,0.18182116168797216
Model,0.2728902019120113
Model,0.12217151686765149
Model,0.11433837332720212
Model,0.11364194920230469
Model,0.18708271977627688
Model,0.11387629778754621
Model,0.14314740769972104
Model,0.1856735924813261
Model,0.18784369048200455
Model,0.14996350741838263
Model,0.15211009607134324
Model,0.033757135355087176
Model,0.06382770024015752
Model,0.2040057277998398
Model,0.12610261489449268
Model,0.24049808707922996
Model,0.1774069662211066
Model,0.1662560290716165
Model,-0.0012865385482941083
Model,0.17674411273454474
Model,0.023024039324310713
Model,0.09697687247126396
Model,0.16663619387508635
Model,0.18388584226270185
Model,0.17887171335443605
Model,0.08405381786650507
Model,0.13052703744192984
Model,0.200149390476869
Model,0.25186783121846856
Model,0.246938473537747
Model,0.15987985562055537
Model,0.11854441734726481
Model,0.06933030728645281
Model,0.11303091833291115
Model,0.20677349041138204
Model,0.14446876898258426
Model,0.17148883340084964
Model,0.18929800607156064
Model,0.19247291000391728
Model,-0.04701900495467512
Model,0.12084932703371162
Model,0.144584858297903
Model,0.14932285370502452
Model,0.1993655310559565
Model,0.070146070674909
Model,0.010446929280441608
Model,0.22268335463078393
Model,0.11765061566396434
Model,0.04214174485658456
Model,-0.0023330816855797465
Model,0.09218284218606343
Model,0.23139358550276912
Model,0.26457862444678804
Model,0.10327199995185488
Model,0.12198100673448015
Model,-0.0076976926164616655
Model,-0.029715125576708218
Model,0.18746441875147313
Model,0.11601860241480627
Model,0.08312443167868266
Model,0.15529763193566395
Model,0.08630539422051164
Model,0.1247296713400578
Model,0.084570334973011
Model,0.10198622908746388
Model,0.166439183845435
Model,0.11517397961356038
Model,0.09691784586529001
Model,0.11154241233632187
Model,0.09470090851470112
Model,0.08571243618377208
Model,0.07295311620269998
Model,0.12219473051785626
Model,0.1341547123431628
Model,0.03161695456690877
Model,0.056310518728849485
Model,0.10869488654992521
Model,0.09141877875014423
Model,0.1945751832347517
Model,0.15623960832555425
Model,0.22200804649786807
Model,0.2432333802432652
Model,0.27672754535441146
Model,-0.07648239008160339
Control,0.32146323830254764
Control,0.3095223134177983
Control,0.08920270151384965
Control,0.1546743385236266
Control,0.1826017041137253
Control,0.14499975805697235
Control,0.16647651642062591
Control,0.11319743550342062
Control,0.15440954292896997
Control,0.1934508774990222
Control,0.05888158534814414
Control,0.06831889361176335
Control,0.26322571582751664
Control,0.17154083111081503
Control,0.22431966147428103
Control,0.23235808606929204
Control,0.19543483172239137
Control,0.17904172613469255
Control,0.26975842728928445
Control,-0.07939383254667853
Control,0.21805293969353176
Control,0.10698018105931106
Control,0.015476413993133736
Control,0.21567057393732147
Control,0.20734612173592895
Control,0.2142812000336323
Control,-0.06889505636200324
Control,0.02630606529571805
Control,0.18761529172941993
Control,-0.1689003016239026
Control,-0.19257333047413905
Control,0.19549114860951433
Control,0.2941712459991608
Control,0.21234036408937895
Control,-0.04522472673169481
Control,0.2644512714483799
Control,0.18764755903943595
Control,0.1968313407738472
Control,0.10064788991658055
Control,0.12362834967365502
Control,-0.024690904213300363
Control,0.1054681473086643
Control,0.19449884211073484
Control,0.18824865812707772
Control,0.24029423294790345
Control,0.21463041760052326
Control,0.18337619623611603
Control,0.07681932131715175
Control,0.09235444914138435
Control,0.15359969003543408
Control,0.11849344494350778
Control,0.19741458199095965
Control,0.2318145739726531
Control,0.253286740585846
Control,0.13083866820021747
Control,0.026055338124899297
Control,0.11022784425529217
Control,0.1423199982148748
Control,0.12156591739675804
Control,0.13917901915982944
Control,0.14166964788234884
Control,0.1458185550361174
Control,0.07388537756708285
Control,0.14724520682756986
Control,0.16463340511555924
Control,0.145342613010768
Control,0.21848040799233426
Control,0.10703478682134196
Control,0.14799441342369768
Control,0.26179130287340524
Control,0.04758406542615348
Control,0.1824063235434933
Control,0.17540326086573776
Control,-0.04552919901865915
Control,0.11174203440497152
Control,0.09834245986895948
Control,0.030046424073652017
Control,0.1402455901886973
Control,0.14162194901618402
Control,0.12150306260439594
Control,0.0409174352851068
Control,0.17068853638775502
Control,0.1774121128197099
Control,0.20410597842672598
Control,0.1675282387164657
Control,0.10221574936423414
Control,0.1851601174045167
Control,0.17106211663887252
Control,0.15129803255648916
Control,0.22519600245200402
Control,0.1628594681570761
Control,0.13654370737182125
Control,0.1588610696420489
Control,0.13006853970928467
Control,0.21340795544078917
Control,0.2583445568414303
Control,0.15492366388888662
Model,0.11319287166148922
Model,0.16296099765909425
Model,0.17853252664457595
Model,0.1000691854302567
Model,0.08639614305634433
Model,0.16275320962121256
Model,0.0931197497889881
Model,0.20650643196658813
Model,0.16251029843337828
Model,0.15465963325372906
Model,0.22131379073280155
Model,0.17445534647109118
Model,0.11723757175564634
Model,0.08412203342220856
Model,0.25342736050170933
Model,0.12328303936731855
Model,0.18128117310960953
Model,0.1420018310132234
Model,0.18682457491705648
Model,0.14282419875579802
Model,0.10209126961536899
Model,0.16904824832610063
Model,0.0778937194259669
Model,0.18251625882874895
Model,0.16410790983516904
Model,0.18496936513162907
Model,0.07270856186697713
Model,0.1532689744945088
Model,0.14528776690314046
Model,0.197316031790896
Model,0.07493920363444281
Model,0.16130139476878189
Model,0.02246843054143083
Model,-0.01697223169216211
Model,-0.00957101796117249
Model,0.06450710454779193
Model,0.21011996162907864
Model,0.18196287654846938
Model,0.19673768254028115
Model,0.1287760470091566
Model,0.09113614628280417
Model,0.037188742538226766
Model,0.20565861802436036
Model,0.21391888552551952
Model,0.12645039470698125
Model,0.18304097041105616
Model,0.06804606919836173
Model,0.18505380956358466
Model,0.1744274922969482
Model,0.15420600788516214
Model,0.026357402503822708
Model,0.1359428764718565
Model,0.22103559612031765
Model,0.09100174020099533
Model,0.18381703218887482
Model,0.019383482975571714
Model,0.19757513258369472
Model,0.18148827738852275
Model,0.16061431986831104
Model,-0.00016112869798540208
Model,0.07079753954142101
Model,0.11000067088649157
Model,0.11311631271804587
Model,0.06478160526707288
Model,0.10914711024583115
Model,0.23503015192854762
Model,0.13000746940157754
Model,0.11034167577058843
Model,0.14589653538753886
Model,0.0674788672123997
Model,0.11205481738682704
Model,0.2127489328650195
Model,0.02381356198386339
Model,0.09363347418199283
Model,0.10988622684542551
Model,0.22863878826366751
Model,0.12129405629276033
Model,0.09821159252222036
Model,0.12816177383314406
Model,0.10933977524971084
Model,0.06368374711560834
Model,0.07763310725340744
Model,0.13742345219338886
Model,0.07092964695714657
Model,0.18469981578414388
Model,0.10591380160256242
Model,0.012055101601973817
Model,0.08583235076172827
Model,0.13547169590740568
Model,0.10710162103774157
Model,0.07173114789103716
Model,0.10084468166166324
Model,0.17900228128252488
Model,0.16603041731792947
Model,0.07719130147925457
Model,0.31628969746954333
Model,-0.06747490107813807
Control,0.21454859869668846
Control,0.2193945227658071
Control,0.15109172792339007
Control,0.19030635824703185
Control,0.21772367446584714
Control,0.18314970111102694
Control,0.10896245452472597
Control,0.1893702991298476
Control,0.0839393374114531
Control,0.21056512566314492
Control,0.06881031397327264
Control,0.18231213704133642
Control,0.176755497686839
Control,0.0821247227082949
Control,0.1404841356851584
Control,0.18765434041336895
Control,0.25785884942232296
Control,0.18422057716344112
Control,0.19245149406169437
Control,0.15492854389458596
Control,0.055751956625526955
Control,0.17637981140493947
Control,0.2280137150848457
Control,0.22804372459483915
Control,0.1636003569482827
Control,0.033297087502984546
Control,0.1069690809069137
Control,0.16699155756462378
Control,-0.01734964757194221
Control,-0.02029084647645385
Control,0.16774650135699454
Control,0.29272542589882944
Control,0.15341598147665508
Control,0.10595985891561177
Control,0.2316545109817947
Control,0.13669619512398506
Control,0.14072242316062103
Control,0.032577148182867915
Control,0.19263928856206447
Control,0.14144465563156403
Control,0.21810962072051357
Control,0.20584276328517442
Control,0.13255351974546842
Control,0.13024020726598357
Control,0.1856230987752959
Control,0.1703237170226864
Control,0.3128857566095648
Control,0.07039919811214759
Control,0.07896721781695568
Control,0.14156844491012388
Control,0.23945779279455823
Control,0.20055613735713557
Control,0.07655052164592341
Control,0.04938946805537214
Control,-0.058974175847892385
Control,0.029264349668985473
Control,0.07356696696318643
Control,0.19728015418036726
Control,0.1729696626248567
Control,-0.07042446732521057
Control,0.19123858592183296
Control,-0.06777808943985565
Control,0.10107755395215223
Control,0.07440293679136364
Control,0.17783667889725804
Control,0.012777017311108946
Control,0.13221191881492386
Control,0.06025673852716401
Control,0.14731884986128962
Control,0.21505199520617158
Control,0.19858903629723998
Control,0.16104720348498494
Control,0.028219823853227993
Control,0.16217856516141688
Control,0.14554460232074445
Control,0.12554304502746602
Control,0.09133877117631159
Control,0.11795686625583782
Control,0.13627463678851176
Control,0.0976653451239119
Control,0.16012662190657395
Control,0.059233067559292196
Control,0.17138083749258667
Control,0.14420735424046002
Control,0.18300793760995004
Control,0.12431809894217297
Control,0.15523272719537404
Control,0.16320390047436972
Control,0.13182299046745
Control,0.23336434085233554
Control,0.20499466122060583
Control,0.13370944571202684
Control,0.21695191950569453
Control,0.2452380557522726
Control,0.12460952106792661
Control,0.16183080933697377
Control,0.12279026604017684
Model,0.1780298111032084
Model,0.14386115571195335
Model,0.13544146060412016
Model,0.15460696680224192
Model,0.2195987430304588
Model,0.13859157245959194
Model,0.1985113675246138
Model,0.1251688544433917
Model,0.22433485022622476
Model,0.13227091053523615
Model,0.2725051733163687
Model,0.010266605361781145
Model,0.10858908066382775
Model,0.04031511380388053
Model,0.20357731672433707
Model,0.25242305811963883
Model,0.20545093085587754
Model,0.18209478488335243
Model,0.15058243593643342
Model,0.1484638635928814
Model,0.1846970727744044
Model,0.15983631299889606
Model,0.15867708585201168
Model,0.1452805916202507
Model,0.24840898059283611
Model,0.20887663903975298
Model,0.0882285112388424
Model,0.21682929314897212
Model,0.20255870510768997
Model,0.13359687001410137
Model,0.1649842916125039
Model,0.14345853504129877
Model,0.03786610653302078
Model,0.11508420691176532
Model,0.164864869819437
Model,-0.01999482389543633
Model,0.08259855664294699
Model,0.2153056871930891
Model,0.2051897446314494
Model,0.15651741128834326
Model,0.05823295756991759
Model,0.16780944957648103
Model,0.07275285622480851
Model,0.11754323141763573
Model,0.20860705354407746
Model,0.21101078859539735
Model,0.20497833951526928
Model,0.17791092143276732
Model,0.13601138759217532
Model,0.11661087310433788
Model,0.1636605499314358
Model,0.19486023457419782
Model,-0.04063850847242134
Model,0.23070812942989694
Model,0.00014507318685949566
Model,0.13123465900038397
Model,-0.19527670053335336
Model,0.08631079438803854
Model,0.115651659144207
Model,0.10671196879617614
Model,0.11073220254585495
Model,0.16015990309359107
Model,0.12148626565667431
Model,-0.001681810105790521
Model,0.0032976603295359064
Model,0.2114710934053164
Model,0.09888946996750508
Model,0.09475551268195895
Model,-0.004384043158230322
Model,0.04904304001243617
Model,0.13171536600842257
Model,0.08588786042786492
Model,0.1542177305306612
Model,0.18222534138223398
Model,0.15264782405883043
Model,0.11624775004626117
Model,0.2274320932269229
Model,0.11648350668325602
Model,0.0653468605002166
Model,0.09878155067479999
Model,0.0636218020748534
Model,0.04674090151005367
Model,0.08482771932480726
Model,0.09240041741293539
Model,0.13782160543943597
Model,0.16331250598465188
Model,0.14532430474973443
Model,0.03010896941358296
Model,0.11718605214536787
Model,0.2257774141985703
Model,0.1072238467077215
Model,0.013678831666076724
Model,0.03233600978468573
Model,0.1937350998222496
Model,-0.031754107844736534
Model,0.1977477594628648
Model,0.22202574914381523
Control,0.3269721378583706
Control,0.18355679219648857
Control,0.17943675183133537
Control,0.18702684836244104
Control,0.25121723781594196
Control,0.12200369404311165
Control,0.21655257130945008
Control,0.1185017410860944
Control,0.12227714001933068
Control,0.13118804032720183
Control,0.2227064525270409
Control,-0.0010266684103703294
Control,0.16850034887575385
Control,0.12407457682334191
Control,0.0662472087935593
Control,0.24134880576776951
Control,-0.012475573697616427
Control,0.15522227691301665
Control,0.11104090237697231
Control,0.20339926482575924
Control,0.10913326628630776
Control,0.03712998146197469
Control,0.19091927008485315
Control,0.20589013522285282
Control,0.22545238016972705
Control,0.11326328707379243
Control,0.17106274604265775
Control,0.18583239613302308
Control,0.2699234182619331
Control,0.17093218728451426
Control,0.14960694804771021
Control,0.09628363443723359
Control,0.15280906744758152
Control,0.17271632334859077
Control,0.09491749684281703
Control,0.15780474934955374
Control,0.24444805499303301
Control,0.0670641353031996
Control,0.19832605475698956
Control,0.176385629801713
Control,0.2320597076097061
Control,0.15635965075115427
Control,0.03525625695884557
Control,0.15323679051138753
Control,0.16216558237936984
Control,0.1738137607457513
Control,0.1528673952106914
Control,0.168443675025251
Control,0.1358944632137898
Control,0.21734858157244016
Control,0.14396700452402683
Control,0.16674821499066478
Control,-0.21219666905227713
Control,0.18917932637957824
Control,0.1744575289180845
Control,0.025996552661908506
Control,0.09885552854442278
Control,0.21545566377565345
Control,0.2593165941727467
Control,0.057633769020454834
Control,0.1466568190118541
Control,0.18189594817400775
Control,0.11291926062625388
Control,0.10645211374214791
Control,0.1145916609062399
Control,0.16666395953932203
Control,0.18255381985518715
Control,0.11199311754243696
Control,0.1861474811698548
Control,0.10961238191013484
Control,0.1626871963807173
Control,0.18226765190877245
Control,-0.09081218749650215
Control,0.22030460276332586
Control,0.08631132152699839
Control,0.12650104576395774
Control,0.08595620476149665
Control,0.1484249066083859
Control,0.12230129770876441
Control,0.07873407069390168
Control,0.11437422376013917
Control,0.20282927125592695
Control,0.18265452339763494
Control,0.13349065998591975
Control,0.21091645058979558
Control,0.1642860770890014
Control,0.20913237565868806
Control,0.12956214077363712
Control,0.3390711022327044
Control,0.16926584315539203
Control,0.12900657631215973
Control,0.17345093684052942
Control,0.1352429905596917
Control,0.16405349099383573
Control,0.09572043068034194
Control,0.01088935296272353
Control,0.034048797294846334
Model,0.16223850098740697
Model,0.19360531971207431
Model,0.24036891657107382
Model,0.2043194550202709
Model,0.17110339521431472
Model,0.20723420202134046
Model,0.1918959475414144
Model,0.09074269289954451
Model,0.23982709001670843
Model,0.1372046051349661
Model,0.14705913640982332
Model,0.16162193951133633
Model,0.13521209462164768
Model,0.18834366660187207
Model,0.13159754749391658
Model,0.20710913752233703
Model,0.0887328214868654
Model,0.1771452974449166
Model,0.21674773326286903
Model,0.03026722346659888
Model,0.12062475414180437
Model,0.15639428603343472
Model,0.16810379578517035
Model,0.1775135209860743
Model,0.17144633881091542
Model,0.16688107035497626
Model,0.14691531126581575
Model,0.20939974069861134
Model,0.313003490202403
Model,0.17443265072345204
Model,0.1635032116104262
Model,0.19611145953005105
Model,0.221424807805813
Model,0.17238329857621038
Model,0.07947175731361242
Model,0.2254430782569026
Model,0.1401341785422403
Model,0.08062954331720154
Model,0.2184493524440821
Model,0.16796105880801096
Model,0.24758685844531955
Model,0.13222842365337187
Model,0.0649120440849891
Model,0.10735209975620047
Model,0.14785132612804636
Model,0.057938966862732755
Model,0.22341751560585424
Model,0.24946405948736727
Model,0.3042745180884865
Model,0.11416125603211233
Model,-0.06425301665845123
Model,0.10323683380947732
Model,0.14053283447405965
Model,0.12195996117831073
Model,0.0724318452104677
Model,0.05223029805399235
Model,0.02922418198590826
Model,0.09774010542908906
Model,0.10108646474687283
Model,0.1822906012253352
Model,0.10687322374703226
Model,0.16848426186785917
Model,0.10018190213270411
Model,0.01989959002604319
Model,1.0454734432258084e-05
Model,-0.11383903910350905
Model,0.21471412325383826
Model,0.2076102152317264
Model,0.12904952594401975
Model,0.01007386241336597
Model,0.03954533337217775
Model,0.1919415802461248
Model,0.17679236990419386
Model,0.031034203808974814
Model,0.13402139628877077
Model,0.18206090153659069
Model,0.13047982591184618
Model,0.0826618694674344
Model,0.18600511298397582
Model,0.005765378076495936
Model,0.1690657150785261
Model,0.012068203992003729
Model,0.10029629321401334
Model,0.12272732260500974
Model,0.1736837960405892
Model,0.08268956509455122
Model,0.15359526573614932
Model,0.10524465108794911
Model,0.07328775269264892
Model,0.1324233260574681
Model,0.1571940767060687
Model,0.16059258018714795
Model,0.11412628053156959
Model,0.1723643639680401
Model,0.20292778331433384
Model,0.15099339029329145
Model,0.22253930555405294
Model,-0.05001846045554681
Control,0.21173219975819157
Control,0.1610607631762025
Control,0.10592463077642977
Control,0.1577228239946142
Control,0.20495235747185309
Control,0.20317699784286314
Control,0.19819036043075683
Control,0.19652440529337428
Control,0.14510421915064955
Control,0.11118564471486153
Control,0.15428749520908897
Control,0.16776267022990862
Control,0.19930791416295796
Control,0.053867822905447976
Control,0.15009038530730354
Control,0.16381832309391187
Control,0.17419443999644507
Control,0.16214427767257097
Control,0.09466335453184421
Control,0.10459567930387415
Control,0.08446087300312291
Control,0.17635511036301935
Control,0.12606624695768323
Control,0.21103148011193756
Control,0.19603023481209542
Control,0.21397046979055756
Control,0.1016026977179707
Control,0.08595426033438916
Control,0.23344588505650313
Control,0.15720020249535807
Control,0.05074469826559025
Control,0.1650688104672044
Control,0.04547715379774506
Control,0.2876776180405548
Control,0.09124703132189238
Control,0.137792576515555
Control,0.15831884851423794
Control,0.18000060180357866
Control,0.2679311621813737
Control,0.23662691491104687
Control,0.15814527433984388
Control,-0.01370925169724685
Control,0.10730463565392637
Control,0.18348940107203116
Control,0.24180127319816494
Control,0.19937794383951654
Control,0.16339625868377347
Control,0.008788489910006664
Control,0.14786664844223757
Control,0.19905133630121033
Control,-0.0074803711578598775
Control,0.09563329413848845
Control,0.13702789942423504
Control,0.03425206740697226
Control,0.111826476710563
Control,0.15275380470548056
Control,0.0580283987482256
Control,0.05452953274034736
Control,0.11007928582471083
Control,0.002422664144233172
Control,0.1680967641647577
Control,0.1611984938947918
Control,0.17231955110960312
Control,0.16733984790385237
Control,0.16858248181699242
Control,0.15566838837520466
Control,0.08907383986008474
Control,0.08425331089143104
Control,0.09294085452123363
Control,0.1367033544591438
Control,0.18198870429758773
Control,0.1983654174783424
Control,0.07049432945091988
Control,0.20440008541944962
Control,0.2533611206705355
Control,0.14233347564237972
Control,0.1760003439160095
Control,0.03913267207650703
Control,0.15915094742939756
Control,0.12114478672627221
Control,0.14756379744148043
Control,0.08378638790602669
Control,0.03931346758286422
Control,0.14827854338298274
Control,0.12995341602908062
Control,0.1758644630013235
Control,0.14103741669734585
Control,0.12260823717617003
Control,0.11198687859070608
Control,0.15219219605393763
Control,0.1257620299008645
Control,0.22523122966090173
Control,0.06154602692943223
Control,0.18958076957609074
Control,0.07170980843147437
Control,0.1845476053231536
Control,0.15668708863465683
Model,0.1328615437914828
Model,0.1621979724869149
Model,0.16353495144923794
Model,0.23336035843809844
Model,0.22716213256087459
Model,0.12616674676786696
Model,0.1479603529242236
Model,0.15426127833533315
Model,0.1203139745936612
Model,0.17166984838785534
Model,0.2563487365758805
Model,0.08764677814549557
Model,0.23980538169941643
Model,0.192459370513159
Model,0.14554972832019514
Model,0.1694542710464801
Model,0.22515623638595358
Model,0.18878468582064012
Model,0.1717326028424096
Model,0.15104291484241633
Model,0.18572429257757556
Model,0.05463010451466743
Model,0.1603144613263865
Model,0.08471166270233715
Model,0.1590351631808839
Model,0.1748995366303817
Model,0.24338486255743563
Model,0.194719817593212
Model,0.16265652291352134
Model,0.16835567916648975
Model,0.15917806242620666
Model,0.13099838884644951
Model,0.1573225262438839
Model,0.2539845362156131
Model,0.15486653885049298
Model,0.11624893223827368
Model,0.0014062830171191754
Model,0.19346739562724613
Model,0.09940609100005829
Model,0.08945018923535128
Model,0.16800092042754994
Model,0.17711591919927694
Model,0.1274715061304694
Model,0.07489134529096758
Model,0.14299091593743435
Model,0.16302220093100897
Model,0.04157488269019155
Model,0.14293285795677466
Model,0.10292428685404117
Model,0.2125889730028218
Model,0.19204779798237645
Model,0.10753669733453622
Model,0.12117189521109112
Model,0.05691052705813679
Model,0.1856323851390826
Model,0.14987956188461324
Model,0.19529676623434794
Model,0.07899396448762652
Model,-0.0430758431670126
Model,0.09821045784115659
Model,-0.07106349274200474
Model,0.12250792435313279
Model,0.10575387011403622
Model,0.12330541257209734
Model,0.012854803233109446
Model,0.11528283430714004
Model,0.1715407683830729
Model,0.14538176655104856
Model,0.03438555895285464
Model,0.16263739666678304
Model,-0.010017759956776645
Model,0.08357061789585993
Model,0.10871075440941577
Model,0.14284507985099104
Model,0.21206765602796504
Model,0.08533582247486352
Model,0.16083557071494417
Model,-0.016468552442697376
Model,0.12095528355941856
Model,0.11258453044338501
Model,0.09179014651937498
Model,0.2341598694938481
Model,0.029763440490433474
Model,0.09868367207355991
Model,0.0974445054629442
Model,0.10296609961202444
Model,0.14193496616389042
Model,0.21193237581114835
Model,0.13612027285223952
Model,0.09343826245836323
Model,0.17933445271839665
Model,0.07060636179635887
Model,-0.20397829291812553
Model,0.12755165650294378
Model,0.09768888796186498
Model,0.2523991440982457
Model,0.1951509437699249
Model,0.348260351115113
Control,0.0
Control,0.16719482654711873
Control,0.19165109950164488
Control,0.11528706032296884
Control,0.15005669366555868
Control,0.18973477282784587
Control,0.07455426268487203
Control,0.11111432612939023
Control,0.09136630068123011
Control,0.08933110779344439
Control,0.15289943034832293
Control,0.11612359084679
Control,0.16570358983383263
Control,0.20299847508752625
Control,0.0365924378701277
Control,0.14314899503055095
Control,0.1781032308686936
Control,0.03161355696925883
Control,0.23683659607750118
Control,0.1163929566624704
Control,0.16008301031097788
Control,0.0627658185087053
Control,0.13745330953544865
Control,0.20222986701340182
Control,0.18965958233262384
Control,0.15075757777278906
Control,0.1048687099081484
Control,-0.21358632881904527
Control,0.21195488151499262
Control,0.17485601115253327
Control,0.1596624554864805
Control,0.21654437922580852
Control,0.14024780712265902
Control,0.1507717836129094
Control,0.17365444025467072
Control,0.21632926028176164
Control,0.16948816077233425
Control,0.1578555184197399
Control,0.11449335557029666
Control,0.23811310868598146
Control,0.13225957329323726
Control,0.2281379728944538
Control,0.18870330986503506
Control,0.007733963737253907
Control,0.18435084726765272
Control,0.2761214368186534
Control,0.19286878797388662
Control,-0.12474253939811468
Control,0.12768057556854043
Control,0.20385850671940425
Control,0.07474681326378149
Control,0.1484596592393873
Control,0.11821379270840648
Control,0.13366460148971882
Control,0.05202965174231641
Control,0.1394097185719638
Control,0.2363331351126051
Control,0.15048198024830559
Control,0.07504881930058885
Control,0.14083339072921736
Control,0.016526729831993242
Control,0.23750474248309866
Control,0.09749131398057459
Control,0.21339434671029867
Control,0.1310608049433101
Control,0.10935277351434683
Control,0.12156853581484875
Control,0.14685077624709045
Control,0.07185948180780233
Control,0.14728405855704044
Control,0.14247648359806908
Control,0.17140159120527798
Control,0.0833729231105069
Control,0.1859096853496505
Control,0.1191904992695769
Control,0.1712809410382274
Control,0.11045355581519595
Control,0.1077851023163684
Control,0.038899390328023475
Control,0.005104515398359349
Control,0.1467383370351632
Control,0.177993628758119
Control,0.1328601606580592
Control,0.04743476369840777
Control,0.21090047441863166
Control,0.13433010097065629
Control,0.19461685731392372
Control,0.0602482814453916
Control,0.12744449266754795
Control,0.11617895106939699
Control,0.166410455071142
Control,0.07209760103470239
Control,0.15944007779975133
Control,0.1785112151599914
Control,0.23616666472210665
Control,0.18195758110437635
Control,0.2859783103500587
Control,0.11922699983834953
Model,0.14350112717818786
Model,0.16945036292209006
Model,0.23979790247935248
Model,0.09880025051907951
Model,0.16334137004886315
Model,0.12683622759985952
Model,0.21842306141337692
Model,0.20418809635051785
Model,0.11734782619486953
Model,0.1522829355869272
Model,0.15210216991611678
Model,0.15762451274472067
Model,0.15735877902478546
Model,0.12250792262546195
Model,0.16843775190504368
Model,0.13656045481512777
Model,0.18734665778169665
Model,0.15428763222667816
Model,0.06470561293322374
Model,0.10792267442148265
Model,0.12617075177472303
Model,0.21451592378924653
Model,0.0649812517224613
Model,0.17386692317167385
Model,0.19109528306601706
Model,0.18126563350758293
Model,0.1199734947221601
Model,0.1234022107810081
Model,0.17252727416048083
Model,0.1804952202832021
Model,0.12652704455249156
Model,0.22631419449214024
Model,0.0840686224110283
Model,0.21748389076096825
Model,0.16592659705724475
Model,0.19818400579152698
Model,0.19689139248668283
Model,0.0955338725942699
Model,-0.0174887921233374
Model,0.18525042674746134
Model,0.06251596779860513
Model,0.060176329336304624
Model,0.2736172870117154
Model,0.1962878823679028
Model,0.05348515517203972
Model,0.08862825274600364
Model,0.05936341859823885
Model,0.19044214493720696
Model,0.11059395764583729
Model,0.14429914366574323
Model,0.22474776289800605
Model,0.20110323875644134
Model,0.10317294613573463
Model,0.19326922433697927
Model,0.10793994833926027
Model,0.1698026284990768
Model,0.1295882911320647
Model,0.0977674225633891
Model,0.06901238647724606
Model,0.1621048494326231
Model,0.07922352283960471
Model,0.1278011345677285
Model,-0.05228499581449672
Model,0.21980942265777417
Model,0.06581340878039033
Model,0.0232068871043066
Model,-0.08745900872957746
Model,0.1798971000988215
Model,0.17927134143336032
Model,0.130391414747589
Model,0.18290394179132602
Model,0.1547094453271549
Model,0.1350561913306365
Model,0.020467332174945424
Model,0.15597102966329857
Model,0.2385521816170734
Model,0.14341494258297993
Model,0.043247417728504906
Model,0.1582833444793089
Model,0.1327242929667002
Model,0.1935221966825334
Model,0.09967422246135596
Model,0.09524760371200747
Model,0.060023336838453234
Model,0.14325237340618804
Model,0.0014768116583127877
Model,0.11819917993534898
Model,0.22991648977549708
Model,0.15520554481940127
Model,-0.10881911572006633
Model,0.14750577547611332
Model,-0.01839431618634141
Model,0.03931215840704333
Model,0.22868559472138267
Model,0.06506890530304499
Model,0.03296121831987481
Model,0.17692104177995938
Model,0.19334954129679416
Control,-0.020324895214476314
Control,0.20487513683046915
Control,0.19553502374136597
Control,0.20136662962178853
Control,0.13969511783774213
Control,0.11062470540288033
Control,0.17651726543039514
Control,0.14991718922703293
Control,0.19940937415944823
Control,0.1439023537513537
Control,0.14385439533586616
Control,0.1420680001427896
Control,0.20240910156913425
Control,0.14056545688688687
Control,0.15473388216833076
Control,0.10084954385906289
Control,0.03963222843880371
Control,0.09710950868717136
Control,0.10532830391440504
Control,0.18282374517043168
Control,0.09461845396088647
Control,0.1339396995844251
Control,0.21471183395704696
Control,0.24192437014585086
Control,0.1527263185252314
Control,0.16962550874537846
Control,0.1509531136340521
Control,0.21592779622030098
Control,0.019301005895586976
Control,0.14241237292188733
Control,0.07728435389838759
Control,0.03439378558991346
Control,0.18530720478980706
Control,0.09924576639996194
Control,0.15630619063425225
Control,-0.0411914964782753
Control,0.11738450650786078
Control,0.3219400502101767
Control,0.1064879896914547
Control,0.23661078670484698
Control,0.17660340404297864
Control,0.13043953423516008
Control,0.038053200861549175
Control,0.3074795378490435
Control,0.22443900419318158
Control,0.19919458839008242
Control,0.17343193870723048
Control,-0.0020505770658835187
Control,0.17113628541612574
Control,0.17252193286666104
Control,0.14917728161997887
Control,0.06556863064484186
Control,0.11396538207895113
Control,0.23764924407669802
Control,0.14240754767006455
Control,-0.018085715829196436
Control,0.11530064546410723
Control,0.21189173355017488
Control,0.11054304836851567
Control,0.1821338935041906
Control,0.10072998518130452
Control,0.14626668302244697
Control,0.18239186253967624
Control,0.16690406020535542
Control,0.07704404405128198
Control,0.2026027470262287
Control,0.08042148948380251
Control,0.1305182632661052
Control,0.2444050807750876
Control,0.09779119464997596
Control,0.12088967951112237
Control,0.1403805598234519
Control,0.022012215992280065
Control,0.15369559902544136
Control,0.11256700880418521
Control,0.158926706781887
Control,0.1472369684955082
Control,0.16904603238887211
Control,0.15460096846190316
Control,0.15280377705360337
Control,0.18181090915747977
Control,0.129950046871551
Control,0.010326531752030327
Control,0.12825483396034706
Control,0.14506513551458997
Control,0.12713298277977186
Control,0.05348799632677398
Control,0.0874973411942804
Control,0.20999951665616753
Control,0.21957136303551889
Control,0.1410597620600442
Control,0.20767298962094444
Control,0.16331560914731744
Control,0.19032007077067192
Control,0.2684925737455405
Control,0.15195337492752503
Control,0.25939258803492005
Control,0.2544466053761766
Model,0.18436995371262496
Model,0.10064774047305086
Model,0.2515980648489434
Model,0.09802506261047311
Model,0.1388820146637218
Model,0.16637060355183272
Model,0.10100276095412647
Model,0.13807707034890337
Model,0.1913831184806101
Model,0.23518520307913005
Model,0.08594215394661178
Model,0.1429839524935719
Model,-0.03880094219343852
Model,0.21239937082713795
Model,0.19916342785260083
Model,0.20781901794399574
Model,0.19466984232133847
Model,0.19975261464964186
Model,0.08491611899340831
Model,0.17987248371277365
Model,0.16139812466824466
Model,0.21137474944094484
Model,0.16642220562517046
Model,0.15963529437414908
Model,0.12763581002170557
Model,0.13069806144123225
Model,0.1377569438355955
Model,0.11282963032440729
Model,0.046882113618329724
Model,0.15920090250081173
Model,0.08693838863734288
Model,0.11972464898491117
Model,0.06705371884332184
Model,0.0830610182505919
Model,0.023554695689159882
Model,0.11930855075385391
Model,0.25613178510463885
Model,0.11686092635062229
Model,0.165570506549865
Model,0.11888874600430663
Model,0.14565337674407788
Model,0.04679746100203516
Model,0.16603675255408654
Model,0.2106267007829885
Model,0.21775288818406152
Model,0.12731997557441257
Model,0.18973837767955054
Model,0.16614398469893032
Model,0.1812619673900115
Model,0.07010274906222239
Model,0.0802158010311616
Model,0.1389559751901871
Model,0.2600984051076066
Model,0.038223358699709276
Model,0.153121909967633
Model,0.1738392800391717
Model,0.20662803115653353
Model,0.07243714185064054
Model,0.16383496494994912
Model,-0.07187713999944918
Model,0.1463768375890045
Model,-0.005529270522969226
Model,0.12457160061950001
Model,-0.20090191180889422
Model,0.17643121386584362
Model,0.02261043139790478
Model,0.11762784855022876
Model,-0.030305676569242296
Model,0.21657488019171367
Model,0.15523218311194992
Model,0.13451718486671066
Model,0.01162680222703727
Model,0.19741760209252604
Model,0.045037678186444274
Model,0.1399520443567597
Model,0.05228893420635128
Model,0.19392670915278304
Model,0.14400191211381486
Model,0.17514747573912076
Model,0.09320839372366965
Model,0.3282797541240918
Model,0.0979634027683084
Model,0.1405254860253903
Model,0.16343133212996436
Model,-0.10539831289213768
Model,0.058109380728425
Model,0.0870615829990859
Model,0.25836399446761726
Model,0.07239656570630199
Model,0.1646638202295123
Model,0.038535894757529165
Model,0.11292075579248811
Model,0.15610477677157092
Model,0.1233244087119299
Model,0.05253470488881054
Model,0.11159514855913227
Model,0.2659254054162016
Model,0.14335740429900562
Model,0.0
Control,-0.11600644931346676
Control,0.2443045224898901
Control,0.09732718086295833
Control,0.282534413247337
Control,0.4176369433684758
Control,0.22121857161505964
Control,0.205591273679914
Control,0.2704240685721305
Control,0.17643301436467845
Control,0.21397697739510763
Control,0.12871231628766694
Control,0.18639485533022163
Control,0.18561275614012313
Control,0.21024813952387508
Control,0.21786002663598542
Control,0.08346049841431072
Control,0.11468684075269411
Control,0.15199366806608647
Control,0.28416730568161774
Control,0.058945775895878905
Control,0.03566445913601879
Control,0.16105512219793688
Control,0.1916035763263171
Control,0.034002793207349336
Control,-0.16645298833432404
Control,0.18013072465707358
Control,0.10211035479669986
Control,0.03485565733085641
Control,0.18842682670988767
Control,0.03274981233985927
Control,0.19634803362115968
Control,0.10741496644291193
Control,0.2286963510672783
Control,0.2551967617925859
Control,0.15166344065862886
Control,0.09507842991530166
Control,0.172197379529011
Control,0.02232479225167197
Control,0.0882769629708102
Control,0.1407904274088882
Control,0.175925138802034
Control,0.12482296981939106
Control,0.2251055814749421
Control,0.23100176782512347
Control,0.21332614198576247
Control,0.002250654375805655
Control,0.1854762478151183
Control,0.20900574203584774
Control,0.18283825268846424
Control,0.12513926449162238
Control,-0.006068510488257101
Control,0.20605540129386193
Control,0.07977953775803512
Control,0.20250965958853628
Control,0.120907237032717
Control,0.0789346395926332
Control,0.1304941355451161
Control,0.15109740691041468
Control,0.12443903955727517
Control,0.08926873063562707
Control,0.16875446294595298
Control,0.17083203074924125
Control,0.1518478029414829
Control,0.1676304954350194
Control,0.13985080516989545
Control,0.08302836407520034
Control,0.1561572258023248
Control,0.10710932525371097
Control,0.14021369618848545
Control,0.061951641321448064
Control,0.09149894693091828
Control,0.13037743602973828
Control,0.18054069045395357
Control,0.13732904149271305
Control,0.12002290371668378
Control,0.1763033028297467
Control,0.15232506882785554
Control,0.14168587974880054
Control,0.13397022075078957
Control,0.1269258719224196
Control,0.05846772498244557
Control,0.1886063656014875
Control,0.16125477729167959
Control,0.25348535136900086
Control,0.135076871152174
Control,0.07849657136859703
Control,0.15526912589801461
Control,0.1394679366944227
Control,0.08058672538702036
Control,0.2487343368987442
Control,0.016960994322828882
Control,0.061639161213584565
Control,0.13519142038181606
Control,0.09540474986285799
Control,0.2085365124769434
Control,0.27800161370731385
Control,0.16915448147849227
Model,0.23249268319162905
Model,0.16125460120214935
Model,0.13500738436295967
Model,0.13334961067739806
Model,0.2753622518601093
Model,0.21017736229742381
Model,0.1407237337318684
Model,0.1265648413395536
Model,0.1764317986159819
Model,0.1752727571272664
Model,0.0817899807639744
Model,0.24034689594404884
Model,0.18148401243365062
Model,0.15410125840334857
Model,0.09072539625625017
Model,-0.04450194997798107
Model,0.05506958504318524
Model,0.17995876784840287
Model,0.19066127500140678
Model,0.04650934889430852
Model,0.07053749956016159
Model,0.16734683420612928
Model,0.21552732769595073
Model,0.1451427804985174
Model,0.1829661904370107
Model,0.04098147413004999
Model,0.12480684613171497
Model,0.07751011077642708
Model,0.10684731559476993
Model,0.07572194485361361
Model,0.1630791235661161
Model,0.07782651734857124
Model,0.09131970579674678
Model,0.09422243053432025
Model,0.11264006017708328
Model,0.10043216389557191
Model,0.2566978381230281
Model,0.028091891420591902
Model,0.18968355137368906
Model,0.13112256425944727
Model,0.11096169371801606
Model,0.24173636433804446
Model,-0.07180194658047645
Model,0.13034840212219137
Model,0.24128726254338803
Model,0.09835095788324158
Model,0.1277952538419062
Model,0.21814523997779942
Model,0.1538254543557481
Model,0.0463252933394816
Model,0.013563686389986895
Model,-0.0003018296814815413
Model,0.20221325971078183
Model,0.26545238906856095
Model,0.14319310818228834
Model,-0.01625550231806011
Model,0.18145806946217546
Model,0.007872658296838114
Model,0.11329774985478208
Model,0.10130885147064955
Model,0.1138803364839841
Model,0.2378961460513282
Model,0.09037012373457518
Model,0.16808099478250632
Model,0.11783057072489556
Model,0.18585279328102783
Model,-0.0767748259182359
Model,0.10393460618213665
Model,0.1226139270608109
Model,0.20612630889301448
Model,0.20943538733283543
Model,0.0014321225941380522
Model,0.16095812291471723
Model,0.040065460579849804
Model,0.10754804600574233
Model,0.20838285276589455
Model,0.15346751909457987
Model,0.09697347932568892
Model,0.13746159464752128
Model,0.0778626011499726
Model,0.16878296871780682
Model,-0.012949748647917342
Model,0.07977246806241467
Model,0.028927509999992856
Model,0.1682220398382997
Model,0.0670029309016539
Model,0.07898210416004942
Model,0.022453329767803426
Model,0.11250182750365936
Model,0.1812384172426817
Model,0.0729789668766817
Model,0.08299779107870994
Model,0.13787125796910243
Model,-0.01843898910343847
Model,0.04312446132019876
Model,0.10547606708479834
Model,0.16471333381457204
Model,0.30125158473666563
Model,-0.0490248434519688
Control,0.3219482025573883
Control,0.23809920319479574
Control,0.21270818521612334
Control,0.1652620757038112
Control,0.10238617977569733
Control,0.2355869564590114
Control,0.1668677294134695
Control,0.22113943458799534
Control,0.23404969804927525
Control,0.1144253281313706
Control,0.2014819594928652
Control,0.17541584920723702
Control,0.08507806893309355
Control,0.1507097119870393
Control,0.21726522012432015
Control,0.15552750797973428
Control,0.12686479423888683
Control,0.23185575779199333
Control,0.08070372804218578
Control,0.21808734466399637
Control,0.10309895092295432
Control,0.22188610562778505
Control,0.18421305448581013
Control,0.016501989851029825
Control,0.19330809812747782
Control,0.13727735409901426
Control,0.052944241824623234
Control,0.22110603100214246
Control,0.07854593198833656
Control,-0.19145251117821122
Control,0.03131726453934225
Control,0.1440397425240099
Control,0.23898198333472312
Control,0.22774786507937153
Control,-0.06686587178188821
Control,0.17419109495985866
Control,0.1444440353142644
Control,0.18574566931495967
Control,0.025672535699612586
Control,0.11954827046846198
Control,0.18069607531080809
Control,0.19017118993012802
Control,0.24752036451363113
Control,0.1706167715980589
Control,0.04260100927639965
Control,0.1065129675594062
Control,0.19163763616130236
Control,0.16159046055082493
Control,0.04238938089198491
Control,0.13855458794363099
Control,0.12985193849008617
Control,0.07564024097278896
Control,0.07711788144797385
Control,0.09550334730807486
Control,0.16917994894178684
Control,0.12382953355676485
Control,0.15292634360633436
Control,0.17608187735545863
Control,0.14172078733858856
Control,0.1497595197248087
Control,0.16434472712917603
Control,0.09838389931713856
Control,0.13637886291895154
Control,0.23372882903618955
Control,0.07697307990413316
Control,0.1653996889407818
Control,0.0478538517967913
Control,-0.017891369004180452
Control,0.10988640492842217
Control,0.1868014713061959
Control,0.20659618765747
Control,0.18687435177257627
Control,0.09386961469416366
Control,0.14614169015533549
Control,0.1916900976844456
Control,0.1938944538035653
Control,0.14452668894892154
Control,0.08788738123150575
Control,0.16559758659456356
Control,0.2125508205813575
Control,0.05916900133741074
Control,0.1981015394098118
Control,0.20337465667937243
Control,0.18563312006368815
Control,0.07440886157279297
Control,0.1997635438955216
Control,0.18845059906227002
Control,0.16748016574311017
Control,0.13823150153144148
Control,0.10884762574464849
Control,0.2143842429753264
Control,0.21505392262236597
Control,0.2004972967415749
Control,0.1393173195446614
Control,0.19232790020928864
Control,0.19809747300419123
Control,0.15999004713268983
Model,-0.04786110057214166
Model,0.12748198764380006
Model,0.08507506690562239
Model,0.17575016042992156
Model,0.14662325302494011
Model,0.11348252764247863
Model,0.15864660269440617
Model,0.19679650494884887
Model,0.14961795729804067
Model,0.14375757240797235
Model,0.13173540446537663
Model,0.18444494818365295
Model,0.006648795527625095
Model,0.08877216606767413
Model,0.07774925511018888
Model,0.04335982298505478
Model,0.16434437986733255
Model,0.1691469574718837
Model,0.24915484879726552
Model,0.23062823089867532
Model,0.008631085937504251
Model,0.1532398266935827
Model,0.10828899420224702
Model,0.21179173875147414
Model,0.17929698565067387
Model,0.26607041946355847
Model,0.06457062429408963
Model,0.1771098215843124
Model,0.10530763990770084
Model,0.061679985743834126
Model,0.21418220183522407
Model,-0.032218940946436514
Model,0.11349540629913177
Model,0.16251605051417015
Model,0.2158301277968663
Model,0.22308488447663508
Model,0.2221340694555072
Model,0.09896185897797377
Model,0.19732289715621254
Model,0.061997869740361755
Model,0.08524714013272972
Model,-0.0007320089616637271
Model,0.0630385879688837
Model,0.16629547525276178
Model,0.16715774940141997
Model,0.15484976994419844
Model,0.09204318371903539
Model,0.13081131624670464
Model,0.1985369638987342
Model,0.21716573591880842
Model,0.1696494044268809
Model,-0.048060415846315374
Model,0.0026827410710695276
Model,0.15095197357062912
Model,0.20907549555086372
Model,0.18139031738740544
Model,0.10213429499895146
Model,0.0864604282937321
Model,0.04009193713582612
Model,0.048847107717158916
Model,0.1327962561063012
Model,0.13167705118589706
Model,0.13654910069511356
Model,0.09075626574764015
Model,0.17255254639696785
Model,-0.016921930156290982
Model,-0.2049971488008531
Model,-0.012852193785617444
Model,0.1307193614966096
Model,0.1615343133741398
Model,0.17580892848330595
Model,0.02378183975400469
Model,0.03827824706882407
Model,0.10388600527243472
Model,0.09005899147578039
Model,0.12423735179231318
Model,0.10315905160861402
Model,0.20589415006414305
Model,0.1441759132887076
Model,0.16622996383420333
Model,0.019752434530651536
Model,0.12506769439714277
Model,0.1062115524524829
Model,0.16696232058930158
Model,0.08187043327950316
Model,0.2464213234392164
Model,0.06906086565260106
Model,0.1682338145797202
Model,0.1022936680510956
Model,0.02558250378073923
Model,0.06792670627900191
Model,0.1622636533501156
Model,0.0608522299274287
Model,0.0037470234011859616
Model,0.0946660318900909
Model,0.15215301513671875
Model,0.16127611668479352
Model,0.3342422968567813
Model,0.3795531262522158
Control,0.1737746513939754
Control,0.17852689855739293
Control,0.2036353224761776
Control,0.15286834556256382
Control,0.24140621573895782
Control,0.050744800264620055
Control,0.17160459505674433
Control,0.13098639615270474
Control,0.03425676707041303
Control,0.20988081636503259
Control,0.12999219041205567
Control,0.15938677397061352
Control,0.20443325550394045
Control,0.1974312374025683
Control,0.01048194524835186
Control,-0.180303337581979
Control,0.19998870326523796
Control,0.12743311429369278
Control,0.16452911924757688
Control,0.12508239116158373
Control,0.2335255258989706
Control,0.19584599466228167
Control,0.02702723843862645
Control,0.2140186073522238
Control,0.20878394803607475
Control,0.20770683256678757
Control,0.15491939082725123
Control,0.23277232918053567
Control,0.1186150919766463
Control,0.17948093222933867
Control,0.17108551129582467
Control,0.16627109794978184
Control,-0.03291085392336382
Control,0.186866237168328
Control,0.25233886366836733
Control,0.171317920238278
Control,0.21452952574195142
Control,0.08717535889667014
Control,0.05505743739065386
Control,0.15944277735192372
Control,0.030100976344335034
Control,0.24608607236358235
Control,0.2378329330995064
Control,0.1328089290372238
Control,0.12429241352655418
Control,0.0668405825344881
Control,0.23433329535434347
Control,0.12325856225812185
Control,0.1547077892881838
Control,0.14310824625202376
Control,0.04272050090723878
Control,0.16155409440813523
Control,0.12384688043541203
Control,0.1685267204425008
Control,0.10800558308693875
Control,0.1759197779722437
Control,0.11906654712481374
Control,0.17742513254733389
Control,0.1827120749049362
Control,0.15938782306552066
Control,0.10443325365666162
Control,0.14656382460259276
Control,0.19063392278209845
Control,0.18655923882721528
Control,0.11056552915403009
Control,0.13696324041190086
Control,0.00010921883343853467
Control,0.09418798596032357
Control,0.11094101303264317
Control,0.11035648921926153
Control,0.1999900439378277
Control,0.19501422001765326
Control,0.07920673698884587
Control,0.11233205938817664
Control,0.052407981626431954
Control,0.24042263876235603
Control,0.13479201490663764
Control,0.14817598697998322
Control,0.10891120037772054
Control,0.017920488431435122
Control,0.2072011867627385
Control,0.13954807430871224
Control,0.21929918975468593
Control,0.09166678590253574
Control,0.19892108254342306
Control,0.10480989666952606
Control,0.1875292505308936
Control,0.1413942392055805
Control,0.11988225323433593
Control,0.11551703550876713
Control,0.22198293280840717
Control,0.13351101866002335
Control,0.14806937055045546
Control,0.16496377857765357
Control,0.030839373236117157
Control,0.3025711563518614
Control,0.1056157769168101
Model,0.14798687346935802
Model,0.059928146825320466
Model,0.12458150774871757
Model,0.1848070040727273
Model,0.1970183284519242
Model,0.24845656450243966
Model,0.09206819521011983
Model,0.18531847664610865
Model,0.18754662531807004
Model,0.20518688480458
Model,0.08902017607736748
Model,0.22070390059131972
Model,0.22120130288029463
Model,0.1319569095454221
Model,0.14513637402916166
Model,0.1305931916204982
Model,0.16134770339149296
Model,0.15182299996698181
Model,0.16568568505039452
Model,0.08649613081146373
Model,0.07920341753507806
Model,0.1760589473090709
Model,0.114903984261197
Model,0.014963119989520601
Model,0.19763528888706647
Model,0.11087713399725482
Model,0.16274543682999965
Model,0.1264573161551519
Model,0.15731244568309127
Model,0.15179030366300073
Model,0.2149221005381283
Model,0.10534037309080993
Model,0.18430487833161288
Model,0.16070035827598445
Model,0.2287519794111135
Model,0.15913849211855477
Model,0.0954498084492508
Model,0.0848566588084966
Model,0.21423728303898668
Model,0.13605070167294844
Model,0.1945918561888645
Model,0.06437826083522447
Model,0.10449541272925691
Model,0.07755945106280954
Model,0.07184744612163257
Model,0.21917094700578332
Model,0.008527727629428716
Model,0.05575646418525754
Model,0.14816452242193145
Model,0.23348549084785658
Model,0.27238148989087363
Model,0.160842254143229
Model,0.091144869691685
Model,0.07120884581154405
Model,0.09642530065715113
Model,0.16861652424237134
Model,0.11296438273777532
Model,0.1616143479926663
Model,0.10812037126675098
Model,0.1537415327435752
Model,0.17486615497265903
Model,0.18593395354357053
Model,-0.059778467634715615
Model,0.09052329684048063
Model,0.083977227359844
Model,0.16902310991765662
Model,0.015966598339038296
Model,0.12272657405838389
Model,0.045245826709496395
Model,0.0524496464692098
Model,0.24870279135645565
Model,0.1282920614134109
Model,0.18827855812931807
Model,0.13240152896447324
Model,0.20261232709406213
Model,0.07874634705791236
Model,0.0354700263926018
Model,0.08315354971051084
Model,0.0024790114649429207
Model,0.0305698984442746
Model,0.08307352718568037
Model,0.26151110402982236
Model,0.24929973818652476
Model,-0.009950882880849832
Model,0.05134752808074358
Model,0.12637881790116479
Model,0.17648142410095452
Model,-0.014047217143153407
Model,0.17208335152437854
Model,0.13134650801336487
Model,0.14231428653500153
Model,0.04650509669762126
Model,0.12391293414327481
Model,0.15880625901812295
Model,0.14513970790233632
Model,0.22029833849457195
Model,0.14861894903108558
Model,0.13876884657403696
Model,0.3406494850564826
Model,0.0
Control,0.4137695821764212
Control,0.3165690773971371
Control,0.23933528777348956
Control,0.1522820734791665
Control,0.27706185099539016
Control,0.1803187095999319
Control,0.1931095167147276
Control,0.23349121302665277
Control,0.1206779050720708
Control,0.15531235341908808
Control,0.18371975820598793
Control,0.15639282043695182
Control,0.1354312374440324
Control,0.12250570137232311
Control,0.14258626857595966
Control,0.09829274162135127
Control,0.16431098425534527
Control,0.037672869072045506
Control,0.07068309762671907
Control,0.08083363779412464
Control,0.13030427288982513
Control,0.23868010660743502
Control,0.03234539808105333
Control,0.08116668814932354
Control,0.17812546931514503
Control,0.19485860471608515
Control,0.17363041154251183
Control,0.11709693403148333
Control,0.21822176051379047
Control,0.11133179291169112
Control,0.11598352597841582
Control,0.06255430268869219
Control,0.25318287553861657
Control,0.1835210533312199
Control,0.10319817278829038
Control,0.29295810648430154
Control,0.13537775353843154
Control,0.12269475228810389
Control,0.04273187974623613
Control,0.12365215279186847
Control,0.252381677478718
Control,0.2542532048496514
Control,0.1581146573541954
Control,0.11410621775432575
Control,0.1742382407055518
Control,0.13362928816307348
Control,0.25636109832670106
Control,0.19013383569260237
Control,0.12929901231491447
Control,0.1299396632374197
Control,-0.036592763270289846
Control,0.10449761889850018
Control,0.08163462155638729
Control,0.1392647245921685
Control,0.1392448767106004
Control,0.09801565949600544
Control,0.16078077603874927
Control,0.20827667489897048
Control,0.05844997289853218
Control,0.13444767521908182
Control,0.14683028673514342
Control,0.15461786348817072
Control,0.21420086586355763
Control,0.18014509170217527
Control,0.23266053013711202
Control,0.1073689756451908
Control,0.13509812495913126
Control,0.06352111766968283
Control,0.14423728999219743
Control,0.11848339541434177
Control,0.14732644842354084
Control,0.1173292363234853
Control,0.2305848761944468
Control,0.12553510252581523
Control,0.20493474413319973
Control,0.13014183661079196
Control,0.19569198503143412
Control,0.195896238786321
Control,0.18352532386779785
Control,0.13834323545496333
Control,0.09709540790272927
Control,0.19024289677640135
Control,0.1416406785631127
Control,0.15768201933257955
Control,0.15198101128224145
Control,0.09597227844506204
Control,0.2562110004084831
Control,0.2421904280034196
Control,0.1627083919784563
Control,0.09558696092969199
Control,0.2662134932036384
Control,0.11690679029743278
Control,0.13897077960181264
Control,0.10774684337735044
Control,0.10631373202388769
Control,0.2906788025412671
Control,0.2336272297628481
Model,0.18702062821574303
Model,0.11130951399787214
Model,0.12640309978355402
Model,0.1886095672413923
Model,0.10090218319940727
Model,0.20973827567786277
Model,0.20044820271473932
Model,0.20164181875145953
Model,0.16415558810218123
Model,0.13063267660778902
Model,0.12188927558486409
Model,0.0595122393689958
Model,0.19852720043199384
Model,0.18974478826873678
Model,0.1787731409604467
Model,0.1435050232088818
Model,0.12059704555715606
Model,0.1706742427022162
Model,0.10998020735605635
Model,0.2308554605496767
Model,0.2508815311667911
Model,0.12147587258680209
Model,0.14415981843984516
Model,0.12474342732126498
Model,0.19738646494505
Model,0.14258738186048425
Model,0.08381500591003777
Model,0.030665976280884355
Model,0.15612731078263778
Model,0.15720038017966145
Model,0.035687065044773064
Model,0.209010082343749
Model,0.18069703563001244
Model,0.15924133544781535
Model,0.1966687886079684
Model,0.1837784337625323
Model,0.18651547559527648
Model,0.15109255042761863
Model,0.19738489356195119
Model,0.15390813204489953
Model,0.21517185755530857
Model,0.11363916020994072
Model,0.1395188785316952
Model,0.10195271473132914
Model,0.06264829177122849
Model,0.17258674285084907
Model,0.19917596848380476
Model,0.15753578554959333
Model,0.18220447470644777
Model,0.15994804838429327
Model,0.17610917256162847
Model,0.09613514072786075
Model,-0.026988245040145076
Model,0.06444249809652136
Model,0.042123726246216076
Model,0.10696398441076546
Model,-0.002866718681360958
Model,0.012008669716591563
Model,0.017246752611902394
Model,0.18960972347918692
Model,0.11846071813949108
Model,0.14226632399968347
Model,0.02646192074353612
Model,0.12193148776706114
Model,0.3508875370025635
Model,0.20137973560005792
Model,0.0716907708275411
Model,0.19120105187363978
Model,0.13606406972559798
Model,0.1800567048582079
Model,0.12523407999887115
Model,0.19884612940359805
Model,0.09001225459004195
Model,-0.08457064283066903
Model,0.20701078653601368
Model,0.16441850558571194
Model,0.19551264508777905
Model,0.15294233904767326
Model,0.16186600239114748
Model,0.16543227586990747
Model,0.12110910128590255
Model,0.0856411475667454
Model,-0.04959332869868879
Model,0.20439645398819328
Model,0.04610532236471354
Model,0.001368576799879645
Model,0.145170105606683
Model,0.12735401926232023
Model,0.1377318029020941
Model,0.10465601614885106
Model,0.14698791689963114
Model,0.1556379371130613
Model,0.0910536497997467
Model,0.051419633819639626
Model,0.17464258054161283
Model,0.09728164862895358
Model,0.16941749026278322
Model,0.27283640024786937
Model,0.20397118275513748
Control,0.37440840987989077
Control,0.26218706867766617
Control,0.215662104761853
Control,0.2397501466000492
Control,0.18949138812529734
Control,0.20360869561283615
Control,0.2098295098563102
Control,0.10197881492085281
Control,0.12418848143240549
Control,0.04176331310633699
Control,0.08016689864289403
Control,0.20390683791310493
Control,0.17183981545128282
Control,0.15476264775530282
Control,0.21012253612446016
Control,0.19569632427615336
Control,0.2171521641338948
Control,0.15046564904077925
Control,0.11688841379340009
Control,0.20202613009789847
Control,0.15411332166580322
Control,0.2542224283866925
Control,0.09879148870274643
Control,0.11884486648682899
Control,0.1560864378111551
Control,0.22973884627173177
Control,0.11408805142809847
Control,0.18904326751479336
Control,0.11048581056637377
Control,0.23562953078760085
Control,0.09873922645979233
Control,0.12672998049320316
Control,0.03571475927646345
Control,0.017902980680051056
Control,0.18778773281752334
Control,0.16152232466732777
Control,0.12266042054430429
Control,0.1120510084041651
Control,0.1354601155289572
Control,0.12107785795311732
Control,0.2468023674942578
Control,0.23195690627613724
Control,0.07860582468900393
Control,0.0287041864799151
Control,0.03209808418982005
Control,0.0085146215182616
Control,0.26571504873043983
Control,0.16288386127488935
Control,0.2862753991697943
Control,0.15116386775056123
Control,0.23261151106461234
Control,0.06744842917358329
Control,0.09971593488153138
Control,0.1506767573298153
Control,0.14630928884780525
Control,0.11417952548700033
Control,0.11038610089981438
Control,0.12569246177822183
Control,0.09376363883183286
Control,0.22026230193832377
Control,0.18127100098226115
Control,0.17687718126686122
Control,0.13611371474654113
Control,0.1452300660187584
Control,0.19067613602747754
Control,0.11542917121878704
Control,0.16701092076806587
Control,0.06380376674924276
Control,0.20883420292483257
Control,0.19055843153924845
Control,0.19905220252880154
Control,0.0467455060186992
Control,0.1442637090034442
Control,0.14284713165948754
Control,0.1607094674870588
Control,0.21827472133381312
Control,0.2858836608321106
Control,0.09378078510131327
Control,-0.08271149079935208
Control,0.15531913652069193
Control,-0.007482418182037098
Control,0.14405308811693818
Control,0.18248649637568887
Control,0.12630858362850667
Control,0.1722756925899714
Control,0.12889261389257117
Control,0.1305070631745933
Control,0.07926241337522086
Control,0.1434025854835808
Control,0.22166270250194978
Control,0.21010543125263156
Control,0.04347330318512593
Control,0.1561891293711753
Control,0.028826606446418185
Control,-0.08750179586070304
Control,0.13076576088848987
Control,0.15190264612535967
Model,0.2406961941798794
Model,0.162350917739613
Model,0.1073942593773339
Model,0.10804935648555608
Model,0.24719174915598655
Model,0.21694335823207925
Model,0.18012555081442977
Model,0.13949843566686146
Model,0.06716883567929136
Model,0.14853554120164783
Model,0.12724049121905598
Model,-0.001521726914472804
Model,0.17154611871394027
Model,0.14106398880681068
Model,0.056537592557228816
Model,0.14936602022602674
Model,0.1530264227951118
Model,0.07973275668379187
Model,-0.04667033462752998
Model,0.1995267360372554
Model,0.19464333068035386
Model,0.16738011393127103
Model,0.14811073444625875
Model,0.11416510887103468
Model,0.22926643580497308
Model,0.21309600971481343
Model,0.07761152797983908
Model,0.21026778593244094
Model,0.1593333127905294
Model,0.16998331137458347
Model,0.12371122312120503
Model,0.15096229547375153
Model,0.1373450964722479
Model,0.12177072068387718
Model,0.2150755959875475
Model,0.03659313385568999
Model,0.1718978145582354
Model,0.13808685348451205
Model,0.1774557742519655
Model,0.14190820440932392
Model,-0.02816743535740321
Model,0.19831687816675161
Model,0.17831367420379401
Model,0.08142450913670601
Model,0.04861096168973106
Model,0.05598426204062623
Model,0.22501764528727453
Model,0.19655805434138748
Model,0.08801487662986238
Model,0.20789658558142754
Model,0.27145638527014315
Model,0.18975908607410616
Model,0.0452135768090868
Model,0.15256309987709274
Model,0.14022526640025537
Model,0.13244650940698394
Model,0.21833101948235215
Model,0.06979699298290903
Model,0.23683909588434227
Model,0.24197428255708453
Model,0.13016805667409398
Model,0.09820430367819571
Model,-0.04341681206904127
Model,0.2142903822055761
Model,0.09213717964580626
Model,0.10680414389075513
Model,0.10832629315430503
Model,0.0205735794809484
Model,-0.0486205138822596
Model,0.18486359433053995
Model,0.1660466821430253
Model,0.19348964882534883
Model,0.16025645384687512
Model,0.19656637985437878
Model,-0.19749777293125523
Model,-0.07515926906629285
Model,0.14954835854246465
Model,0.14115238123248383
Model,0.19211672367725352
Model,0.10555095842716555
Model,0.1866374902236156
Model,0.2255499150309143
Model,0.13746966765477106
Model,0.04637523618430198
Model,0.07038845532182336
Model,0.12639745076497394
Model,0.07222630174928155
Model,0.12911951927304136
Model,0.12871845044951505
Model,0.12475216621273469
Model,0.12885313050005348
Model,0.09228027039679926
Model,0.09462520483478387
Model,0.07705985316996322
Model,0.041869484594168616
Model,0.1923923667856682
Model,0.10667242241012082
Model,0.2920627994016394
Model,0.27635304279284867
Control,-0.12881055085555368
Control,0.16296696410397093
Control,0.2627210597130766
Control,0.1964556111672783
Control,0.14674320926634365
Control,-0.029611055999828162
Control,0.13668855762269055
Control,0.10682140119631287
Control,0.10515928394685489
Control,0.06151510633885393
Control,0.20842858421363958
Control,0.1105671105709097
Control,0.190326016616396
Control,0.09248208029480151
Control,0.1792004552307469
Control,0.008041766574948928
Control,0.16224819601180163
Control,0.2635264961482955
Control,0.09008551627364314
Control,0.20028432688718387
Control,0.2409811916957332
Control,0.17750740131008186
Control,0.046420026450119944
Control,0.12204434228448433
Control,0.16296012744457028
Control,0.25233375029420374
Control,0.22575600995135017
Control,0.15861529490620796
Control,0.2159868434918764
Control,0.14232908509912567
Control,-0.03860140833567616
Control,0.09683498956155087
Control,0.1329532381284197
Control,0.0637659640482304
Control,0.15756786148683682
Control,0.04073780821584405
Control,0.010438423225845123
Control,0.14914703807703228
Control,0.08437680128293162
Control,0.1885066021777847
Control,0.20895573699487624
Control,0.195423089939615
Control,-0.03488561886475902
Control,0.025838793852390407
Control,0.1685600367145262
Control,0.20798889570012938
Control,0.05772527610444972
Control,0.0815804044538517
Control,0.22745567832636326
Control,0.1663771233829766
Control,0.1627004445595885
Control,0.09454941762862529
Control,0.08094979927292636
Control,0.199828326104078
Control,0.21626628388795036
Control,0.116191642007966
Control,0.12734915706492056
Control,0.08742833250475299
Control,0.14928700546490042
Control,0.23579619441144042
Control,0.0869720853956514
Control,0.17600851207805449
Control,0.19820621008325448
Control,0.22801307664401288
Control,0.05368658139421259
Control,0.041156243985579016
Control,0.12203255910405614
Control,0.20586006670625445
Control,-0.02985330196793129
Control,0.12636213325204926
Control,0.07070016927410797
Control,0.10319045076402134
Control,0.1441038870226712
Control,0.13460412352380147
Control,0.1483039712427452
Control,0.11730252274435629
Control,0.07233535492566387
Control,-0.08398428306797544
Control,0.11814651680630586
Control,0.1797227359801498
Control,0.16537610171497732
Control,0.11905671554797201
Control,0.1917082101870806
Control,0.06361534211414982
Control,0.1164541276402298
Control,0.18028650887169298
Control,0.17733077155041985
Control,0.22486976357208047
Control,0.2208667289187411
Control,0.16956349798668188
Control,0.19524205488504773
Control,0.21147729986354527
Control,0.1598670727167374
Control,0.22158172723308722
Control,0.0911918151604558
Control,0.22615392883219979
Control,0.17082075743106429
Model,0.16420675998547404
Model,0.19787182005219903
Model,0.18923545176103096
Model,0.10527086284514123
Model,0.18878843779016366
Model,0.09247659440822026
Model,0.1441889125500767
Model,0.23841038887848953
Model,0.1552374281877924
Model,0.1695776836263429
Model,0.17070017118783568
Model,0.22558300351618127
Model,0.1764897565246293
Model,0.05119505926651033
Model,0.15169981995819673
Model,0.03821290928118734
Model,0.18357900618975248
Model,0.16119894096285203
Model,0.11602250150214868
Model,0.16702192403799715
Model,0.14401618201065491
Model,0.19265456768448405
Model,0.027346393469318248
Model,0.21459013044236097
Model,0.20444115348484204
Model,0.20485337243032295
Model,0.18383521898135693
Model,0.202751155681036
Model,0.15129979743872468
Model,0.17827024215306994
Model,0.15586314100352686
Model,0.24867591836646516
Model,0.174207799012047
Model,0.14524541145715955
Model,0.21349175797657025
Model,0.3137876300375863
Model,0.13195664042746075
Model,0.17129320564078646
Model,0.2457873710953405
Model,0.16303016110806162
Model,0.13875390029405402
Model,0.2247738278696237
Model,0.09763687988587447
Model,0.06923636152858584
Model,0.13389985112176422
Model,-0.00040353234927922865
Model,0.07178628624083605
Model,0.2061291647329511
Model,-0.014977312074722915
Model,0.19333795493794656
Model,0.17203102143711868
Model,0.27073919042164135
Model,0.2220846224522245
Model,0.017127706188554886
Model,0.08608529838829934
Model,0.11374526823909256
Model,0.07961972248859897
Model,0.23003599263619687
Model,0.1640496615449189
Model,0.09026207001578718
Model,0.2274412142658978
Model,0.26954534593367385
Model,0.20069744382282034
Model,-0.04335672626793052
Model,0.12195768596868184
Model,0.2018700318458753
Model,0.012240792330823758
Model,0.08381402439364091
Model,0.14279162033212892
Model,0.021040779823975175
Model,-0.13075499969182605
Model,0.2700595539416225
Model,0.1659458624479364
Model,0.12164487740400773
Model,0.15389694989458505
Model,0.1780861848705721
Model,0.1290589263340834
Model,0.19125665244184342
Model,0.026524012835661054
Model,0.026482951415156553
Model,0.15654405037827845
Model,0.1917040546070639
Model,0.06896174871004546
Model,0.10023441654915527
Model,0.11458057663512469
Model,0.19272189289165312
Model,0.013076903628665065
Model,-0.20769172847071618
Model,0.12203465217730672
Model,0.140985984334446
Model,0.08886064042481559
Model,0.08196436142841709
Model,0.034248403548662765
Model,0.07540427355994878
Model,0.11875215900382868
Model,0.0891080940580421
Model,0.12086479786114818
Model,0.22139245517543596
Model,0.3378208506200359
Model,0.0
Control,0.17790204492566847
Control,0.2861158450444539
Control,-0.1787632588160078
Control,0.21169717468678484
Control,0.22682674792299304
Control,0.18089686774356975
Control,0.19988401571377995
Control,0.08751897003871273
Control,0.1703614928119026
Control,0.14323990201471642
Control,0.20586719773419057
Control,0.1914403150179979
Control,0.14649059474800474
Control,0.10823075953401717
Control,-0.011777897675832122
Control,0.07663348353693186
Control,0.10315037717255729
Control,0.06985159947587763
Control,0.14582200446389323
Control,0.20301276757698525
Control,0.24074456790086288
Control,0.07316194170693491
Control,0.17706538004221326
Control,0.15398853731527506
Control,0.22198384275936095
Control,0.12983238510995138
Control,0.13256318247570772
Control,0.14269620691786375
Control,0.10935931028995494
Control,0.17250450173083487
Control,0.27807641786875137
Control,0.07185517106965233
Control,-0.038674300663181505
Control,0.17417890863407945
Control,0.17281352742725659
Control,0.15735524327991532
Control,0.11846096087724736
Control,0.16507783861064593
Control,0.1533424511402347
Control,0.2553908912633175
Control,0.21734755905708472
Control,-0.09776346267532214
Control,0.039217995427789754
Control,0.0951866598565177
Control,0.211786387224527
Control,0.11685234713580964
Control,0.11780086501917841
Control,0.13821435147437494
Control,0.1499068181517398
Control,0.27948402760419555
Control,0.18944765864938928
Control,0.09653838209749732
Control,0.08723221122886293
Control,0.08839497784175471
Control,0.07374071064867171
Control,0.1764594339075163
Control,0.18023577196276439
Control,0.13094037831028968
Control,0.1399890908695251
Control,0.17236807394187187
Control,0.21657257508008906
Control,0.1239586748274141
Control,0.17745097876924068
Control,0.20272404320928433
Control,0.15805251077398938
Control,0.06837853114873402
Control,0.21209553252893149
Control,0.09361463858265273
Control,0.21869900899055678
Control,0.07823485169256542
Control,0.20912997592385926
Control,0.06389949951682203
Control,0.1583946204371543
Control,0.16186904030101354
Control,0.13972436358431642
Control,0.11953638183366228
Control,0.2049695302544363
Control,0.1274495379980591
Control,0.1827471189807224
Control,0.12065927958408726
Control,0.1324141292667708
Control,0.14700963930408562
Control,0.134698305241639
Control,0.217304387884661
Control,0.21392946166205434
Control,0.1257421840127628
Control,0.03238740613229299
Control,0.16736539590318864
Control,0.23210013032358226
Control,0.06876759564996165
Control,0.06121628466524276
Control,0.18508791378642137
Control,0.19287717222768727
Control,0.11215901653902188
Control,0.1470134470242189
Control,0.2895751158927994
Control,0.2350279520719479
Model,0.1403647044563506
Model,0.1769599126467072
Model,0.15434241308150615
Model,0.2011614760161775
Model,0.13290624793955316
Model,0.10470513070839038
Model,0.13517492604229095
Model,0.19429547451810295
Model,0.23851083592826308
Model,0.25852787534528754
Model,0.0710847286077646
Model,0.14245728306148364
Model,0.17376386109270248
Model,0.29256591057963455
Model,0.19868057202070186
Model,0.15993738785768163
Model,0.10467141707206651
Model,0.1759390017659369
Model,0.11900079104148156
Model,0.1273965729253082
Model,0.11215631805003157
Model,0.10988033528843583
Model,0.13484815676741246
Model,0.12306100296203376
Model,0.11881622941198955
Model,0.1535505546773955
Model,0.1900194119184445
Model,0.1434829332092268
Model,0.21782302298274725
Model,0.1562896828720535
Model,0.17313615494348533
Model,0.14364069773334853
Model,0.20966339549890728
Model,0.1291774723973694
Model,0.19869847481067365
Model,0.17296306358664862
Model,0.13097496561647926
Model,-0.08039874615876572
Model,0.09913252966858471
Model,0.20715408460751025
Model,0.20649587842267225
Model,0.09885378273301568
Model,0.22154789385588272
Model,0.1058497576410555
Model,0.2273092990203313
Model,0.19536569445428242
Model,0.11595327206944411
Model,0.13666506023577094
Model,0.12359931908855201
Model,0.13368088824294483
Model,0.14106436371138792
Model,0.2505151377606684
Model,0.25793539374701285
Model,0.10524013369378438
Model,-0.005810017370460024
Model,0.04846267144682684
Model,0.0859231897022413
Model,0.20474852460416795
Model,0.15743493169978043
Model,0.15762041975954835
Model,0.17268459507188402
Model,0.18475511095329802
Model,0.013755615472527793
Model,0.27285884827408635
Model,0.2040182734811585
Model,0.17627339631551614
Model,0.13697301975992343
Model,0.11530093318775478
Model,0.1310652600748749
Model,-0.06897953960010439
Model,0.031193809365747754
Model,0.17475349727681647
Model,0.07640915969542436
Model,0.2423406333030267
Model,0.1945294403577994
Model,0.037215395848222116
Model,0.03876202002815579
Model,0.16097870532219757
Model,0.044334783801266986
Model,0.10244902280660775
Model,0.19306581328678024
Model,0.13067849330944628
Model,0.05759984062135287
Model,0.17421421425265482
Model,0.17797199871760677
Model,0.1755260066975452
Model,0.09602694965923908
Model,0.1286482464110971
Model,0.17579103659095044
Model,0.1697010342758502
Model,0.11803879121208402
Model,0.11630550448843999
Model,0.020306814939547807
Model,0.0633991630446818
Model,0.050253481569896175
Model,0.16142479578653973
Model,0.1925471465590274
Model,0.04944820640610745
Model,0.2634481789675046
Control,0.13500246282671077
Control,0.25318240029623146
Control,0.10059880393005932
Control,0.1391665798631666
Control,0.2006707033318952
Control,0.13566977921935627
Control,0.15018197724651733
Control,0.267839943020373
Control,0.18291369462624574
Control,0.16307063658234797
Control,0.10560067687412039
Control,0.18288877284114843
Control,0.1977240998077818
Control,0.07598481475974672
Control,0.1575359258896265
Control,0.09250450772186586
Control,0.19699066458737172
Control,0.14618948610331303
Control,0.18283398866387646
Control,0.19409297355175548
Control,0.18289616301971404
Control,0.11509835627033826
Control,0.06199765192093526
Control,0.09441501706207345
Control,0.1657099545732921
Control,0.09862362773654984
Control,0.20292496056593912
Control,0.2038173353924533
Control,0.1205152459234963
Control,0.2620974159825473
Control,0.1524955466173697
Control,0.28526428537889736
Control,0.14432957153788112
Control,0.20516041263422968
Control,0.15306485297289182
Control,0.04543739710098657
Control,0.10711385108688334
Control,0.08306200568093902
Control,0.22116968092179487
Control,0.2493046596563248
Control,0.20878067130893638
Control,0.10778083104885275
Control,0.09250869107751411
Control,0.01380592597899763
Control,0.11982007210071272
Control,-0.001045040927470181
Control,0.12770123625280067
Control,0.14300571078042124
Control,0.14121512571970624
Control,0.07458251761220638
Control,0.13990016472645297
Control,0.12250257900593142
Control,0.09103853135071738
Control,0.1731825269584273
Control,0.0756582745341553
Control,0.16746554087635665
Control,0.13299694122412264
Control,0.16595988847738924
Control,0.05335827156851522
Control,0.0847887328370093
Control,0.20416029201303437
Control,0.19997636051879678
Control,0.25855891242075124
Control,0.18202481873192247
Control,0.1278971583813994
Control,0.06115815113220724
Control,0.08017379012262013
Control,0.18233861904612086
Control,0.1521738205466382
Control,0.16423674676995081
Control,0.10786793556234642
Control,0.14643337109947416
Control,0.011015646167955001
Control,0.13475793447249976
Control,0.1217175636403138
Control,0.17144088362371643
Control,0.12344454496334759
Control,0.07182156016329591
Control,0.29673627268111824
Control,0.06652800242106122
Control,0.13867569414934056
Control,0.1361829417206372
Control,0.1441633015572028
Control,0.20142540657932276
Control,0.08681682639297433
Control,0.1615744644449972
Control,0.05177092219940663
Control,0.1825083308129539
Control,0.12039817814842912
Control,0.15114338820594608
Control,0.11917891935627067
Control,0.17262510737713632
Control,0.1711922071982121
Control,0.06921212961575393
Control,0.048007921630323525
Control,0.283135355249828
Control,0.08189643053971274
Model,0.08995584666795425
Model,0.11802515377567763
Model,0.043604708236196776
Model,0.17897916770433234
Model,0.17860923895203282
Model,0.09748400692955705
Model,0.25203177336200555
Model,0.30182736241564967
Model,0.2144569088118265
Model,0.14035883515973555
Model,0.20217073973737565
Model,0.22418858348459436
Model,0.16175633781862628
Model,0.12474544039006485
Model,0.26881234236518403
Model,0.17625333739230734
Model,0.2037965727756122
Model,0.12433900934132178
Model,0.14531457371004716
Model,0.1393796269311554
Model,0.1408170486905237
Model,0.1337595053739771
Model,0.08034082891683247
Model,0.1530854845525429
Model,0.08003397244407712
Model,0.13346891538753955
Model,0.15887716488960463
Model,0.16694228532189379
Model,0.15505300729702678
Model,0.09545170396998306
Model,0.1392180244526603
Model,0.08751018204152117
Model,0.15469573838522072
Model,0.14700657003034848
Model,0.11214564682515038
Model,0.0898553297804085
Model,0.10371360126280596
Model,0.0535976956520591
Model,0.20302929261589261
Model,0.10415522941910435
Model,0.12280333381034059
Model,-0.014960792085930402
Model,0.10755129070452094
Model,0.22671200918114703
Model,0.151094534591156
Model,0.24141764959762727
Model,0.2079791073815081
Model,0.18057464862215347
Model,-0.03737977064041256
Model,0.06407236242241154
Model,-0.05109491582166656
Model,0.1913767687585973
Model,0.26171600007957707
Model,0.17225610359323731
Model,0.12441732957876117
Model,-0.007972925203699743
Model,0.12837576201661108
Model,0.12047782085146524
Model,0.11462741684887054
Model,0.0834042198017422
Model,0.08550323471177781
Model,0.12247584682111626
Model,0.09470594580489788
Model,0.039692501758651993
Model,0.23782451455808404
Model,0.11118742076050878
Model,0.07339303516092377
Model,0.11211010817035516
Model,0.17028532923929138
Model,-0.04973430471409657
Model,-0.002639156320820679
Model,0.16467835857982488
Model,0.14616753305479835
Model,0.13794978632443194
Model,0.0827981555209378
Model,0.12925244314614745
Model,-0.2097601874616234
Model,0.138064576231915
Model,0.10946673912348157
Model,0.1548161207632875
Model,0.1102890135053807
Model,0.08863331914080955
Model,0.12780413852221723
Model,0.1365742543867998
Model,0.1476593876097646
Model,0.038989477067222306
Model,0.06405500856663204
Model,0.17371827875624266
Model,0.052308416486185144
Model,0.15556200637732331
Model,0.1210793856128535
Model,0.1321563318022916
Model,0.13607131783645954
Model,0.21648916618746927
Model,0.15907721508838393
Model,0.19318469338858277
Model,0.14023527798711125
Model,0.3513659047442535
Model,0.11069584783237246
Control,0.3541925142175511
Control,0.11199869592585823
Control,0.24897433390452578
Control,0.1614196606171437
Control,0.28971629078970307
Control,0.20099299249043034
Control,0.14883508929440808
Control,0.2503329355979843
Control,0.15192388252271058
Control,0.16869511625572722
Control,0.15599876409656097
Control,0.10994104411423936
Control,0.09729525882131945
Control,0.18982207044178295
Control,0.20182497791090406
Control,0.08143819248928805
Control,0.19290381716512386
Control,0.1515004155096269
Control,0.25611467053127396
Control,0.15848455833086333
Control,0.24672369879889516
Control,0.18960083913112033
Control,0.16053683967760443
Control,0.1339202151117782
Control,0.06839516981522509
Control,0.19540390043354353
Control,0.20619496533703247
Control,0.24169934261071113
Control,0.20910232229243422
Control,0.2115641473527736
Control,0.191301902268111
Control,0.20457641961449632
Control,0.17962619320073125
Control,0.19508639453113943
Control,0.15768179207741218
Control,0.18388039690993702
Control,-0.015484125186235459
Control,0.04384886673594529
Control,0.26912469967551855
Control,0.256612235752901
Control,0.027533776983369562
Control,0.05683608437860291
Control,0.010970602067417928
Control,0.09165965580488397
Control,0.16634277356508184
Control,0.20576724439959063
Control,0.19893976849988682
Control,0.13498403103721052
Control,0.10800189623731701
Control,0.07253591066751722
Control,0.08847712500305346
Control,0.18897715553126337
Control,0.057745886221112736
Control,0.21241106117848169
Control,0.1292926944883638
Control,0.1090641306794208
Control,0.11666751957790242
Control,0.231611970940827
Control,0.15537410170471122
Control,0.15460744536707102
Control,0.10835077019705291
Control,0.06371289651130752
Control,0.2201796982732239
Control,0.13034727767425505
Control,0.17677002567112646
Control,0.19942398640091472
Control,0.14892869383727958
Control,0.12856976662989844
Control,0.10067395223024297
Control,0.10218489675085948
Control,0.0667271955621947
Control,0.09430344095464005
Control,0.20998673056280334
Control,0.15766402338127894
Control,0.11188742382204783
Control,0.1581030492665643
Control,0.200388118309055
Control,-0.02216202273150883
Control,0.22833207777910008
Control,0.1718785740194246
Control,0.1830510504402577
Control,-0.048662394949690824
Control,0.2439400846742866
Control,0.0861444208800062
Control,0.16980743461362227
Control,0.05618590355716821
Control,0.14326515551261945
Control,0.21769807078234996
Control,0.1818671920227765
Control,0.11801612855598678
Control,0.024141413445190996
Control,0.17868748237456766
Control,0.19824133057525195
Control,0.16197885797175277
Control,0.06386086985950618
Control,0.21965504769098798
Control,0.17032474020253058
Model,0.12178948564805844
Model,0.16984316709979852
Model,0.07829042242522224
Model,0.052168543655072286
Model,0.13088842425723807
Model,0.27474093596672133
Model,0.1813434688011008
Model,0.2512891672659611
Model,0.12068029523826096
Model,0.18717565172359166
Model,0.17805550409399945
Model,0.19934853263523267
Model,0.08310094326236175
Model,0.16770586534221565
Model,0.19552363865617395
Model,0.16959569273452166
Model,0.16613194270011705
Model,0.013929759778306627
Model,0.16394215443461235
Model,0.09179491495740585
Model,0.1481339958067589
Model,0.15919924938559132
Model,0.190967229430625
Model,0.12930401897217786
Model,0.08767823737068986
Model,0.11324833667397899
Model,0.10755679672511256
Model,0.09429451387994398
Model,0.1953017432554111
Model,0.1609318729494195
Model,0.2348075209386904
Model,0.17563223931834582
Model,0.16646944692435203
Model,0.2036897979319561
Model,0.20525366539673395
Model,0.1360916006923918
Model,0.16944553886634717
Model,0.09685476421645384
Model,0.15899044374957133
Model,0.12363554641953281
Model,0.18378755320673404
Model,0.11994951943490018
Model,0.17845007288814788
Model,0.2251870408903396
Model,-0.10406949760656027
Model,0.25649255706846646
Model,0.06572917439334239
Model,0.24735998668798237
Model,0.1402287189511285
Model,0.19818188620517355
Model,0.07426604067069897
Model,0.18566705351290497
Model,0.21433363816676998
Model,0.2636284000232998
Model,0.1756048400532309
Model,0.17742682539898416
Model,0.0540381219474767
Model,-0.033012638157160934
Model,0.14690203982983677
Model,0.24228051593869826
Model,0.145149792848755
Model,0.050765660229069476
Model,0.17831077277992613
Model,0.15632483240221126
Model,0.17963065072445566
Model,-0.04629091594530188
Model,0.05874145190452651
Model,0.1392987964544009
Model,0.13444670034757294
Model,0.04200901800440571
Model,-0.05519424729389755
Model,0.10786367858133986
Model,0.1260512615393104
Model,0.12767316930934605
Model,0.04125646218541207
Model,0.05085924875776107
Model,0.004913618399812469
Model,0.16439323361502045
Model,0.05205165888021887
Model,0.16209352481591133
Model,0.1143215655483131
Model,0.13059939176608357
Model,0.15491086636631515
Model,0.07280318872585742
Model,0.06312448450819971
Model,0.14581015503393235
Model,0.12165463861148623
Model,0.12219813741834934
Model,0.1277799290691065
Model,0.04582300745656792
Model,0.1850242049930619
Model,0.22190180444132654
Model,0.112271668985403
Model,0.11407032034203093
Model,0.05848082976463512
Model,0.15659372171297786
Model,0.12023634283306076
Model,0.1907442373575574
Model,0.130124729745497
Model,-0.017542925168040603
Control,0.386969598772268
Control,0.1769356095006766
Control,0.3042436073987912
Control,0.22074826771067405
Control,0.22469825874868712
Control,0.29113946059342877
Control,0.2205365312803815
Control,0.19798263153237775
Control,0.21083373848012457
Control,0.17475013110948645
Control,0.1316149493922358
Control,0.1722580076194261
Control,0.12890963663358485
Control,0.09394486539207045
Control,0.14481091931246326
Control,0.11698589449875063
Control,0.09239950752843054
Control,0.018915395340659003
Control,0.1663927998696947
Control,0.1943504653513897
Control,0.15107809713187156
Control,0.19636240824143356
Control,0.09885657531361916
Control,0.2032255012720591
Control,0.1999804334364076
Control,0.1520724515851126
Control,0.15165608157813878
Control,0.19122368755149202
Control,0.12050729770724192
Control,0.05568701208235827
Control,0.20525950253209144
Control,0.08251745332709393
Control,0.08495779725885977
Control,0.2588542889857638
Control,0.00200801655866098
Control,0.06930290602787151
Control,0.12810202612393146
Control,0.1273452068783899
Control,0.2571371854879917
Control,0.13496880866213387
Control,0.12358149078777403
Control,0.14582809569976532
Control,0.04767669071189004
Control,0.08716713465177095
Control,0.101455791738121
Control,0.2107394317054961
Control,0.16489609614130912
Control,0.0983376363448076
Control,0.16045954129103165
Control,0.12866691216710152
Control,0.14342381151490655
Control,0.10856096016257635
Control,0.180220323129907
Control,0.16902385773334483
Control,0.10168394429760763
Control,0.10064715386234399
Control,0.15712403573320063
Control,0.11825884053008082
Control,0.03124746245019544
Control,0.13509825759109445
Control,0.16143096915322672
Control,0.1757068749654253
Control,0.21364506271770567
Control,0.05162731693474079
Control,0.1721996373290335
Control,0.17777448593573428
Control,0.15018123328486413
Control,0.07364167503954444
Control,0.1177796249006903
Control,0.08128448885552991
Control,0.1800885815817111
Control,0.13363555043836103
Control,0.10086499328996026
Control,0.08476183433064916
Control,0.07902372813676642
Control,0.22612198552691948
Control,0.1632958606732729
Control,0.0951227534441911
Control,0.1320375071188545
Control,0.22275646328261595
Control,0.17303691128291682
Control,0.144747738588348
Control,0.14585000588875283
Control,0.1127443712956398
Control,0.18553592050354617
Control,0.08607138605287909
Control,0.11981746059330542
Control,0.16818526104806925
Control,0.12335592621279132
Control,0.07349657494088876
Control,0.16431370905809178
Control,0.16893679082991686
Control,0.23650575242313654
Control,0.10583579686440223
Control,0.13029127575482014
Control,0.2442236511470748
Control,0.17033585949220517
Model,0.20331691180583228
Model,0.2208868392733826
Model,0.18195358061604408
Model,0.24464394788412477
Model,0.1631955780180269
Model,0.2186645960462266
Model,0.059634067010188474
Model,0.2173699831617051
Model,0.18466209023028046
Model,0.17633657179017
Model,0.18781714322442064
Model,0.08323248333755545
Model,0.13772723254817254
Model,0.18419310041893286
Model,0.15080805825549223
Model,0.22167876598694122
Model,0.22075895641161047
Model,0.18439953157069822
Model,0.19059302695220132
Model,0.17617553744959324
Model,0.1800289539456235
Model,0.15408650249940495
Model,0.1587962298887629
Model,0.19215606181252093
Model,0.13976533171059427
Model,0.07080053545559528
Model,0.17456569679604725
Model,0.1617516482554152
Model,0.12839877220034732
Model,0.2403178700103675
Model,0.22296519050895838
Model,0.17689642565970704
Model,0.18545512903228384
Model,0.06553400200744935
Model,0.14016943777949784
Model,0.07966952140514666
Model,0.18194442116961698
Model,0.08616866840832477
Model,0.15407265747669946
Model,0.04996358404723031
Model,0.11307565377840362
Model,0.15233746646107107
Model,0.07192876386801933
Model,0.17581692175190056
Model,0.19126077692378457
Model,-0.03623815855985235
Model,0.09683052366526759
Model,0.0830735308403687
Model,0.13009855486743296
Model,0.11989414519157965
Model,0.08694823423489811
Model,-0.013213891648129888
Model,0.21788478003962253
Model,0.28431406175279567
Model,0.1377139797178798
Model,0.13094593596166063
Model,0.14916563034057617
Model,0.16165774389520007
Model,0.1081147774671897
Model,0.1237403992958026
Model,0.08533713364415077
Model,-0.01730825719626053
Model,0.15670065570169997
Model,0.17884736063754147
Model,0.1641090623245324
Model,0.1703354257139208
Model,0.10251996887966144
Model,0.06237112359458388
Model,0.0946260179032716
Model,0.11764880659322408
Model,0.1712302320378281
Model,0.20490433659441895
Model,0.22038736922818014
Model,0.18186806290178925
Model,0.1648588442350577
Model,0.22119271303366128
Model,0.09959690560199477
Model,0.10907116289787336
Model,0.07522314567629709
Model,0.06570110665250115
Model,0.15417792964539798
Model,0.10964245567619471
Model,0.07179776880653407
Model,0.20958461503652956
Model,0.08047564598496013
Model,0.1773878866214816
Model,0.09223933031194853
Model,0.03747494357618336
Model,0.1596222483327689
Model,0.01683668926806753
Model,0.120211964334001
Model,0.1686350222814043
Model,0.18174150675834222
Model,0.09803227025396716
Model,0.12307930517621929
Model,0.17108432770838575
Model,-0.19265053025057483
Model,0.15799385488631335
Model,0.022532652187241098
Model,0.4672761744878763
Control,0.33133705802585767
Control,0.34845581727150154
Control,-0.15788581618497205
Control,0.06877848788381552
Control,0.17913922644246252
Control,0.25366899945929966
Control,0.2191074883260057
Control,0.2312666200342253
Control,0.1804485561589865
Control,0.11723769714468169
Control,0.1365322555055055
Control,0.15094169113814102
Control,-0.02181865286534712
Control,0.1958746690813913
Control,-0.05695586104191003
Control,0.10392021375356311
Control,0.18267182788189706
Control,0.10435604803272444
Control,0.2175655629456774
Control,0.1724402261285346
Control,0.16114044295771335
Control,0.12912597730672748
Control,0.08471833549880134
Control,0.26507923541924894
Control,0.21948606500125917
Control,0.14961858018983568
Control,0.061072964466269336
Control,0.18277984040237988
Control,0.13424837722161673
Control,0.08917892351331252
Control,0.29740983028475654
Control,0.13204083195498156
Control,0.18180695345569214
Control,0.14421108853458162
Control,0.20132156704846302
Control,0.06611659960071647
Control,0.13238365773771918
Control,0.25880671756854956
Control,0.21139383874210627
Control,0.20161160258545127
Control,0.07143800201490441
Control,0.15643515408770028
Control,0.13882185543659936
Control,0.13580338014009405
Control,0.1764830568828179
Control,0.22693361632667128
Control,0.16090695010114006
Control,0.07308109920293324
Control,0.08623623914410308
Control,0.1843631683517592
Control,0.05873225923365971
Control,0.176170949287372
Control,0.08503439906183027
Control,0.06659671441634232
Control,0.14945667324257536
Control,0.006449739669876359
Control,0.1278095036711847
Control,0.11678283296965705
Control,0.19465148289466783
Control,0.10133164549618132
Control,0.1984860156823693
Control,0.11853900050106922
Control,0.1604548189020742
Control,0.19599596951717518
Control,0.1730373070524422
Control,0.12668396597323212
Control,0.17832453022300868
Control,0.17328896091933235
Control,0.17628448636768387
Control,0.08653536508713278
Control,0.16589853330333626
Control,0.17820447929195207
Control,0.13509133521263947
Control,0.1669615901832198
Control,0.11305354783101756
Control,0.1425348715638636
Control,0.05859489597737322
Control,0.15857510808585348
Control,0.12661416953224003
Control,0.2112068231554999
Control,0.19965589485040874
Control,0.11270873921372021
Control,0.06838076854895059
Control,0.1288379697895369
Control,0.10429971366954618
Control,0.16606307641053808
Control,0.03267000205274942
Control,0.15950711634645495
Control,-0.03378799381596323
Control,0.21730524068957854
Control,-0.013291277082734532
Control,0.16141343183209136
Control,0.18858338744611114
Control,0.1715620726911785
Control,0.09764953587233291
Control,0.11368475736450062
Control,0.20734314814857815
Model,0.12158613951841457
Model,0.13119488642234337
Model,0.19242964327800502
Model,0.1882498510173598
Model,0.15367810157363362
Model,0.18192778343341023
Model,0.046371313175363
Model,0.14593221949893095
Model,0.12762800021846687
Model,0.19240355651115493
Model,0.1811655004952132
Model,0.20473106914805198
Model,0.21431954754900642
Model,0.1769735382552131
Model,0.16331201040890972
Model,0.15402683725325161
Model,0.2006307928059811
Model,0.20605563173857552
Model,0.15108556837807002
Model,0.12516719096214607
Model,0.15217961821136136
Model,0.13926057791630161
Model,0.19417638204568205
Model,0.24294990121720228
Model,0.09106341698762435
Model,0.11847925677878932
Model,0.13309665281769953
Model,0.10559947740539927
Model,0.20585591910010329
Model,0.10560753526230451
Model,0.1354895103203679
Model,0.2072262612473606
Model,0.14726184190582142
Model,0.21681878957461354
Model,0.13648597638609686
Model,0.1531967682184583
Model,0.135533935914736
Model,0.13088898887336584
Model,0.11743067485698758
Model,0.2185478448336207
Model,-0.036480473701238886
Model,0.12578816836494267
Model,0.08243959537450815
Model,0.11450529822803529
Model,0.11848175259869764
Model,0.1804925001318771
Model,0.13069711613947463
Model,0.12600847251439173
Model,0.13975315415606718
Model,0.11913575974595189
Model,0.07452428447230075
Model,0.07938543297641124
Model,0.16781901542425423
Model,0.25420944175061044
Model,0.22511011687675317
Model,-0.04010083862770361
Model,0.11568928748335994
Model,0.22313857583563732
Model,0.0880418615197657
Model,0.14818602713985718
Model,0.09197270086111961
Model,0.1367630801737774
Model,0.15233694536895923
Model,0.16850512482250812
Model,-0.0009010137124205175
Model,0.04773223154255113
Model,0.1225424186308913
Model,0.04923695651450949
Model,0.16147047420807906
Model,0.11256294545521306
Model,0.023707690512722007
Model,0.10113163217653001
Model,0.001883678213011053
Model,0.1501552976227657
Model,0.15792268375090532
Model,0.1955952810470343
Model,-0.07157881536345549
Model,-0.09277786066965381
Model,0.07429364313648695
Model,0.0655167308140758
Model,0.08143870547463664
Model,0.08925476048968178
Model,0.12830255953896136
Model,0.05351491337237152
Model,0.15246672282117932
Model,0.14818762164716606
Model,0.08218741696016446
Model,0.1974423457946267
Model,0.17926926105184568
Model,0.027583424595819
Model,0.13370981689546688
Model,0.1008169095518863
Model,0.16582164131810964
Model,0.21543251697302132
Model,0.16667616380629863
Model,0.15110380965863315
Model,0.3756255854996816
Model,0.10238405866101963
Model,0.026725938753406592
Model,0.0
Control,0.2902692209518075
Control,0.05655534477403995
Control,0.3065576985262442
Control,0.2601841672208397
Control,0.1590777416293039
Control,0.10287534645701463
Control,0.1572036121202552
Control,0.005113299940209176
Control,0.047810427254790566
Control,0.20331356517447277
Control,0.202143253291331
Control,0.1630861199686227
Control,0.242936132079117
Control,0.15046297374244785
Control,-0.04015228208756633
Control,0.22407604273877946
Control,0.13509890001886
Control,0.14578761743462604
Control,0.14415961763133173
Control,0.22165781837641993
Control,0.1353058012299979
Control,0.17152900958938344
Control,0.13728869413186606
Control,0.015316417783399094
Control,-0.021685283917647152
Control,0.24272725401381853
Control,0.2127547007606447
Control,0.286810323014573
Control,0.14999798681159215
Control,0.21263862865558567
Control,0.19058885808240877
Control,0.2211657968518992
Control,0.17328490660740778
Control,0.17470906902449318
Control,0.16692658703994323
Control,0.16286652303459653
Control,0.07395657056417224
Control,0.29430163943249243
Control,0.23005074282553684
Control,0.2147269182513523
Control,0.12071213096280561
Control,0.037273553701547474
Control,-0.004341997829169331
Control,0.1568301950675854
Control,0.08164711461019356
Control,0.1277701337733529
Control,0.08201626471452489
Control,0.155041919504121
Control,0.15049917004180194
Control,0.18645482757019757
Control,0.09516722867587207
Control,0.16719218201461844
Control,0.06401974740235702
Control,0.09403581842530931
Control,0.18663385374224437
Control,0.1462634178574136
Control,0.1445989408089033
Control,0.12646682525558217
Control,0.09332594106029907
Control,0.1449322312439033
Control,0.12156077059880815
Control,0.1741902090633992
Control,0.1449638845662741
Control,0.19865305328050187
Control,0.13135249346262107
Control,0.1561255969331416
Control,0.09717747778398136
Control,0.07560893896564325
Control,0.15104803658913876
Control,0.06616948932043815
Control,0.2121226824778511
Control,0.1191806769291294
Control,0.17945468093506337
Control,0.16374018173685573
Control,0.18723224238009756
Control,0.19099499456326965
Control,-0.025847718402029013
Control,0.18357440075082257
Control,0.16689194112584213
Control,0.1864476486990683
Control,0.14990441177202307
Control,0.17837126066320586
Control,0.15405507789407685
Control,0.21573660033469483
Control,0.11986829710910421
Control,0.13366942115983568
Control,0.18667425997679848
Control,0.038241405949544754
Control,0.053000170251597534
Control,0.18291332716394296
Control,0.13931079692266457
Control,0.21868796824345751
Control,0.16038472397271605
Control,0.1952195273859711
Control,-0.017846116187713368
Control,0.09788397874853416
Control,0.19588839183815876
Model,0.1430543763448828
Model,0.16199181231367946
Model,0.1562642025176764
Model,0.1887397209271672
Model,0.18320158452891985
Model,0.0953429302775873
Model,0.040752977232470566
Model,0.16488959664352232
Model,0.2016976779387016
Model,0.2446912634731535
Model,0.2322309570036073
Model,0.16014507768411967
Model,0.17499835966954394
Model,0.12814458264422127
Model,0.13839654898563755
Model,0.19655355123373178
Model,0.06339064496283814
Model,0.07834613874737367
Model,0.207760856435982
Model,0.17509569133005812
Model,0.18628547090617578
Model,0.1480007861370227
Model,0.13462676046418237
Model,0.1827892354765332
Model,0.17797735423148675
Model,0.16944905148700726
Model,0.17895441177563792
Model,0.1895550416331892
Model,0.2042107459826347
Model,0.1331096278916766
Model,0.25294410969767156
Model,0.18399551055636026
Model,0.12880925483661085
Model,0.1746033097855091
Model,0.11568233320944285
Model,0.13672780645066412
Model,0.06919621617233207
Model,0.11492600615075069
Model,0.08765282599024948
Model,0.0838347276716328
Model,0.06949796113149248
Model,0.12116876626626039
Model,0.14785160959896565
Model,0.17067297432600723
Model,0.2337971213403487
Model,0.11670952417380037
Model,0.06426305675187638
Model,0.07493494931139144
Model,0.15756116184502542
Model,0.14968412616181134
Model,0.0582422065229852
Model,0.05809046014096825
Model,0.18155979033696612
Model,0.2270119481262156
Model,0.27652655822643335
Model,0.09804922096439558
Model,0.11532210924952324
Model,0.16303831159470472
Model,0.20035936016435738
Model,-0.210543629317778
Model,0.10825342836986018
Model,0.08073502273995473
Model,0.05954774559673787
Model,0.036141058473682736
Model,0.1001958227742343
Model,-0.2037835137102516
Model,0.15697507050257992
Model,0.2738880829401771
Model,0.09852705299522035
Model,0.09605400657972762
Model,0.12580781490640627
Model,0.10867318627294756
Model,0.25134499641830976
Model,0.12280174495118648
Model,0.14166916034692106
Model,0.19440777272550824
Model,0.0021692219386531264
Model,0.13199822001632638
Model,0.130247729744268
Model,0.16626537656837215
Model,0.1668509959908765
Model,0.0922848785601332
Model,0.15858664161784194
Model,0.195113222867483
Model,0.14345171658889108
Model,0.23469139633901673
Model,0.056908847695609
Model,0.10871618607371147
Model,0.024086072094065686
Model,0.025940238897882856
Model,0.03996616203250694
Model,0.11167808307320246
Model,0.03857687105701918
Model,0.14395530420535116
Model,0.1605209057679277
Model,0.016343590540763675
Model,0.26189798349255033
Model,0.19082820920508312
Model,-0.14712518034970082
Control,0.31210340929935076
Control,0.05282676013948662
Control,0.16000534951221715
Control,0.06437191250863813
Control,0.15686338708020642
Control,0.07505294238710353
Control,-0.0135538202597279
Control,0.24591844682576533
Control,0.11255456764695368
Control,0.19796771375896408
Control,0.13534342857241763
Control,0.17473406018222057
Control,0.13915744367384722
Control,0.14698914726708115
Control,0.007834770939953495
Control,0.13998907930742008
Control,0.04177513662123494
Control,0.13782598714498903
Control,0.1608116697175314
Control,0.19972011317377505
Control,0.18358421804115524
Control,0.15191434591244427
Control,0.10492568111738632
Control,0.08336929726095635
Control,0.09620840958794094
Control,-0.18713347010787912
Control,0.18078623315030784
Control,0.05821648980994423
Control,0.2584826647238588
Control,0.03612189667679394
Control,0.20231098700792363
Control,0.1929112829625141
Control,0.109034630234292
Control,0.1066455924790041
Control,0.17454011995789728
Control,0.05034285391719315
Control,0.16750935553972807
Control,0.20263909469612995
Control,0.23901744005805006
Control,0.15634486148987325
Control,0.018875522690606106
Control,0.06576980529155751
Control,0.1369482062200506
Control,0.2130539261776468
Control,0.21117290153418367
Control,0.07330250075562475
Control,0.10392673385050252
Control,0.17974777949959406
Control,0.1320123671156374
Control,0.1893880353989277
Control,0.11427953171490826
Control,0.1450668401941408
Control,0.19599233981358966
Control,0.16553195463773798
Control,-0.02971123120723626
Control,0.12436405684769883
Control,0.12911653306040347
Control,0.22989772687123106
Control,0.05962489041995045
Control,0.20271374708832707
Control,0.07038936082070221
Control,0.13563109999117645
Control,0.22665208305669338
Control,0.08916090709575711
Control,0.14673817888683033
Control,0.13211328322805022
Control,0.060791763041994934
Control,0.012661739203709277
Control,0.16608268148790103
Control,0.23066267201733032
Control,0.16233421169395829
Control,0.16917424018566424
Control,0.14473101951871298
Control,0.1789056056053476
Control,0.08792303318164021
Control,0.10677927752402316
Control,0.1653000411381291
Control,-0.04927781765809161
Control,0.17797668269911207
Control,0.09525994433208454
Control,-0.045496725119077236
Control,0.10714892579560295
Control,0.20985192970820227
Control,0.17279706963461508
Control,0.16391666172074365
Control,0.14609903223405582
Control,0.15006634569752844
Control,0.12959735422761676
Control,0.18508206575344768
Control,0.07570940927252454
Control,0.154106782165791
Control,0.13470176111495613
Control,0.17421124584831651
Control,0.17335314043655312
Control,0.21467389696284947
Control,0.11698742906917031
Control,0.1732191231471373
Model,0.1879818739832577
Model,0.21379287293390553
Model,0.17267441111663512
Model,0.14357630544681613
Model,0.2245558902970126
Model,0.15421452543541472
Model,-0.026549117753869866
Model,0.06803115747179606
Model,0.1845236400032256
Model,0.2023987417901506
Model,0.1590345889296686
Model,0.15122207377932412
Model,0.1446799777423259
Model,0.11432154840450223
Model,0.11178908765382461
Model,0.026464100997716428
Model,0.10298977960046449
Model,0.15039316241690678
Model,0.17020693896473318
Model,0.15239199653782842
Model,0.09824358473387582
Model,0.041910017347388945
Model,0.11708896907011135
Model,0.07346368148308266
Model,0.21218558817005476
Model,0.12664115375765458
Model,0.09856204577247166
Model,0.12399247597691207
Model,0.12770270689939844
Model,0.15733983949939812
Model,0.18995815003861818
Model,0.26325372389726415
Model,0.19042998319751311
Model,0.15655726519981225
Model,0.14503961515798747
Model,0.19028441137826294
Model,0.1147230165857934
Model,0.03921269892051468
Model,0.10523558167975353
Model,0.13667816063233443
Model,0.014427691997094289
Model,0.10936309754383336
Model,0.15682925016452107
Model,-0.06517088748805366
Model,0.1347268023751385
Model,0.22232190714764885
Model,0.2758537545517802
Model,0.19948935894131528
Model,0.19803762090378912
Model,0.05938185882674679
Model,0.1894911281772813
Model,0.15524472507213138
Model,0.13448999185891722
Model,0.22334641277989417
Model,0.250867145648901
Model,0.12487715017569634
Model,0.10672203008679373
Model,-0.06144806852308804
Model,0.1336226273274076
Model,0.10349986671471145
Model,-0.018051125599256174
Model,0.15608165927289452
Model,0.13965016331029445
Model,0.13105439382253284
Model,0.19487541229562746
Model,0.12653164002408948
Model,0.21657576090516056
Model,0.06093110740517027
Model,0.11734530253288072
Model,0.06163317224253778
Model,0.18635783227391067
Model,0.0954682086090845
Model,0.034170718097367825
Model,0.12909993971204808
Model,0.18425388984722704
Model,0.0684304539043635
Model,0.12956667291945306
Model,0.09786810869623055
Model,0.13167756310806358
Model,0.04780901634573537
Model,0.10408360629841903
Model,0.17942964392760924
Model,0.10240838672538
Model,0.10413471093544593
Model,0.15530918301015662
Model,0.08024640572376743
Model,0.06833096677510106
Model,0.18838089498522023
Model,0.13986077595713944
Model,0.15107507344206572
Model,0.11519974051510609
Model,0.16400631933307966
Model,0.1731257348289192
Model,0.07542366433967584
Model,0.1739064456361326
Model,0.15096747835344296
Model,0.01929386642864317
Model,0.22183984338639173
Model,0.09563297810761826
Control,-0.1358543447028833
Control,0.07521636828929684
Control,0.17368458252952518
Control,0.19429716670526442
Control,0.21342030669268688
Control,0.1931658653644149
Control,0.07635525018475128
Control,0.18491949006466563
Control,0.12412406077220156
Control,0.05942331508649232
Control,0.1825760447460672
Control,0.08038494818186681
Control,0.21184767634839385
Control,0.042846108891626405
Control,0.15721225871423147
Control,0.18877926133282338
Control,0.20123110872713088
Control,0.09882215286709922
Control,0.1436524671588587
Control,0.22572322022024474
Control,0.21572873876777912
Control,0.06338625242611767
Control,0.15807959254635884
Control,0.2214893111948717
Control,0.15419961151603603
Control,0.13728603444902127
Control,0.08732106640453191
Control,0.043626597626685054
Control,0.10921648088240435
Control,-0.02393407174443188
Control,0.20202222702362335
Control,0.08429015254230135
Control,0.11904670110381435
Control,-0.06406928510836002
Control,0.05467659314739265
Control,0.15415626226061563
Control,0.1398876214372939
Control,0.24299511396499512
Control,0.18351125371628912
Control,0.03851750994738662
Control,0.09013875033145763
Control,-0.0031003389868847764
Control,0.07718381056418785
Control,0.1892000210856647
Control,0.15858689093403724
Control,0.14509128753423958
Control,0.10024436447798477
Control,0.11725692897868925
Control,0.15740073976442298
Control,0.11405112870959533
Control,0.09955422721446028
Control,0.1576982966500647
Control,0.1967585533358979
Control,-0.012365957699226049
Control,0.2210837128170358
Control,0.11673112790055629
Control,0.11562640631079274
Control,0.14519066555444213
Control,0.06249829193155634
Control,0.15365276979895073
Control,0.14418030396485937
Control,0.19120123447516024
Control,0.002140613171036282
Control,0.017484772431278967
Control,0.12895659472764268
Control,0.17808034786811242
Control,0.1483054033489929
Control,0.152338370830319
Control,0.16837140110424131
Control,0.07813360400024466
Control,0.10506747551719212
Control,0.16933841596346105
Control,0.20202264724633634
Control,0.1409589202374785
Control,0.2248583790184795
Control,0.11976641582671882
Control,0.1809615142635146
Control,0.1244907091426743
Control,0.16803819638829567
Control,0.14034683715008042
Control,0.2239920744794933
Control,0.1347728711173952
Control,0.16635946951050692
Control,0.018325289422718855
Control,0.1831705567562992
Control,0.15580926571402662
Control,0.270865366743294
Control,0.0929943826153393
Control,-0.04180146599294349
Control,0.19092065860063603
Control,0.17776855497455915
Control,0.19385123784459685
Control,0.13588492740091004
Control,0.12372346612787832
Control,0.13480040833038362
Control,0.10385212777317435
Control,0.1535515212427945
Model,0.12041951780733856
Model,0.21417501592051355
Model,0.16414190136070633
Model,0.15842116703024944
Model,0.20713878687940446
Model,0.16934996424710072
Model,0.22114395856059912
Model,0.14618884573546273
Model,0.16349042578285752
Model,0.16599795398371942
Model,0.07148637208119951
Model,0.23189492010352603
Model,0.09656096255633076
Model,0.09428534446618497
Model,0.18966025572556716
Model,0.18684629891628407
Model,0.1201077888376072
Model,0.1692074722005106
Model,0.1700790142401671
Model,0.11139081825513636
Model,0.08431302650583497
Model,0.20052891896587022
Model,0.1571711308448477
Model,0.162242298939555
Model,0.13555923127543298
Model,0.206394778579108
Model,0.15233559486193532
Model,0.19143547740668357
Model,0.13576147136348016
Model,0.21165442227519873
Model,0.1562945636751394
Model,0.18986399543192342
Model,0.1560897393901744
Model,0.1354981469470123
Model,0.14337016068972075
Model,0.1241632036806615
Model,0.16558125944041888
Model,0.0862662967630852
Model,0.024110577311138387
Model,0.06830825228887788
Model,0.051548893236396304
Model,0.11308343932780135
Model,0.14063812671031972
Model,0.18812273231770016
Model,0.17554055275592784
Model,0.10201486164377951
Model,0.052332361007613876
Model,0.10976820287098454
Model,0.034673989749406636
Model,0.15997318107813366
Model,0.12606736821607334
Model,0.08486784720500576
Model,0.05654831933337309
Model,0.1553815437134027
Model,0.2827638147135111
Model,0.3079543382161969
Model,0.08545143123188675
Model,0.0582317120521231
Model,0.15057597431450784
Model,0.13778545997347452
Model,0.1500996018997669
Model,0.012468813986018096
Model,0.1982442143237179
Model,-0.1936581461724629
Model,0.0723475573985207
Model,0.04934544813141242
Model,0.15739945384570986
Model,0.19345376284226126
Model,0.14097759861877002
Model,0.1299526258190074
Model,0.02941909243031887
Model,-0.05324201453622501
Model,0.15918161651096746
Model,0.13502454824139312
Model,0.10617718436114634
Model,0.07347398644174091
Model,0.20416762850090545
Model,0.15317157518903549
Model,0.1944266224120107
Model,0.1083958606124589
Model,0.009812410326971527
Model,0.1800347994535397
Model,0.05336691590322967
Model,0.23633984286117982
Model,0.1732492138576614
Model,0.07523140201600498
Model,-0.02234942757565042
Model,0.23534707759933726
Model,0.19639940299052192
Model,0.12866641273732438
Model,0.09276806072247865
Model,0.06185785929361981
Model,0.09246587507435042
Model,0.2348691246315521
Model,0.11294573857765663
Model,-0.028845269677365254
Model,0.23256641925377988
Model,0.15915650753937705
Model,-0.16424032358022836
Control,0.40943992629630643
Control,0.24910046809758898
Control,0.10055952712710753
Control,0.1380723346037211
Control,0.15189649083276788
Control,0.11352261179931455
Control,0.06770849806010523
Control,0.20137048724503023
Control,0.1859907474007495
Control,0.26305992866439565
Control,0.11431242982413589
Control,0.2060988573990804
Control,0.08974685975939134
Control,0.1457299752910533
Control,0.12091409150041732
Control,0.1845302418322866
Control,0.16848637640409775
Control,0.11284218544146687
Control,0.043536606906116854
Control,0.12635803920369484
Control,0.16166142117618318
Control,0.21421852119790272
Control,0.07804302726700951
Control,0.18550886531072847
Control,0.14390208795583637
Control,0.14995185720216203
Control,0.13731851452834898
Control,0.2558788408005118
Control,0.10303659482943175
Control,0.22108588556249273
Control,-0.04572472903242078
Control,0.06114002095417034
Control,0.11956688279956748
Control,0.13298760409339216
Control,0.1904383823358627
Control,-0.023888861853940818
Control,0.14931152018416285
Control,0.2291722539542378
Control,0.1896165654544979
Control,-0.022949074954625087
Control,0.15186075954267145
Control,0.1792764138750142
Control,0.1266311746643007
Control,0.2745952582279575
Control,0.0702088051283506
Control,0.14517118181273292
Control,0.07570527781345107
Control,0.07884626404497536
Control,-0.013725095037100954
Control,0.1098159475868761
Control,0.1989225610309886
Control,0.268941968978448
Control,0.07495462708382833
Control,0.1917467278115858
Control,0.11330855397742198
Control,0.15920101426782685
Control,0.1299309944495177
Control,0.05102066471425187
Control,0.06206734981823925
Control,0.19525687271934689
Control,0.26453077088763216
Control,0.1892038739245871
Control,0.08652890319941167
Control,0.12296036507107871
Control,0.04533019658580936
Control,0.05643293597094859
Control,0.2258522691269516
Control,0.22127012664259077
Control,0.15650482108627542
Control,0.12916034373684204
Control,0.22598725098830003
Control,0.07349026415791929
Control,0.22652635008196367
Control,0.14863774515979136
Control,0.09984857807457118
Control,0.05347412113627731
Control,0.22714611731776954
Control,0.15944265734524762
Control,0.057848713801988916
Control,0.19066330621075073
Control,0.17544408360186758
Control,0.00918056992782798
Control,0.18782660966467032
Control,0.22873178174264455
Control,0.18358360910362492
Control,0.19007876924049097
Control,0.20036870952168168
Control,0.10203745771809963
Control,0.12479146348194134
Control,0.16287289162809104
Control,0.16799821994509317
Control,0.1065694456515105
Control,0.11169767034226569
Control,0.11916439017590341
Control,0.06263382511925669
Control,0.18058189115130913
Control,0.11342756378743693
Model,0.22876488684013138
Model,0.19906564540288918
Model,0.08281038025416926
Model,0.21852246827239308
Model,0.24532671756170266
Model,0.16488174358206317
Model,0.10665778518387575
Model,0.17128272027342084
Model,0.160164822968618
Model,0.16512789760810742
Model,0.17143579470274042
Model,0.26274938301630774
Model,0.25896197524224907
Model,0.11879402884139931
Model,0.18682423416720317
Model,0.18932309730130026
Model,0.07464187732641245
Model,0.18065075531452396
Model,0.16146935175360913
Model,0.09741690326295169
Model,0.1373153026553168
Model,0.2608504275414457
Model,0.1760602583454604
Model,0.16951162334004105
Model,0.19641299245083743
Model,0.20705898297138706
Model,0.15245032350355167
Model,0.14368804760999904
Model,0.1247914600930485
Model,0.22144131078369242
Model,0.11257900382364075
Model,0.17643214601072313
Model,0.10597271883368092
Model,0.17630329193213046
Model,0.2028450751915956
Model,0.1718655415336158
Model,0.13816485144488658
Model,0.15257370990255606
Model,0.1700480538467101
Model,0.05481650498399768
Model,0.17764394392270838
Model,0.12186729243500707
Model,0.1315993111800722
Model,0.1266153981720192
Model,0.15078977145744674
Model,0.1786664725678953
Model,0.2028068447591469
Model,0.12905698728933512
Model,0.1499112387298873
Model,0.11400068776397534
Model,0.09141843707000663
Model,0.016107419063415007
Model,0.09269145486612651
Model,0.18393566324027752
Model,0.2285045104946447
Model,0.25871530038988844
Model,0.14069036868636556
Model,0.06696769585178847
Model,0.12807831118338084
Model,-0.023437395343015033
Model,0.1139265195847621
Model,0.15683801224664967
Model,0.24639167461374
Model,0.17701962108463218
Model,-0.16065709806206235
Model,0.02876312497467501
Model,0.029061689358225368
Model,-0.18969365505869173
Model,0.15635602118046654
Model,-0.20731788813868493
Model,0.19863773521903896
Model,-0.03983367253572512
Model,0.1926812986067705
Model,0.1860206819564071
Model,0.09845665426158587
Model,0.1700395141025318
Model,0.1052598197058823
Model,0.22143443319178213
Model,0.23933823252202674
Model,0.09746568664127636
Model,0.18833195193023852
Model,0.21036056664210628
Model,0.05155089122130052
Model,0.13152074361990396
Model,0.153080431381064
Model,0.17907253489180683
Model,0.23362816509727383
Model,0.07598692544195035
Model,0.2021447285893503
Model,-0.049805743738161684
Model,0.009938488237833887
Model,0.13289307391763133
Model,0.1802106609312587
Model,0.17437933639539124
Model,0.1624014188879177
Model,-0.20948848915738008
Model,0.20114176807594938
Model,0.2298646369240887
Control,0.17156783234714265
Control,0.19028375247117538
Control,0.30283097333068165
Control,0.20866782542986745
Control,0.185834728621586
Control,0.20190234965703957
Control,0.11128028273715354
Control,0.16280495921106242
Control,0.196233135534901
Control,0.11237599252989988
Control,0.1673345196340129
Control,0.1894227851061784
Control,0.1115589099982909
Control,0.16063020992172733
Control,0.04750509286006557
Control,0.1938685367471531
Control,0.09319618965603965
Control,0.10196484676837392
Control,0.19482478715371396
Control,0.07244947855023368
Control,0.22227141184684557
Control,0.1944831173821304
Control,0.19813692476704237
Control,0.05365443588499241
Control,0.0730495062161449
Control,-0.05774806524598877
Control,0.2139325953912044
Control,0.11548981220028473
Control,0.11517916355643384
Control,0.11851990036874044
Control,0.18757520391789567
Control,-0.003078060405310168
Control,0.022534241046395204
Control,0.15272375040894237
Control,0.11865678293383372
Control,0.03686185252573443
Control,0.24888923667877944
Control,0.20564632724094284
Control,0.15322495437120245
Control,0.1072460238883062
Control,0.03911081850196471
Control,0.17341516275735472
Control,0.1886398479957113
Control,0.07759014612589124
Control,-0.20851170976823788
Control,0.2908063126248261
Control,0.1804063031771776
Control,0.10866339562861549
Control,0.11764596032192606
Control,0.1546439402876889
Control,0.15665870220499026
Control,0.13045637304567573
Control,0.0848371213760929
Control,0.1529587492629171
Control,0.03729276692986888
Control,0.15948678538153402
Control,0.01976349474727246
Control,0.17730931813102901
Control,0.1731926864604886
Control,0.1291249430963693
Control,0.07786982553858421
Control,0.1377640920073425
Control,0.1414756277864726
Control,0.1370360129653012
Control,0.1109630369156632
Control,0.2213412620285017
Control,0.12959608718038534
Control,0.08824900613314862
Control,0.13141859056160202
Control,0.12062581393498112
Control,-0.0463879614104927
Control,0.18722786034230005
Control,0.1890876271918732
Control,0.05657467508528674
Control,0.08239595188345
Control,0.17211948948161657
Control,0.074395019008696
Control,0.09528982001403502
Control,0.2046547746711484
Control,0.1775571166339394
Control,0.2030747739500558
Control,0.15340785371552873
Control,0.011663238207499177
Control,0.059909385648725305
Control,0.15522925258347292
Control,0.17051506494332846
Control,0.0899043958987148
Control,0.2295718150526916
Control,0.1418932516837997
Control,0.195034976255402
Control,0.15399550115783078
Control,0.19638124862509296
Control,0.17358216792843414
Control,0.13175508051014265
Control,0.13105749877931813
Control,0.10504313309987384
Control,0.13089174543867674
Model,0.19963553292031005
Model,0.21122021831929216
Model,0.14755966153033204
Model,0.19706919201241688
Model,0.1276205064460984
Model,0.10577042877607651
Model,-0.0062575414693741005
Model,0.15075186011251665
Model,0.15874685079623493
Model,0.14836917712935635
Model,0.09156919960991594
Model,0.04228333054046035
Model,0.19296112241287824
Model,0.19493784952323173
Model,0.15493331107008815
Model,0.22470929750231994
Model,0.1005468957931833
Model,0.09316571487099298
Model,0.12856537854525288
Model,0.15292531590796632
Model,0.14321314823401543
Model,0.17150064880898433
Model,0.11424418077819723
Model,0.1707396770400746
Model,0.18689413559742465
Model,0.138445856778518
Model,0.2523944072234325
Model,0.20082879691086752
Model,0.2577974988996916
Model,0.07155518873346559
Model,0.20402096386338556
Model,0.16656022752274904
Model,0.18538471156006542
Model,0.12222300338638797
Model,0.11260829143300902
Model,0.13954882930087936
Model,0.20342584078925907
Model,0.173002331817695
Model,0.12481703500418093
Model,0.05935692966582384
Model,0.10662214379911308
Model,0.12690614285144786
Model,0.17816627597064608
Model,0.16463882760990953
Model,0.0668130775492061
Model,0.021209115833210168
Model,0.18593592375284324
Model,0.12928131485197986
Model,0.045200714698204636
Model,0.13831739189101172
Model,0.07526229589413372
Model,0.10448684879768652
Model,0.042938546857972104
Model,0.04798302615898242
Model,0.2210459512478798
Model,0.25216626443193113
Model,0.19757064356320148
Model,0.03494369425502508
Model,0.052036257491861304
Model,0.16248338557406014
Model,0.24163740056015576
Model,-0.010202271882506914
Model,0.08060136679954485
Model,0.13349827888152802
Model,0.10474294882554275
Model,0.10007281533318887
Model,0.06601974530895152
Model,0.1843425337154597
Model,-0.025348518870214415
Model,0.1789277479667196
Model,0.09512059677936294
Model,0.046574593520616325
Model,0.2025298931394001
Model,0.18077248554165945
Model,0.16247442201892937
Model,0.14187832141799672
Model,0.03011893010059727
Model,-0.03801503853920177
Model,0.27497341056066743
Model,0.05397317906552998
Model,0.07817579525104465
Model,-0.052931652087697484
Model,0.044706123595519454
Model,0.0967864616791673
Model,0.12235969358197554
Model,0.05034302522240405
Model,-0.1123572989982639
Model,0.11681296261922441
Model,0.13608949971172454
Model,0.07989189145025469
Model,0.1633720320868519
Model,-0.043915306378899344
Model,0.027269858580369205
Model,0.13930279674338655
Model,0.10953554261886955
Model,-0.1574480956214726
Model,0.21683944029154187
Model,0.31588571021123607
Control,0.45810123377686224
Control,-0.16902919756528925
Control,0.12043916660806406
Control,0.19477628598377988
Control,0.17907364206303453
Control,0.19761065442692344
Control,0.10051887383562
Control,0.08555835957245417
Control,0.08737312856991025
Control,0.20356244612962773
Control,0.24650957552485642
Control,0.18690817491665332
Control,0.19021724392073341
Control,0.14931493339729948
Control,0.0608362926288592
Control,0.23445957254539496
Control,0.10226775690863363
Control,0.17613328406909107
Control,-0.020401559014251253
Control,0.30306169008597345
Control,0.09900989135106403
Control,0.1606147871368306
Control,0.15260182017068002
Control,0.12127876348187164
Control,0.14938177432503588
Control,0.011925171250882355
Control,0.16317914148902682
Control,0.1610700765182342
Control,0.10216974022662229
Control,0.1350340290346007
Control,0.1024622640083466
Control,0.09998187146989529
Control,0.18610325186547627
Control,0.15656202958446153
Control,0.08326303606713764
Control,0.10730399734599136
Control,0.16014350709840736
Control,0.15600211218979576
Control,0.19229460812465535
Control,0.08221680085395888
Control,0.06312414688144372
Control,0.03679262249498996
Control,0.10288831209525084
Control,0.215936055816004
Control,0.04272069626694408
Control,0.2652942916355537
Control,0.13481295055636064
Control,0.14607171629583557
Control,0.10864279627667092
Control,0.13855916215158756
Control,0.09766157647571966
Control,0.11241774907213123
Control,0.131649412970612
Control,0.06702302178677377
Control,0.15340131634188067
Control,0.10574407049910547
Control,0.16899876304826342
Control,0.15769107644773248
Control,0.2126276206013351
Control,0.18162281816221001
Control,0.004364354554626054
Control,0.09452283940586359
Control,0.07902588353906587
Control,0.12260624118473218
Control,0.1367290624673816
Control,0.2698589443761768
Control,0.07473769288929541
Control,0.06211123013310341
Control,0.16019973893096484
Control,0.09616617341769845
Control,0.1738243089737568
Control,0.1514288896701009
Control,0.17786674767965188
Control,0.09431159423213609
Control,0.2712358642980008
Control,0.08288092451084947
Control,0.08385749790846572
Control,0.19587442680877717
Control,0.14308923728755754
Control,0.24954754838443788
Control,0.2070279914798545
Control,0.0958939482402908
Control,0.25190356742578207
Control,0.15555742392970567
Control,0.04461860098567694
Control,0.1542564669048773
Control,0.14583382452344945
Control,0.15157082328030896
Control,0.1890923131668448
Control,0.17542003030362335
Control,0.20815701415573343
Control,0.17442109566202663
Control,0.13963391562900945
Control,0.15836185050781487
Control,0.12563002202556017
Control,0.23339716061833443
Control,0.1725523434620903
Model,0.1324602623979915
Model,0.15340054181374305
Model,0.21468305747245864
Model,0.08208521007827024
Model,0.19215955130897108
Model,0.10595086386371216
Model,0.20454217943725247
Model,0.1934037516879929
Model,0.14907951525089602
Model,0.219842065669754
Model,0.22692715882457618
Model,0.08938739477857169
Model,0.20281015125538326
Model,0.19051218006257362
Model,0.14880582494214756
Model,0.15423935618554738
Model,0.164120884377555
Model,0.05245708907594118
Model,0.18638516748230594
Model,0.249149840013638
Model,0.195806256238965
Model,0.17974135734830282
Model,0.1755416857093207
Model,0.20404911493112143
Model,0.13202711477991996
Model,0.15358894658062103
Model,0.20884411443967615
Model,0.12977604376964078
Model,0.17121673494145492
Model,0.15561647013809898
Model,0.08770659011077453
Model,0.23813210057308573
Model,0.1779088718835327
Model,0.2215575060849737
Model,0.13563516387173963
Model,0.1708570714778326
Model,0.12449420455307467
Model,0.11766331583892753
Model,0.14062008876332738
Model,0.0576652264515293
Model,0.1622470921630179
Model,0.12934406651568123
Model,0.1275641526133985
Model,0.16143918529136256
Model,0.1572226530466324
Model,0.18987889659311727
Model,0.18084332336948866
Model,0.16417878381118858
Model,0.12015688332958496
Model,0.171217692071113
Model,0.15782417421755585
Model,0.029420520217389445
Model,-0.01729832053051611
Model,0.04426094494269975
Model,0.24277740351465366
Model,0.26542054743006605
Model,0.14268500190913477
Model,0.14893684419102493
Model,-0.05643517104545431
Model,0.08862859396099912
Model,0.04667452094015337
Model,0.09508059694615495
Model,0.003150550617422143
Model,0.24102984755865836
Model,-0.03927015766518038
Model,0.21367477493541295
Model,0.06591720525237629
Model,-0.013786107401385361
Model,-0.07727176223444435
Model,-0.05105254030812412
Model,0.15945719542976475
Model,0.06126466111063028
Model,0.17094582006949913
Model,0.19529509052650854
Model,0.18442524981206346
Model,0.2266517324724059
Model,-0.028794876774285022
Model,0.06105328755766784
Model,0.22264515303714885
Model,0.16328477141849174
Model,0.09732766029162282
Model,0.18503769371687637
Model,-0.041315997191761905
Model,0.17048132725251028
Model,-0.036010216045273324
Model,0.11722595689022952
Model,0.05822273620394958
Model,0.23488143335616707
Model,0.133522392914048
Model,0.028710625708568305
Model,0.12086814788140052
Model,0.09238101925738282
Model,0.14874655599711065
Model,0.13597381008641507
Model,0.16822611129403514
Model,0.22382544368140006
Model,-0.14188418181046195
Model,-0.10363964731477973
Control,0.30341459968549883
Control,0.14102754013461283
Control,-0.01178080654197447
Control,0.19396465784198333
Control,0.20684571715368744
Control,0.16060781930734214
Control,0.19343646128174982
Control,0.01596555761668994
Control,0.14230486116015922
Control,0.1672551697047392
Control,0.20551470702840066
Control,0.20440159447349962
Control,0.14017164727118503
Control,0.16961893389456248
Control,0.06971069947798783
Control,0.25468558637859295
Control,0.10067255919593632
Control,0.19141600987850094
Control,0.1395917603270532
Control,0.15501232463513462
Control,0.13050728604413464
Control,0.23644376120041047
Control,0.13366929357798732
Control,0.1351182999020835
Control,0.2009125347254401
Control,0.1708342747278968
Control,0.11016346505918898
Control,0.08483318766888437
Control,0.11935012197016076
Control,0.1005175704408516
Control,0.222549407910078
Control,0.010943890681101992
Control,-0.005076283728132819
Control,0.13984569099834532
Control,0.12676461404781278
Control,0.08769640203569515
Control,0.24290935490841054
Control,0.24855880088763624
Control,0.03733571377087597
Control,0.09034294016252262
Control,0.02868343901341841
Control,0.18269390698393584
Control,0.07714418091768674
Control,0.0580633056735248
Control,0.1275240980263139
Control,0.15865967265738293
Control,0.173029536653389
Control,0.2504499326714438
Control,0.08910612637382687
Control,-0.037416085251996356
Control,0.14597928311380923
Control,0.111714679527708
Control,0.10348941470468323
Control,0.12670118473843986
Control,0.04656281286524558
Control,0.041129730151781424
Control,0.08675675846661213
Control,0.09776046815657427
Control,0.15636194908499318
Control,0.08537319491938206
Control,0.17800755591163936
Control,0.19995912886250647
Control,0.08684901529331271
Control,0.041150596030181064
Control,0.012344923505814981
Control,0.1517296016814318
Control,0.15912661597614436
Control,0.09465819032428788
Control,0.13998315007391582
Control,0.19601831414893586
Control,0.12854998978218238
Control,0.1097803380311266
Control,0.23796272078485392
Control,0.2351614089315153
Control,0.14903623749446976
Control,0.20409172580659457
Control,0.10326400920831769
Control,0.14909921574884963
Control,0.23220694384048615
Control,0.09623626801481214
Control,0.13295956598875117
Control,0.28765718221930225
Control,0.14420291253156886
Control,0.17971149588641247
Control,0.1572302120053516
Control,0.2342017451789201
Control,0.13248522358727427
Control,0.19269405293757033
Control,0.17527261253450496
Control,0.21767270339106767
Control,0.16707347374961795
Control,0.26710676163468206
Control,0.21109444295017746
Control,-0.030853334544361483
Control,0.1805744264171009
Control,0.13846335947978725
Control,0.09243619661267385
Model,0.10357235480045926
Model,0.18473684987096883
Model,0.18243998481810025
Model,0.22567968185131365
Model,0.054210902988046816
Model,0.2512095414409403
Model,0.08354962642907829
Model,0.1632160315146813
Model,0.17442018012936697
Model,0.11163693320923956
Model,0.1247419085656786
Model,0.08635466181182014
Model,0.23165642537400874
Model,0.2141261908787416
Model,0.1624120739657212
Model,0.2528155004167504
Model,0.10014653305544902
Model,0.17789184768064364
Model,0.1460236482396971
Model,-0.004586899227388974
Model,0.2092048794928203
Model,0.18101815103554275
Model,0.08912385380520602
Model,0.2160010743167754
Model,0.13702381182142193
Model,0.20235843669079087
Model,0.09853983510165179
Model,0.19199910318040797
Model,0.2223891411869555
Model,0.11844425509738815
Model,0.24181229055525866
Model,0.1790368451987089
Model,0.15196624713863685
Model,0.16917641253242793
Model,0.19612919260958497
Model,0.1726536693647421
Model,0.13074537224594168
Model,0.119366299547878
Model,0.19943020388965754
Model,0.03310970883970146
Model,0.12422571898569898
Model,0.09089775621027185
Model,0.19612872773322504
Model,0.19452371724871886
Model,0.0888982485635092
Model,0.2200232325588979
Model,0.1958937823041493
Model,0.05935195025260101
Model,0.1643565679207826
Model,0.1299726856725006
Model,0.13425332872631027
Model,-0.007506908115867517
Model,0.058259824180815656
Model,0.17891594345620113
Model,0.22006933133604803
Model,0.2451195611868681
Model,0.15962136682193545
Model,0.11516797436253812
Model,-0.056981750953954996
Model,-0.03524507710101746
Model,0.016534158085766693
Model,0.0656171007167004
Model,0.1523776985995613
Model,0.1975133181149877
Model,0.07735051910746987
Model,0.19149786174097985
Model,0.13936702377155605
Model,0.13092235637747723
Model,0.00915778905917436
Model,0.16278781134680892
Model,0.15612354565623612
Model,0.07595853788265286
Model,0.16464428465767716
Model,0.13162302572192955
Model,0.08574239632224825
Model,0.20603638894050286
Model,0.10444372168086974
Model,0.22807053884402034
Model,0.2569595092913778
Model,0.24377571672633072
Model,-0.20309981534313598
Model,0.07203937879241298
Model,0.10282638147390277
Model,0.09442515928742609
Model,0.10624951436501015
Model,0.194000266733244
Model,0.09951683044965182
Model,-0.02068572718164194
Model,0.055100832628698776
Model,0.06167921925601086
Model,0.10438326170611939
Model,0.15825089084663518
Model,0.07378177811602418
Model,0.15738933846570446
Model,0.20166367485105924
Model,0.2218773571012278
Model,0.21868241444612158
Model,-0.09693094719213785
Control,0.0
Control,-0.07231959212185149
Control,0.118996554991872
Control,0.23607696444959014
Control,0.008230055189185848
Control,0.2099074716684943
Control,0.03642284677445956
Control,0.10530256460874507
Control,0.23678860045064123
Control,0.17049716746926707
Control,0.21131279848623966
Control,0.1797758485694128
Control,0.14250751283256505
Control,-0.030955370918431258
Control,0.13306030660967363
Control,0.1136429836120095
Control,0.16236020902061674
Control,0.17466084401610174
Control,0.18873349533166106
Control,0.18841324229968698
Control,0.11066137667882403
Control,0.1685915213896412
Control,0.16612017672994864
Control,0.24213058719932704
Control,0.22214019458030776
Control,0.14771573772132726
Control,0.01537630702872475
Control,0.200858408790767
Control,0.020752784932071694
Control,0.13424917075413395
Control,0.19873926405656828
Control,0.11921532855783418
Control,0.3183949077408449
Control,-0.08323189267346692
Control,0.11435737870342885
Control,0.1426152525139493
Control,0.09113095689112258
Control,0.2598609136232697
Control,0.24880754269883784
Control,0.20088689515954805
Control,0.14184640708442783
Control,0.10283556537351748
Control,0.20091401666834732
Control,-0.05033898991485902
Control,0.13021755816545774
Control,0.1590759332895013
Control,0.08571869473792237
Control,0.08225261454066574
Control,0.09490128398074485
Control,0.16842470347150382
Control,0.0619067847396485
Control,0.18693522173691224
Control,-0.0035172979967251217
Control,0.1514255887555704
Control,0.09203263024156838
Control,0.22389195488979716
Control,0.1858961105080884
Control,0.16176353489674852
Control,0.15515087852244125
Control,0.17777972157583588
Control,-0.014921997635393786
Control,0.15525770905025826
Control,0.09460732350780016
Control,0.02142147475660444
Control,0.045562365647808245
Control,0.18752951433294462
Control,0.16355062567669412
Control,0.12439606022276609
Control,0.05856546078504396
Control,0.03853174230060982
Control,0.21175482786087158
Control,0.1932800184258383
Control,0.07440334930600662
Control,0.2178129214241087
Control,0.24065199398011
Control,0.2601390185297665
Control,0.26691691120598493
Control,0.09339000987368681
Control,0.22458605463289497
Control,0.1287071243709279
Control,0.19203545151479798
Control,0.15312126435032128
Control,0.21559131025869313
Control,0.10670183182028492
Control,0.2504927039545117
Control,0.14556984040250745
Control,0.10241080101251335
Control,0.18846012849605734
Control,0.2267407984239202
Control,0.1233669185851064
Control,0.17541286804471395
Control,0.0755067613877049
Control,0.16733345485717027
Control,0.10049760434672717
Control,0.12147461862999989
Control,0.19267413050035967
Control,0.2266894957692328
Control,0.13814845943663562
Model,0.09166287033587128
Model,0.24546451924769508
Model,0.12502144212308136
Model,0.14013881122521066
Model,0.22383555999168983
Model,0.1504084182822186
Model,0.2026127599420622
Model,0.14704840398552427
Model,0.24565865841996312
Model,0.19680800499060214
Model,0.257471500166018
Model,0.2191054358530204
Model,0.17857629133839004
Model,0.2264816913849268
Model,0.1825050425237105
Model,0.17545535638845355
Model,0.15582931892263183
Model,0.07013124387001113
Model,0.2259723037115839
Model,0.27056256026328607
Model,0.19832169265385585
Model,0.13413296880796471
Model,0.14055100040159366
Model,0.13674545580461006
Model,0.16614095742088497
Model,0.21406153425856708
Model,0.16574561197223472
Model,0.18517942332902482
Model,0.1479880879555259
Model,0.18803629827339913
Model,0.2839735570958626
Model,0.11210902923990121
Model,0.19039623274851006
Model,0.0661389207095738
Model,0.1994676462383972
Model,0.15004487141318942
Model,0.17662844184781926
Model,0.10304870201459565
Model,0.07436068812873184
Model,0.21586715909283827
Model,0.10663156737983556
Model,0.14675695920070278
Model,0.1361990482645024
Model,0.11131781572216462
Model,0.192003512993837
Model,0.18961462501432316
Model,0.08461708215832578
Model,0.16230997486390927
Model,0.14046756997953688
Model,0.15232132150975358
Model,0.03297857257434755
Model,0.16255405222957617
Model,0.10911114259707091
Model,0.19493505215830895
Model,0.20402941602794092
Model,0.2582366918374596
Model,0.1127587404006567
Model,0.13347990789275235
Model,0.2553536631457649
Model,0.08608723969230953
Model,0.14054040944695873
Model,0.0808394737334023
Model,0.019833948234783516
Model,0.14768413436851374
Model,0.08147994052606283
Model,0.1605007174023019
Model,0.1486622759596826
Model,0.10741846411257416
Model,0.0479407489897814
Model,0.03638431586017843
Model,-0.003934878901627303
Model,0.18166755433864018
Model,0.1748700596417073
Model,0.11611996406695516
Model,0.07922662460684377
Model,0.06303321232099329
Model,0.1408394406338865
Model,0.17785837963937784
Model,0.2680094028130555
Model,0.30814487320124906
Model,0.12876920822339183
Model,0.13926100026537874
Model,0.1796533278664086
Model,0.0762234899644203
Model,0.1448499727142827
Model,0.17903223617153952
Model,0.12132329054367849
Model,0.14186540003471418
Model,0.1612613460291987
Model,0.006383850954580994
Model,0.23001564824860232
Model,-0.011261344487584701
Model,0.18237972060174845
Model,0.08715433134814699
Model,0.19263879338501558
Model,0.15025235039733326
Model,0.21972740892582515
Control,0.0
Control,0.3360053295541634
Control,0.10193006828875845
Control,0.30926599869361293
Control,0.22093653785212253
Control,0.16337100385689285
Control,0.1836533272678371
Control,0.1524082811646903
Control,0.20695891547761233
Control,-0.1997909801062134
Control,0.2561163438469537
Control,0.1766752869787822
Control,0.07637127718930789
Control,0.18143668475092586
Control,0.1528270388127968
Control,0.18710818524610506
Control,0.10601486051361697
Control,0.1958374676762882
Control,0.13509830629812303
Control,0.1122272172101764
Control,0.0989367941948881
Control,0.1527243488475498
Control,0.14032693478043132
Control,0.2119768136321103
Control,0.18898550084602075
Control,0.20966377306143974
Control,0.18797779202859935
Control,0.06905358950031243
Control,0.20953101139004812
Control,0.1606532985151412
Control,0.1654646720907494
Control,0.10839393067120709
Control,0.19171794654267818
Control,0.11077231022559411
Control,0.17210269439446357
Control,0.1201057762339495
Control,0.11948722939826173
Control,0.21802232257498547
Control,0.16542781834618303
Control,0.24632161144694625
Control,0.16536514176971537
Control,0.13230104098219006
Control,0.15447860736910715
Control,0.09671979478104589
Control,0.10409959276915923
Control,0.04716748690259631
Control,0.05135894658972187
Control,0.1354393119131575
Control,0.1569244917419842
Control,0.2178033163714967
Control,0.14133080165654652
Control,0.164830417670268
Control,0.18154235920113995
Control,0.14045038483746206
Control,0.1536920567685811
Control,0.11621663183671574
Control,0.10529783491041081
Control,0.15557940149785682
Control,0.2323358890869413
Control,0.1437200547062035
Control,0.14716134767734354
Control,0.1763993057784694
Control,0.16593448932354266
Control,0.06995433715142005
Control,0.16473679080057305
Control,0.19084505678685082
Control,0.22640236644043174
Control,0.158065899159996
Control,0.22868735402191231
Control,0.1393173819401591
Control,0.13792550523942929
Control,0.10259817210062422
Control,0.1875586908397866
Control,0.21678334653975573
Control,0.1303590957403449
Control,0.1831043427072906
Control,0.14385432197630338
Control,0.2176407671293686
Control,0.18015425500263738
Control,0.18462992405545883
Control,0.21919586188019718
Control,0.12019955287941853
Control,0.15003667361494422
Control,0.17399406300207712
Control,0.2177949171002493
Control,0.2156956918795106
Control,0.07051426763651494
Control,0.20969069416041888
Control,0.19688522071476894
Control,0.11142345110043766
Control,0.13787508622193945
Control,0.19630420354164832
Control,0.12836300303438966
Control,0.20357855573014141
Control,0.18295751274495886
Control,0.012091378968960731
Control,0.13400814777765516
Control,0.15080626087975474
Model,0.05372738804971364
Model,0.2342811206245635
Model,0.14803093891080008
Model,0.10921376664502963
Model,0.14126357585690094
Model,0.12449964425768473
Model,0.23238645641832978
Model,0.2408681929842418
Model,0.24815933414659105
Model,0.07571001933968585
Model,0.10772983093591307
Model,0.13090400738328065
Model,0.22777429884226955
Model,0.13924742661989653
Model,0.1993070272033164
Model,-0.08711486911959739
Model,0.20627166342442918
Model,0.14015049253950682
Model,0.14670677069437543
Model,0.02302959644409061
Model,0.10009736241305553
Model,0.17523640507173907
Model,0.18070796128765265
Model,0.19346423080002054
Model,0.2336004129886096
Model,0.17164154674695886
Model,0.2129202330258645
Model,0.17434559511633355
Model,0.24180726050798979
Model,0.1522543539304531
Model,0.1459146036352202
Model,0.17750469591040807
Model,0.1795578429531493
Model,0.13798102885983063
Model,0.19146820879567297
Model,0.19314643039618318
Model,0.1495777745975167
Model,0.12218200243436372
Model,0.16202722823739452
Model,0.06581630435675681
Model,0.1272267510526821
Model,0.21253753067259007
Model,0.15709213296173677
Model,0.14691757411595302
Model,0.14816634910162477
Model,0.13192812973838985
Model,0.16045075050298716
Model,0.03843473258491609
Model,0.1977510139960775
Model,0.12698416712557858
Model,-0.02072583851606949
Model,0.001131414968433192
Model,-0.015362952797442125
Model,0.2042740380086229
Model,0.291836882780494
Model,0.22176308057778654
Model,0.10896591066383865
Model,0.10427054154833024
Model,0.16755775185333047
Model,0.15711689088389758
Model,0.06835883942203247
Model,-0.05064742228923699
Model,0.10437763441632292
Model,0.11345822602477229
Model,-0.20353048063042173
Model,0.0762999023216358
Model,0.11967633679559
Model,0.17956968161839176
Model,0.09729215765212024
Model,0.1363423297237792
Model,0.14095292521958366
Model,0.18031952054205547
Model,0.18294853523556337
Model,0.11898393349238195
Model,0.15219357619716173
Model,0.04845726104617254
Model,0.11871947186979295
Model,0.20933828784470573
Model,0.020164247539928515
Model,0.051208480278916696
Model,0.07343897658712756
Model,0.23013439890798784
Model,0.1625726735977292
Model,0.25602549294564236
Model,0.21449379485054826
Model,0.0755536784163553
Model,0.1718148523349826
Model,0.07252289645515028
Model,0.11161485231308105
Model,0.10577811299093323
Model,0.11582871510698114
Model,0.07856497803127754
Model,0.15332971461773448
Model,0.15390375705068327
Model,0.2762121269136767
Model,0.2429301293531522
Control,0.0
Control,0.0
Control,-0.09165226097489679
Control,0.15560249068931062
Control,0.22735474207994003
Control,0.23095663468308802
Control,0.18441185730622633
Control,0.24796327274114124
Control,0.17716803771330492
Control,0.056373847368170193
Control,0.10875314912668438
Control,0.15209540063587987
Control,0.12385498241437318
Control,0.03804449878275859
Control,0.17908594680071674
Control,0.19932191321416576
Control,0.1204486763729831
Control,0.130015510646263
Control,0.16294129702824284
Control,0.1485206856908341
Control,0.0403760037028803
Control,0.21816698484197508
Control,0.14083304678981787
Control,0.13642303627337368
Control,0.18747981150147638
Control,0.19903531295134202
Control,0.25528936083101506
Control,0.2086620410549202
Control,0.08852065739158535
Control,0.14156076780529725
Control,0.16048642066011462
Control,0.14994502851662697
Control,0.02699581994659525
Control,0.0996619443696744
Control,0.20205742207126343
Control,0.05008542451305664
Control,0.1700675003770469
Control,0.20189930324171698
Control,0.21593085433062634
Control,0.20567171204183146
Control,0.2556048894805653
Control,0.17845999078208388
Control,-0.02278699457578967
Control,0.13234864748441255
Control,0.022936917534108398
Control,0.07065341451362092
Control,0.13202590448003151
Control,0.14672397862841585
Control,0.13538086241570074
Control,0.15784516555143968
Control,0.1468849043915237
Control,0.09355581876559133
Control,0.12708580985648707
Control,0.20311254522074823
Control,0.22691919412899975
Control,0.18337343701284994
Control,0.1174577776936517
Control,0.17290913806179564
Control,0.1550947815811089
Control,0.05548590169170897
Control,0.10437234462038461
Control,0.2639780529632484
Control,0.1048706250313001
Control,0.06349064727026216
Control,0.10004548497556176
Control,0.14466518887973817
Control,0.14447293911490552
Control,0.11535697172052217
Control,0.05117071100169071
Control,0.10241900339573123
Control,0.17899360983666768
Control,0.09223029120444187
Control,0.18375372248748473
Control,0.11780487102276774
Control,0.10741104276948418
Control,0.19908216100605566
Control,0.1652690055245407
Control,0.21965788731739805
Control,-0.017990934011529514
Control,0.22295479551206862
Control,0.15408594499330724
Control,0.17916510854676415
Control,0.15837579786179456
Control,0.2211862670936712
Control,0.12828723323783747
Control,0.15555022126987758
Control,0.0751537904558639
Control,0.3458132180348952
Control,0.2048986957490511
Control,0.23630812468470272
Control,0.12995444784727914
Control,0.12333346190659897
Control,0.1287594148546557
Control,0.10222672166898766
Control,0.24906094257648176
Control,0.1601910405068626
Control,0.2166625051328304
Control,0.15028804480830163
Control,0.07012719002322876
Model,0.11049547017351571
Model,0.17297614776968556
Model,0.19316576715297124
Model,0.11999825158113889
Model,0.1741011389920544
Model,0.19653299341233677
Model,0.12882802119621864
Model,0.1282838887328421
Model,0.2264788840526721
Model,0.1746045837434239
Model,0.17190662940077428
Model,0.22119024033796297
Model,0.043031653698737266
Model,0.19444955471766034
Model,0.1778766991967209
Model,0.18085200212472258
Model,0.186510822578949
Model,0.20490480891305338
Model,0.12523789761988746
Model,0.19634734640684945
Model,0.20009566775399576
Model,0.1634951508297702
Model,0.16127912442686834
Model,0.21184250662558055
Model,0.14646168044844068
Model,0.17772318992593483
Model,0.16912411420773235
Model,0.16154139762206488
Model,0.23666182077316406
Model,0.1519474924740318
Model,0.20781038836093252
Model,0.1906654964987118
Model,0.06688749604134786
Model,0.11930517634686288
Model,0.13097449037409414
Model,0.09743307917944694
Model,0.14675755484845726
Model,0.15185200224486214
Model,0.14920735505379432
Model,0.11023777450871974
Model,0.07416917780702859
Model,0.06167620520129252
Model,0.2013208769104021
Model,0.1816856677715595
Model,0.2025526714165474
Model,0.1447666272138938
Model,0.2121402924940605
Model,0.16248281863222155
Model,0.1670481060925402
Model,0.14749055270234346
Model,0.12706561391568902
Model,0.0266391212990717
Model,-0.0016321668125182376
Model,0.21900359377547382
Model,0.2399171718386902
Model,0.27869964828725113
Model,-0.0161493713640449
Model,0.05789820399704318
Model,0.05471844245225957
Model,0.11414278523711988
Model,0.24101717110594512
Model,0.07999195834598943
Model,0.10908428827921551
Model,0.029231484983544137
Model,0.011966765657848072
Model,0.11453044255042955
Model,0.1640093260119724
Model,0.20646632515068436
Model,0.17995320461532613
Model,0.11305177092153493
Model,0.1276026896409765
Model,0.19445560555261382
Model,0.10466457004664068
Model,0.02241086002975004
Model,0.12130522761190746
Model,0.21701218584841042
Model,0.19054264926591447
Model,0.041475257214362266
Model,0.04932297518686571
Model,0.19984599393081237
Model,-0.007177002121639353
Model,0.15732944755915684
Model,0.10780763612808858
Model,0.18746233212376387
Model,0.18121285568777404
Model,0.1833464671403934
Model,0.10423496275841193
Model,0.21819336119304134
Model,0.14497514525916397
Model,0.13587272898143482
Model,0.2174346449648922
Model,0.2061004717081553
Model,0.2414440452188685
Model,0.16395455100464582
Model,0.32709019160190955
Model,-0.08324466820145929
Control,0.3611837777006985
Control,-0.1696252982353287
Control,0.3304911765499392
Control,0.09214519052335382
Control,0.2864095351369086
Control,0.153840004666859
Control,0.1819718116634798
Control,0.10723302741779
Control,0.25400378632306253
Control,0.18300065348379588
Control,0.17000819129688685
Control,0.15087694693834355
Control,0.17557035507831553
Control,0.1421589917828274
Control,0.0017332749621923882
Control,0.2075405636492913
Control,0.1325849846188174
Control,0.06593094495360802
Control,0.12643856421495092
Control,0.03158085348879877
Control,0.05890288879241434
Control,0.07410484751730062
Control,0.08647808263134399
Control,0.15541919444582802
Control,0.13846108546623817
Control,0.26675580975204005
Control,0.20422946449904936
Control,0.19935410875939208
Control,0.10008700389660055
Control,0.23537812809747466
Control,0.18014643596300445
Control,0.169671740021594
Control,0.09479675351443767
Control,0.10047556285475409
Control,0.1879810785901719
Control,0.1863827444903694
Control,0.23133929105373796
Control,0.23905087421038745
Control,0.16345994235945654
Control,0.17026406440182007
Control,0.10173201215439948
Control,0.09635919771066875
Control,0.04384655012866456
Control,0.035111077453779144
Control,0.031641216647531945
Control,0.083305216088077
Control,0.10735454866319993
Control,0.12887177399568334
Control,0.1619760926351898
Control,0.10321312923495188
Control,0.19417895228833526
Control,0.19492337522963885
Control,0.13293582566472867
Control,0.18862813770970374
Control,0.08560450858495705
Control,0.11951374289981498
Control,0.07459708161178641
Control,0.13265485262525253
Control,0.20208761883419893
Control,0.08681422159690391
Control,0.17250005191518045
Control,0.0846045958823052
Control,-0.048838828784832033
Control,0.14640819082823617
Control,0.22750129508334258
Control,0.21598373036187896
Control,0.18848904452329227
Control,0.14786360029924406
Control,0.22573612392812537
Control,0.1038180436178992
Control,0.13407012119208161
Control,0.11865482202740418
Control,0.1706982874950039
Control,0.21666553081610262
Control,0.2019490268052355
Control,0.06245315074920654
Control,0.18077277738513756
Control,0.04158015819962074
Control,0.1997655366974132
Control,0.14982910698472857
Control,0.18173263649743804
Control,0.10638226799608741
Control,0.19045293158379156
Control,0.10870784959665508
Control,0.08613360120832853
Control,0.07163053146307016
Control,0.13213123631982368
Control,0.22549368186937926
Control,0.22679618529252782
Control,0.04134440096458597
Control,0.16393426216831444
Control,0.033482428378484724
Control,0.1542900841903261
Control,0.20354116002851505
Control,0.2912314844503583
Control,0.19342796247008123
Control,0.19151696898333873
Model,0.08103946977634494
Model,0.1131976575091265
Model,0.2336182860094834
Model,0.06656867518207032
Model,0.20683793811627985
Model,0.15239949529386285
Model,0.11459607105191336
Model,0.23262494530034572
Model,0.17860709039396797
Model,0.11078111530014773
Model,0.012054875077744137
Model,0.13716492990453374
Model,0.16692797449254404
Model,0.09687640568617326
Model,0.1782152801585968
Model,0.14684257765145872
Model,0.21427172681559686
Model,0.10757223532484259
Model,0.15385423642204227
Model,0.2211282905793376
Model,0.1522801614791122
Model,0.18720674514770508
Model,0.14166110255646466
Model,0.13611154200108422
Model,0.11084519062552564
Model,0.017881787341573974
Model,0.16352671763570015
Model,0.18481438122731256
Model,0.18617448439964882
Model,0.20521920979222327
Model,0.09110094791272014
Model,0.13613617320523214
Model,0.12267350313256817
Model,0.1579223015369513
Model,0.16555338307235024
Model,0.136023435970081
Model,0.16990714434663057
Model,0.13721983648064146
Model,0.18965043750495017
Model,0.17430011497825018
Model,0.05189531729239952
Model,0.19149477186809016
Model,0.16328953952427822
Model,0.1807431084920996
Model,0.14158622224461143
Model,0.1727262533362228
Model,0.12238741293134231
Model,0.1610828699209751
Model,0.1259742957293788
Model,0.029201763928135893
Model,0.15714843629328834
Model,0.010135980021860558
Model,0.083206096088873
Model,0.22334245628072
Model,0.2889004759698143
Model,0.17458645104032963
Model,0.014012355203745497
Model,0.09704564035005264
Model,0.011753861587847608
Model,0.1765645745074337
Model,0.1226302965428917
Model,0.010967335307611403
Model,0.08602606412957745
Model,0.08006951462066292
Model,0.07775045032618169
Model,0.11689915977327053
Model,0.1258904815650438
Model,0.19850190108436405
Model,-0.04840479224687702
Model,0.15377883834052114
Model,0.168287186186715
Model,0.15013642693841736
Model,0.12808285628672827
Model,0.13417314958147114
Model,0.20807099727749692
Model,0.20023467150021557
Model,0.1443029451396819
Model,0.34860223325731493
Model,0.18054240164549454
Model,0.1161317197375473
Model,0.0032438583995984815
Model,0.11472071273669751
Model,0.16392912261329237
Model,0.12456187542731414
Model,0.09958304483090488
Model,0.12395428408481338
Model,0.10307871630890844
Model,0.16627095255963378
Model,0.23559309872762285
Model,0.09225595622025473
Model,0.14929832955002117
Model,0.2983539119080424
Model,0.26492039681544144
Model,0.23311318109931226
Model,0.293120106991584
Model,0.6577277951681759
Control,-0.1336885790362406
Control,0.2662959724764361
Control,0.2732493394992025
Control,0.21672244242069583
Control,0.23041705210737828
Control,0.1921390411978714
Control,0.22833046054627454
Control,0.20240189997248825
Control,0.2559522343851385
Control,0.11036941033674852
Control,0.2262384058241063
Control,0.09339766691095186
Control,0.29590752491584194
Control,0.040944029920741726
Control,0.25323812751599906
Control,0.13854134322010156
Control,0.09324527730378288
Control,0.27792420661037454
Control,0.22575229851564305
Control,0.1830997819220076
Control,0.093436684696172
Control,-0.006832320089457167
Control,-0.10668984676816125
Control,0.12130335993325561
Control,0.14345519346005411
Control,0.22802342831623326
Control,0.21747813363006152
Control,0.2048765482046665
Control,0.21201715820210434
Control,0.2314884701168524
Control,0.17009773182629742
Control,0.14021113352100456
Control,0.21462593296565607
Control,0.17980901798941487
Control,0.21559968095692236
Control,0.21208991892760415
Control,0.2112376361653425
Control,0.14910013712901068
Control,0.19351798953818636
Control,0.2100954963477825
Control,0.08611865413095907
Control,0.08388585935335363
Control,0.05436479041940523
Control,0.05636174363834803
Control,0.07751691235081937
Control,0.0059992757396421514
Control,0.10299401651390949
Control,0.09397507644151495
Control,0.0044065461376704695
Control,0.1520097784639867
Control,0.11830000335157514
Control,0.2601629645795195
Control,0.05732415113162037
Control,0.15806901933357467
Control,0.16297168768900824
Control,0.0765414547627852
Control,-0.0007469705913377978
Control,0.13929837922188748
Control,-0.06277321493346555
Control,0.15360078657484105
Control,0.18992194244295457
Control,0.24559636219688083
Control,0.04198141733273747
Control,0.04256661453906241
Control,0.09981074035499937
Control,0.1488705429610866
Control,0.10723170754369951
Control,0.2041420488719026
Control,0.14117501186022124
Control,0.11316907512171481
Control,0.1968204814321886
Control,0.27467974771225334
Control,0.16765852423681732
Control,0.17233498027359231
Control,0.06831985918042918
Control,0.19160840809013002
Control,0.18783713716062547
Control,0.15747493020401085
Control,0.2585153659450569
Control,0.14263617826278924
Control,0.13282766004602778
Control,0.17785522929800793
Control,0.17767846690638278
Control,0.08797011766146656
Control,0.1418516581406694
Control,0.19925677842785552
Control,0.14039716167726377
Control,0.12705692751883396
Control,0.06578653971088372
Control,0.07168662893599359
Control,0.1667144786288241
Control,0.1569269168602849
Control,0.10649953039992213
Control,0.10620408977818996
Control,-0.07402323457176736
Control,0.20424757939384403
Control,0.17660721900603973
Model,0.13083150341625066
Model,0.2525299398130929
Model,0.15020651376101216
Model,0.14871023185011267
Model,0.1450453077005835
Model,0.16330148756437607
Model,0.08257240130085342
Model,0.21518637331300225
Model,0.14008246729339377
Model,0.2008499245978518
Model,0.19657512559008308
Model,0.14591494332189145
Model,0.1874032913641786
Model,0.19775700276777763
Model,0.1547147472832381
Model,0.12425971609294215
Model,0.25484828539649507
Model,0.19656138422762937
Model,0.16329175732207538
Model,0.23340767176786525
Model,0.1331281077901655
Model,0.13768567581772137
Model,0.13387722075982236
Model,0.14496304824067865
Model,0.08119227415741886
Model,0.19711086250334947
Model,0.006800201558482044
Model,0.20574857718171086
Model,0.2637291054263163
Model,0.09687001529744635
Model,0.13478359530203318
Model,0.18053251484963406
Model,0.11040899506380725
Model,0.12597544602592922
Model,0.15022100639449582
Model,0.15591170357222542
Model,0.2379233324142337
Model,0.08371383131148424
Model,0.15478015251648733
Model,0.13928874333699542
Model,0.22722736662181056
Model,0.18155868701977343
Model,0.0876661109817998
Model,0.16442802159682565
Model,0.09275503953297931
Model,0.1662389905157695
Model,0.10910493042423841
Model,0.19996660781677483
Model,0.13666870887728708
Model,0.06526495282067901
Model,-0.07764900763962447
Model,-0.011616917823336459
Model,0.11252175871212217
Model,0.24551146750731878
Model,0.24195633311999948
Model,0.22515021066867655
Model,0.14017642049353526
Model,0.1609187038447147
Model,0.028926310464822858
Model,0.15501095685140215
Model,0.1505720785496094
Model,0.10667803660948807
Model,0.01042125124064841
Model,0.09932121491618248
Model,0.09003039553279729
Model,0.052158151249688894
Model,0.05422136137716746
Model,0.05929210625896217
Model,0.13912734193280918
Model,0.06511137450950732
Model,0.13559477398360983
Model,0.09727212072349045
Model,0.07719075958864346
Model,0.08548081080650405
Model,0.14348903587430617
Model,0.10034964687981066
Model,0.09096630228270125
Model,-0.10199256565259851
Model,0.3366069317927196
Model,0.21377194751731
Model,0.08646867200815289
Model,0.060857938019062474
Model,0.02059058448011128
Model,0.13125914508017938
Model,0.13557790939092904
Model,-0.0036542411631963756
Model,0.05112334690498002
Model,0.11330643665033041
Model,0.16691020712538837
Model,0.13227546374534682
Model,0.1564197004705236
Model,0.243392616344269
Model,0.1043370277719487
Model,0.06307433341259144
Model,0.10895189965183252
Model,-0.16156143647771218
Model,-0.09207342141448056
Control,0.17860974927942622
Control,0.2166745505869854
Control,0.2692014639459991
Control,0.11515509823094244
Control,0.1856875749203141
Control,0.1569218494687458
Control,-0.01807707717586121
Control,-0.013860644238981257
Control,0.20501097947060065
Control,0.08474422059330255
Control,0.19961029098451205
Control,0.21025550352158223
Control,0.1834763327038275
Control,0.16921416307106996
Control,0.20283587534424982
Control,0.12005089597159804
Control,0.045203136028919205
Control,0.1955012188042818
Control,0.21982240490823018
Control,0.17077817100877876
Control,0.14479940325653007
Control,0.03584543744324309
Control,-0.00868325840802231
Control,0.1903288414911549
Control,0.20166678146906653
Control,0.013680819417853568
Control,0.15555959587777607
Control,0.2128109860181011
Control,0.19229045094986555
Control,0.25059721940337215
Control,0.1788107240479128
Control,0.19867881790318487
Control,0.23563279382627014
Control,0.18750458895960778
Control,0.23589437449124614
Control,0.21520604922487055
Control,0.19009625313672732
Control,0.1874527281343339
Control,0.1298644229055381
Control,0.1337337073939567
Control,0.13766176551746553
Control,-0.016767525752651252
Control,0.058534267421816
Control,0.23290137728985605
Control,0.10263880260014613
Control,0.10231030558795565
Control,0.14717275362748367
Control,-0.007592113188145011
Control,0.1645711714873213
Control,0.12425668017654248
Control,0.22389787269409417
Control,0.20381447623007273
Control,0.21780642219211743
Control,0.1555135905277503
Control,0.10424683870147572
Control,0.17576828077352435
Control,0.084031052679787
Control,0.0662827208023539
Control,0.14804986328584294
Control,0.22627693368173893
Control,0.1537004575017038
Control,0.18346413494884103
Control,0.1745865749010407
Control,0.20102697710528422
Control,0.2339881861887648
Control,0.22604856974836707
Control,0.17844343889782927
Control,0.1776159821013809
Control,0.23511786192422995
Control,0.23470608100976165
Control,0.1871259928812816
Control,0.14251164076984793
Control,0.09618106534249807
Control,0.09880392274994784
Control,0.13596231602506095
Control,0.2353422488921728
Control,0.18847986713566778
Control,0.1338076328354137
Control,0.10797011958582614
Control,0.08813217019822156
Control,0.17018268884490834
Control,0.18159454243637646
Control,0.12529315531187363
Control,0.160064888372602
Control,-0.016756436232074595
Control,0.13155389403552645
Control,0.10665696161646507
Control,0.07330401944476225
Control,0.09205228748130159
Control,0.2460053270078423
Control,0.04855243152333477
Control,0.013842053703108231
Control,0.13798531494544633
Control,0.14332173832815756
Control,0.19780613041774617
Control,0.1519121843303991
Control,0.01571860075528539
Model,0.2118037659986362
Model,0.18573481701688224
Model,0.10866335350002601
Model,0.16404158986664666
Model,0.16661363036071708
Model,0.1329320168149644
Model,0.18652673921191704
Model,0.11625880793717125
Model,0.14939315063897582
Model,-0.011929517804978279
Model,0.12059622119235885
Model,0.18732972607564766
Model,0.19175246527362427
Model,0.20413031081026345
Model,0.20862946648528613
Model,0.1892662003154606
Model,0.07638621888431818
Model,0.11203035117524654
Model,0.1630320244675363
Model,0.18702439825936173
Model,0.22923339728926337
Model,0.1225225994552391
Model,0.14609443118075197
Model,0.14436583176105716
Model,0.1619562500695321
Model,0.19182988712221483
Model,0.14426988489518863
Model,0.2338776943276957
Model,0.08531095464625618
Model,0.19539220011486788
Model,0.1704390389198975
Model,0.20316954347468008
Model,0.2019130577610488
Model,0.1926018487383822
Model,0.10488081689396561
Model,0.13219000649957222
Model,0.18948545955628188
Model,0.1565016734028607
Model,0.14619207249304392
Model,0.14734475362792593
Model,0.13745885562471455
Model,0.11027755957914964
Model,0.10563162311396601
Model,0.15159350932641172
Model,0.08766774170374791
Model,0.16288026173909503
Model,0.1094026410725869
Model,0.2024299645237832
Model,0.17336776517040883
Model,-0.019342212573341705
Model,0.0659978325949066
Model,-0.054660232037870626
Model,0.04348527275466069
Model,0.2761928637822469
Model,0.2646912222057415
Model,0.2140244450191723
Model,0.13801604449549645
Model,0.1880168086841885
Model,0.08237792151162987
Model,-0.05455723770353174
Model,0.10037027480477342
Model,0.10391591803285988
Model,0.09737810515772669
Model,-0.20593718461767088
Model,-0.05505899239410392
Model,0.042533555889342295
Model,-0.0142626860734478
Model,0.1218236038251598
Model,0.22481276717871726
Model,0.12316146004558806
Model,0.1611676693228442
Model,0.10481379967735233
Model,0.03934834925758929
Model,0.04885360974000316
Model,0.14562825813739994
Model,0.06318225841990019
Model,0.30158960779375055
Model,0.32783362126536464
Model,0.09333845205530275
Model,0.21112961155116358
Model,0.17648416312376125
Model,0.11690040961024223
Model,0.14307660522269564
Model,0.16877133657568144
Model,0.21720256999450652
Model,0.12420844181192628
Model,0.23358517280523325
Model,0.13593423100751112
Model,0.0564290740285297
Model,0.09425247439838441
Model,-0.012401692245317536
Model,0.13260371615921243
Model,0.252502063046331
Model,0.004156421724636289
Model,0.15333968008906815
Model,0.35749320614430946
Control,0.21149617892045242
Control,0.1551200716258956
Control,0.2716957176542335
Control,0.1597056355630541
Control,0.17974475461370837
Control,0.16292979007580607
Control,0.22091450925123202
Control,0.10076108126337313
Control,0.17298021005547565
Control,0.18665567316206272
Control,0.15667724210681724
Control,0.1374198846859544
Control,0.18814647131274506
Control,0.14262200797281935
Control,0.0677992987260638
Control,0.20341229186276
Control,-0.01230308443407549
Control,0.12922464804505823
Control,0.14037560313574576
Control,0.22834526602108213
Control,0.16950826142543934
Control,0.1718625498721698
Control,0.16680537883520394
Control,0.08771250153597912
Control,0.12326028042679515
Control,0.135857488532263
Control,0.3280615825185276
Control,0.17125198009155
Control,0.1297738405905971
Control,0.10512359970256505
Control,0.13803770058396936
Control,0.2060513399383562
Control,0.1993709051755227
Control,0.16045854150119304
Control,0.12769081068942648
Control,0.21547649084790763
Control,0.25729315256992713
Control,0.11827741106484116
Control,0.16781540844618545
Control,0.11158209540772199
Control,0.14198422644582212
Control,0.2053896514335471
Control,-0.0924921611546141
Control,0.11440197939059407
Control,0.043275590192779906
Control,8.205705661845641e-06
Control,0.10773160186499656
Control,0.14907348634407272
Control,0.013943472169048954
Control,0.13381721263745158
Control,0.16386389599463083
Control,0.11605338521359887
Control,0.2678040093269901
Control,0.18150966595380733
Control,0.0908419408792902
Control,0.17242487377944998
Control,0.24129170398648367
Control,0.10002678945045937
Control,0.09817298525817686
Control,0.1032120441247521
Control,0.1561868402072817
Control,0.2429065781426403
Control,0.13849578307756744
Control,0.1587506948639052
Control,0.10475704755006957
Control,0.059993966898923445
Control,0.11158756155898608
Control,0.059496436828753635
Control,0.07873284331665123
Control,0.25542580124526515
Control,0.14485524583155227
Control,0.1885333231327393
Control,0.06679138152495676
Control,0.15193842366387614
Control,0.10144468926001285
Control,0.19804615134512432
Control,0.19073758143910863
Control,0.10960687894619162
Control,0.23946484129298623
Control,0.2540183354380936
Control,0.07468176173791707
Control,0.13376061806046177
Control,0.10840200148564386
Control,0.1348011161438465
Control,0.16062614138974263
Control,0.14786100666658536
Control,0.07692401544704883
Control,0.055739172857873526
Control,0.10632606526813909
Control,0.08761494700592362
Control,0.12990688599870356
Control,0.1976351474838512
Control,0.12381524239628341
Control,0.20484496345753922
Control,0.04594135570154009
Control,0.07637382470644438
Control,0.10287771177132393
Model,0.1375022866122566
Model,0.20544559461217263
Model,0.09322498142387026
Model,0.27678329224304743
Model,0.22217451343302475
Model,0.19884846866994665
Model,0.2103582895719088
Model,0.11150824226264572
Model,0.08524936045558426
Model,0.15713392372514093
Model,0.17408973543407394
Model,0.22931563734609547
Model,0.16591844603901057
Model,0.2281476498447533
Model,0.22497359871731423
Model,0.28407225428084737
Model,0.08529255594829782
Model,0.21480881649514902
Model,0.23345740742507987
Model,0.1753838938082607
Model,0.2046192521634309
Model,0.19297648087525976
Model,0.17793326446975485
Model,-0.008348047068818087
Model,0.0762468216942837
Model,0.1530958651964747
Model,0.2502750251338367
Model,0.15086852613765928
Model,0.1394080196070166
Model,0.14323269550085335
Model,0.15591156575724963
Model,0.07647416145107819
Model,0.22983462993915266
Model,0.013073586101914725
Model,0.15825974648878594
Model,0.09220047034281684
Model,0.15351649338053489
Model,0.09673099998912155
Model,0.14086529921528487
Model,0.08400518585872757
Model,0.1105542856714
Model,0.15722914018492765
Model,0.1947889439637047
Model,0.1440916212904812
Model,0.10586563706265115
Model,0.07805771213710108
Model,0.21322985317396081
Model,0.03129885667143856
Model,-0.015603564388908808
Model,0.1585215710211491
Model,0.06441022972332328
Model,0.15359740698483745
Model,0.12498279013894206
Model,0.20872649155067094
Model,0.1999863261230282
Model,0.26750919996961176
Model,-0.06473286700753728
Model,0.03966833436768191
Model,0.14429547183356825
Model,0.052236847255540925
Model,0.13046060597218798
Model,0.026531436105768552
Model,0.08519270029355053
Model,-0.054181857784190435
Model,-0.01258241758165815
Model,0.26180230521305214
Model,0.04663103087955761
Model,0.24321374021379177
Model,0.17209562449949642
Model,0.16768129560328116
Model,-0.0349761832385026
Model,0.10613802749842174
Model,0.07351628886151604
Model,0.15289591892374269
Model,0.10019315684519484
Model,0.24933451460622494
Model,-0.052009550624069166
Model,0.289185399727412
Model,0.15827761685170458
Model,0.08437138363934948
Model,0.2585905403596502
Model,0.1198791936621352
Model,0.1596773170441422
Model,0.1828550708998273
Model,0.17992065051194686
Model,0.11702799132569311
Model,0.2446472336483108
Model,0.0040825944281740745
Model,0.22590536417371054
Model,0.14505871841341356
Model,0.1256855659793186
Model,0.03868120735970096
Model,0.19819560364603067
Model,0.1202830367263743
Model,0.18998506562234035
Model,0.1937191388014301
Model,0.4936539573945861
Control,-0.1781749406387176
Control,0.22156761960441054
Control,0.06489021456494112
Control,0.12251429746515108
Control,0.1768811672693378
Control,0.26118104274456316
Control,0.1849264499202886
Control,0.11941019414925125
Control,0.10020900888985215
Control,0.21350917502523398
Control,0.10381931412047235
Control,0.2050513160667292
Control,0.21354514672737587
Control,0.08839195362035776
Control,0.16576024680632015
Control,0.08102175782755466
Control,-0.06747952336185886
Control,0.139071209109082
Control,0.12499936209075826
Control,0.20762134369134636
Control,0.14253843222706344
Control,0.19625582423895896
Control,-0.02197736794068797
Control,0.08144646397934044
Control,0.11415585573168771
Control,0.004464932375794123
Control,0.04855482647384424
Control,0.10530427380681967
Control,0.12179389991356246
Control,0.11090567977133403
Control,0.23430842872181595
Control,0.1661805279943324
Control,0.18517776835323577
Control,0.1296754102643118
Control,0.10142004888591957
Control,0.2258495848580215
Control,0.18706205258002648
Control,0.11147936557314736
Control,0.12228723872066741
Control,0.17512853023333425
Control,0.1847201107337722
Control,0.03891628495559779
Control,0.10236656506324693
Control,0.0798167574365801
Control,0.08067776606633112
Control,0.09613483592685118
Control,0.14823110067724782
Control,0.12146654761621653
Control,0.20334831860286068
Control,0.053326037350041156
Control,0.12255439212090993
Control,0.22498930085329974
Control,0.2123388223424803
Control,0.11529507591838689
Control,0.0906311084860012
Control,0.2008052915500824
Control,0.20524748458777253
Control,0.14085832580409052
Control,0.1122278438895575
Control,0.11575753340620129
Control,0.15817483917393682
Control,0.2713443769127496
Control,0.11493186707480696
Control,0.11287424357041068
Control,0.0882222223175542
Control,0.18862968623438806
Control,0.17498767482264255
Control,0.1406069867055419
Control,0.10779339095023166
Control,-0.03263981127021304
Control,0.1583648321354801
Control,0.1354217707379872
Control,0.09613071450155844
Control,0.12345542204685703
Control,0.23402845487413865
Control,0.20444467620573184
Control,0.17931896800314434
Control,0.24663524563894623
Control,0.09390691956017197
Control,0.08367954561675803
Control,0.1220521446454485
Control,0.219565351538302
Control,0.11496207918743356
Control,0.1467515317891354
Control,0.023510830059498056
Control,0.08850937397317873
Control,0.19074610178021414
Control,0.13071446766954334
Control,0.14898779885293117
Control,0.08111031046147599
Control,0.07936233634268292
Control,0.14195496448572134
Control,0.20044719029961353
Control,0.14855555786336944
Control,0.2322226943512558
Control,0.14607057297641748
Control,0.0843294884847558
Model,0.1467141916387722
Model,0.13674764542808232
Model,0.15716458403545877
Model,0.05426698325071047
Model,0.1660857407943062
Model,0.15145080876323821
Model,0.159972154841641
Model,0.11785435968949776
Model,0.20004806590319477
Model,0.17999638641957055
Model,0.12787001713728297
Model,0.1432611777498039
Model,0.10163585305081033
Model,0.20345174880862368
Model,0.16594155895271429
Model,0.10739030061889782
Model,0.16562790176940204
Model,0.12116894554533689
Model,0.19590494545008427
Model,0.02403569998948471
Model,0.15636527564879113
Model,0.13751617801627986
Model,0.07918983638087243
Model,0.01888819030561839
Model,0.045764328311784064
Model,0.11503666599458676
Model,0.12375162071740478
Model,0.11944836730276592
Model,0.16794179461339911
Model,0.16320769816072223
Model,0.15405506380691444
Model,0.16416968589642375
Model,0.17514904805250392
Model,0.1309072199872505
Model,0.24500963879269502
Model,0.18990971850710966
Model,0.2110907853380626
Model,0.248951892390299
Model,0.14802782564790484
Model,0.2401470833664621
Model,0.16905386711044057
Model,0.11205868371487193
Model,0.18437987253684532
Model,0.13789420888043835
Model,0.20306059841062443
Model,0.04629308463737716
Model,0.06871055114760977
Model,0.09244660642766367
Model,0.08482065567603478
Model,0.10226019296624855
Model,0.05137765394272481
Model,0.22457783915924787
Model,0.19617091851888294
Model,0.23553397238188095
Model,0.22011349020461443
Model,0.2162595368016391
Model,0.14438011893460584
Model,0.09867360148009915
Model,0.09095531084067049
Model,-0.012595966375259504
Model,0.052060863511883965
Model,0.00715128514280286
Model,0.15641685818615833
Model,-0.020481875508923997
Model,0.15796736158521946
Model,0.09893420474850881
Model,0.16856709132625108
Model,0.2219277851557652
Model,0.16999280093904323
Model,0.13200979381633574
Model,0.009110440843745876
Model,0.13758968137445526
Model,0.013442792820691274
Model,0.13432715329836842
Model,0.22815051791128374
Model,0.27771669858807035
Model,0.09829850327078185
Model,0.06970621225161427
Model,0.05337186661053661
Model,0.15128507768297145
Model,0.13833071927694704
Model,0.1600632779175621
Model,0.10692531940264577
Model,0.021872390140524944
Model,0.12458816014537574
Model,0.0834958019729708
Model,0.1635230925835362
Model,-0.021428857359997805
Model,0.15505720221478006
Model,-0.0073760555872284805
Model,0.19444073243284704
Model,0.12208955715864131
Model,0.09670312700994568
Model,0.049686046215469876
Model,0.01636495644698041
Model,0.2754187957366042
Control,0.319851347568176
Control,0.21912311271680238
Control,0.2689687098680664
Control,0.3109409502118726
Control,0.1139714438779697
Control,0.1623730438874584
Control,0.17816360233353662
Control,0.043887025470053215
Control,0.19489183673093152
Control,0.13092504589586884
Control,0.22606879479377434
Control,0.20213827666896111
Control,0.10615139335825821
Control,0.20095089473320357
Control,0.10142023985999882
Control,0.1609563176315631
Control,0.2138854418045435
Control,0.1676777801917681
Control,-0.054655167536857785
Control,0.13699563636694734
Control,0.1367554488522286
Control,0.12040267102295737
Control,0.2244628941600804
Control,0.23483278094858362
Control,0.15295161810208324
Control,-0.08532309565389967
Control,0.09969810744458885
Control,0.1381970359595989
Control,0.14674464595756403
Control,0.15644391444215808
Control,0.0974744193530003
Control,0.17795141670881973
Control,0.058498135511425936
Control,0.1749512102027136
Control,0.20526306977373035
Control,0.13439880658684497
Control,0.17485918315623783
Control,0.16785500307412718
Control,0.18939194830763698
Control,0.10334077367814487
Control,0.0534316394374256
Control,0.00174270239694993
Control,0.07406727904858795
Control,0.21004571125260166
Control,0.1366020839748574
Control,0.15877269196802687
Control,0.1038679236685286
Control,0.16865288639812834
Control,0.14014783159413335
Control,0.15267072154526726
Control,0.04056887184098412
Control,0.15045545319118098
Control,0.1720610795876919
Control,0.12184371245213046
Control,0.12690643974504076
Control,0.24524787290970748
Control,0.2663170959106922
Control,0.11811198684549917
Control,0.16951125189080554
Control,0.20181048780247787
Control,0.10021648399008556
Control,0.10173640322924457
Control,0.18660510782414058
Control,0.13555951487925008
Control,0.12168656397556912
Control,0.1203365671461907
Control,0.17976901842200238
Control,0.2137130748733895
Control,0.20087250658500952
Control,0.19702535515511982
Control,0.15991463336923317
Control,0.11570483691982072
Control,0.05188043852447799
Control,0.24462410040125002
Control,0.15097070564261517
Control,0.11770869417732774
Control,0.20444237202439153
Control,0.03611159995779675
Control,0.04844968128895413
Control,0.14448076599550616
Control,0.17774116541098062
Control,0.10168565216670467
Control,0.23440481840301647
Control,0.19961928337845647
Control,0.18711964369085987
Control,0.22651953721126186
Control,0.06417994156330326
Control,0.12262569289808159
Control,0.06882792452107306
Control,0.2651118733811139
Control,0.17269747525686135
Control,0.23309566278255636
Control,0.1070141187612561
Control,0.15714352040519414
Control,0.1763395698307084
Control,0.05801755721486662
Control,0.2658771170155792
Model,0.1865225603747926
Model,0.12022379602211108
Model,0.22215188280528736
Model,0.19500695595906065
Model,0.12454465925361269
Model,0.07873526046108642
Model,0.14157285020502913
Model,0.22870384849433517
Model,0.12409828206235618
Model,0.23415598821480538
Model,0.20750808729110087
Model,0.13408727111625032
Model,0.22038343266366983
Model,0.1647752611134762
Model,-0.07615489295892491
Model,0.25855795515819535
Model,0.25482741446798063
Model,0.12332817443637145
Model,0.08797542865459734
Model,0.23752378593453327
Model,0.17954392005235723
Model,0.17164007277791715
Model,0.19043630354912117
Model,0.17296952441118763
Model,0.09769982139402408
Model,0.059424083434884256
Model,0.2512492373369742
Model,0.21908447309215462
Model,0.19791908620326149
Model,0.0597413764350789
Model,0.08324660877453177
Model,0.17485252511142488
Model,0.1284845529857155
Model,0.1930218444620088
Model,0.264466561867109
Model,0.18812364067388088
Model,0.18408887136474233
Model,0.15119869001998817
Model,0.21379154462080735
Model,0.1923171353579365
Model,0.16215898878996987
Model,0.08721771228273575
Model,0.09033389341339487
Model,0.12183005886864634
Model,0.06020435189190784
Model,0.033405988245637674
Model,0.004636685452200751
Model,0.0123275442665636
Model,0.08845705817242797
Model,0.1480664029435038
Model,0.09475910238331905
Model,0.21442122935185595
Model,0.22193246501743993
Model,0.2162706451936975
Model,0.2224940052266371
Model,0.27587485911455445
Model,0.23325546489511445
Model,0.10831062570463454
Model,0.10534464163392152
Model,0.061330772097427017
Model,0.10878023428794664
Model,0.1095133319480496
Model,-0.011577936053408983
Model,0.13798169853163672
Model,0.11154044338957789
Model,0.15189944435255714
Model,0.2592728480846188
Model,0.2465524908690947
Model,0.10747502446839113
Model,0.04649434945522213
Model,0.1571443797221019
Model,-0.08375317213793129
Model,0.07669865101609075
Model,0.09661751487183332
Model,0.3232826928762821
Model,-0.013149918521128371
Model,0.17726807171684444
Model,0.10572840909628298
Model,0.0696058307868847
Model,0.07310297304438376
Model,0.17294445059105437
Model,0.12302889280361742
Model,0.032432273478811
Model,0.15206589945981336
Model,-0.0017926075652557327
Model,0.11425850855201117
Model,0.17034885622851695
Model,0.10911427606042542
Model,0.12442123252013854
Model,0.09471512385701125
Model,-0.05321699387519521
Model,0.2045699384566002
Model,0.0308788400828639
Model,0.21000624367491724
Model,0.2688708333267416
Model,0.36991436784482723
Model,0.4173602938253345
Control,0.1506026492868379
Control,0.14097626219890855
Control,0.15373333162288602
Control,0.11861390626284321
Control,0.24171108133683902
Control,0.2557940398038696
Control,0.07414897449040492
Control,0.15275113213155314
Control,0.036391223819226576
Control,0.22128807833893774
Control,0.14281055241524176
Control,0.23408179578175115
Control,0.26250486376559323
Control,0.05351442098617554
Control,0.13807596344347114
Control,0.15546867839468761
Control,0.14164997482778235
Control,0.17989648863623373
Control,0.01492219791231611
Control,0.1954104213278695
Control,0.19690814544524637
Control,0.21490183628788231
Control,0.19068928346984762
Control,0.11059660417180397
Control,0.2193383171141081
Control,0.047360313310803925
Control,0.14807327827615216
Control,0.09093702005569221
Control,0.1912085636536546
Control,0.04079190212215736
Control,0.013615936207000495
Control,-0.19387863312277906
Control,0.0614119324264186
Control,0.12801712665005005
Control,0.07312896585251843
Control,0.11066706882272676
Control,0.022132998990640473
Control,0.1469247147125278
Control,0.02589035339844531
Control,0.03444561312429881
Control,0.10756698832198261
Control,0.18146068037154284
Control,0.17516003750106832
Control,0.17239998654776992
Control,-0.02874499213868295
Control,0.16517273279336783
Control,0.19125487426983206
Control,0.1337386988344267
Control,0.16409307552154778
Control,0.08392545265231774
Control,0.010468113448973332
Control,-0.012495175718330864
Control,0.13599579124280572
Control,0.1647262139995494
Control,0.0923678573956059
Control,0.09159168637582957
Control,0.11739643341721501
Control,0.14290182752619887
Control,0.07778476778347226
Control,0.0867612787180787
Control,0.09984195325419787
Control,0.1725358208153426
Control,0.11595755908534411
Control,0.20304655895849802
Control,0.0792599141664197
Control,0.10850426245692582
Control,0.1097201685708768
Control,0.16210190388669934
Control,0.09599724302323764
Control,0.1459639706340522
Control,0.20468006458303734
Control,0.14919657438760886
Control,0.03628942480055386
Control,0.23196994354626538
Control,0.19643107824102293
Control,0.13539827587612496
Control,0.10897332243829
Control,0.1721943566365917
Control,0.15328467410543692
Control,0.09498659630151365
Control,0.1929576182976747
Control,0.035016305935688496
Control,0.21092771899075544
Control,0.07717971525330478
Control,0.2280402473249829
Control,0.1654262833770701
Control,0.05569915415318383
Control,0.15491997743795816
Control,0.14620269833334046
Control,0.015617881398004296
Control,0.04295692489032893
Control,0.08487890283665397
Control,0.13636934783812218
Control,0.0404812031100559
Control,0.22999083982529317
Control,0.14238936579479952
Control,0.22480160655783968
Model,0.25010441138991546
Model,0.1259185859856664
Model,0.14373200806221167
Model,0.19283764125777197
Model,0.0577434142563521
Model,0.0999365207742289
Model,0.05951115492328485
Model,0.17341925933076655
Model,0.17957898778394443
Model,0.2118001584889764
Model,0.11694067058754606
Model,0.2633643404164309
Model,0.15611837420575195
Model,0.23253314059182023
Model,0.13803575363180443
Model,0.2673897068104484
Model,0.25659678080674664
Model,0.1708550196693361
Model,-0.052913172189208574
Model,0.06844189872709805
Model,0.009132593172449743
Model,0.20404558330608183
Model,0.0386986765042861
Model,0.20318708611172578
Model,0.2512229775372423
Model,0.06180285410737513
Model,0.3029989160954487
Model,0.13161756601620678
Model,0.1546317980839656
Model,0.1585872849758918
Model,0.19738752786132405
Model,0.26917383968497866
Model,0.12316997221348147
Model,0.10610600372354853
Model,0.11712287892997594
Model,0.15514318772914548
Model,0.11411299620450807
Model,0.09867385830501779
Model,0.17715124568280038
Model,0.17432124811404257
Model,0.17306042873739796
Model,0.10598803603130838
Model,0.18599581572257287
Model,0.14201685257978663
Model,0.05084246715973054
Model,0.12036572876848373
Model,0.19505479835480483
Model,0.07099783766096918
Model,0.11550259244614752
Model,0.11979121674130461
Model,-0.028076317065801354
Model,0.06018313622660729
Model,0.13382689928928745
Model,0.20588216800221898
Model,0.22794628143310547
Model,0.2237630222686291
Model,0.23252563000788526
Model,0.15857117231872966
Model,0.177413859760748
Model,0.1574386430025898
Model,0.1286538860603851
Model,0.02580203061119768
Model,0.16510727240754877
Model,0.1510985256437474
Model,0.26683573233775604
Model,0.21851467621100518
Model,0.23553003634896166
Model,0.15099186309869742
Model,0.041678010154860196
Model,0.12034613704734554
Model,0.029715644675353703
Model,0.22738539122684612
Model,0.14684941670301896
Model,0.30968267795367116
Model,0.015627743674228284
Model,0.1561713517708922
Model,0.14441678622361678
Model,0.15882156219503685
Model,0.010584597603533169
Model,0.026126640164599646
Model,-0.03765287284335431
Model,0.18709808754150153
Model,0.26886145552929697
Model,0.20163703403345318
Model,0.17323387905108092
Model,0.1736669313150106
Model,0.10010455264694315
Model,0.18935741389475538
Model,0.12057638985656177
Model,0.18726752607054267
Model,0.09270132764127342
Model,0.21609217652774843
Model,0.1829968563290344
Model,0.3160417749730241
Model,0.23060029472661525
Model,0.29840611959646646
Control,-0.16730476302845423
Control,0.20487410248721324
Control,0.3507974775074052
Control,0.22257457382835802
Control,0.25913834226304205
Control,0.2954754105113953
Control,0.28268954201021057
Control,0.265747922851622
Control,0.17290226990562618
Control,0.08107181396771435
Control,0.034441336740219486
Control,0.03351567853387516
Control,0.17728936632341366
Control,0.207545067288538
Control,0.09614003834251308
Control,0.17828275235068708
Control,0.18595288987941166
Control,0.16721895719185853
Control,-0.08192012125964682
Control,0.19819814624595003
Control,0.2243216912217496
Control,0.13454366693794398
Control,0.19656328081154373
Control,0.14193831738022258
Control,0.27669576870292056
Control,0.19115700038646244
Control,0.052067250113024766
Control,0.21467193525903333
Control,0.06484088132213989
Control,0.1561812571724389
Control,0.14388687448490953
Control,0.19499123096466064
Control,0.0970126021665873
Control,-0.0031303971374579687
Control,-0.01581371169425172
Control,0.15366700926220406
Control,-0.07959441460228815
Control,0.20865997622244334
Control,0.1396719509675484
Control,0.18318104238946034
Control,0.05229577937120847
Control,-0.07728725688380408
Control,0.15226238839735287
Control,0.13825779827675025
Control,0.23340311855775456
Control,-0.010381289482648298
Control,0.09550545433559016
Control,0.10754775064047364
Control,0.10082067155519059
Control,0.20286842213825237
Control,0.2764005934780125
Control,0.1821535836361191
Control,0.12698907218250544
Control,0.18140162220235123
Control,0.16009760607312223
Control,0.13542354691653216
Control,0.15697481135195046
Control,0.21034359852207146
Control,0.2255950258461262
Control,0.16714898785088242
Control,0.1296648001059508
Control,0.16319711258844655
Control,0.1359418412647651
Control,0.20635081772820207
Control,0.1780650826999575
Control,0.05495903224849383
Control,0.1972033694436319
Control,0.12077904917058868
Control,0.07727854726306571
Control,0.1353080004221088
Control,0.1436692367296421
Control,0.15679473887584947
Control,0.21501806959792255
Control,0.08507909842558131
Control,0.1185513233128466
Control,0.24495264625336682
Control,0.17002437319378122
Control,0.24736853294415087
Control,0.1423215294628505
Control,0.1836646197232913
Control,0.09769176725825607
Control,0.10860909088000806
Control,0.13953505179023531
Control,0.13866074680617552
Control,0.172313145969225
Control,0.08506237835921304
Control,-0.21037860219693902
Control,0.06458619240268551
Control,0.1579055201382674
Control,0.08814946930012443
Control,0.1818651107109776
Control,0.13051218744637308
Control,0.11713167696094831
Control,0.14545395807544792
Control,0.06210356811217241
Control,0.20378411653448505
Control,0.19443342106265238
Model,0.019296730906934095
Model,0.0399348771027232
Model,0.20495230643911375
Model,0.1713214801705402
Model,0.16266309484058666
Model,0.10718286901280502
Model,0.04607062236122464
Model,0.12115828661349837
Model,0.1751620326951196
Model,0.08544598415145108
Model,0.18615139859708787
Model,0.16941265796737925
Model,0.1873373898906984
Model,0.19518302422569217
Model,0.2998641401097395
Model,0.2567611406479392
Model,0.16328630306516073
Model,0.07972904837118211
Model,0.13324974758037625
Model,0.188937119018274
Model,0.16511284201971793
Model,0.1469636795379911
Model,0.21022128819621924
Model,0.24939126673350764
Model,0.15749559487520384
Model,0.2078014633461517
Model,0.16505178400505346
Model,0.11473916937807863
Model,0.17261983093742275
Model,0.059304408670933645
Model,0.21838839822256714
Model,0.11318773157487613
Model,0.16047158554910684
Model,0.18252005000311128
Model,0.1904086209459847
Model,0.13846008607509275
Model,0.17688465105118428
Model,0.11500320267119138
Model,0.18845664125886916
Model,0.16926147374288164
Model,-0.16436600445903662
Model,0.1449651851037407
Model,-0.05096385248395777
Model,0.0810338995661358
Model,0.08968799548802966
Model,0.056705141811732335
Model,0.16301253102429067
Model,0.1910688082377116
Model,0.07812344801997392
Model,0.1016828769292587
Model,-0.031309583048889617
Model,0.06346505156063048
Model,0.13753620305056027
Model,0.2711544801027347
Model,0.2269250078743517
Model,0.21392043139224864
Model,0.23988196257098993
Model,0.1972577866901921
Model,0.21388478568830885
Model,0.22636699796121654
Model,0.23739601351079864
Model,0.21568057489235665
Model,0.17001096274674668
Model,0.1770161067363012
Model,0.18518336746870742
Model,0.1744502687135269
Model,0.09590134114326043
Model,0.16035422513317504
Model,0.08361156037287037
Model,0.09696837292865765
Model,-0.01708640475469822
Model,0.05721252937380686
Model,0.2296437351998677
Model,-0.08748404716568248
Model,-0.10266300826567072
Model,0.1478027175767233
Model,0.19301002001682652
Model,0.13932536464338188
Model,0.17012525787587418
Model,0.10957834699347932
Model,0.18963055081723657
Model,0.23507665537937297
Model,0.23474866915971807
Model,0.1696995895443154
Model,0.1994880505628809
Model,-0.041860162082191565
Model,0.17490604822186454
Model,0.19616637089047811
Model,0.1998819270926043
Model,0.17902105667918022
Model,0.1009533845860025
Model,0.1317362136798293
Model,0.05253926607278678
Model,0.17092306597974388
Model,0.20963751778023168
Model,0.3775045640492519
Control,0.32529904637714163
Control,0.16957714326405604
Control,0.30844652639450704
Control,0.10971521321214828
Control,0.2301505098374791
Control,0.22906155836090464
Control,0.2889120116281669
Control,0.2110740971007076
Control,0.21914277095326878
Control,0.14099804593567863
Control,-0.04706060999346151
Control,0.11913986170172292
Control,0.1288945486181423
Control,0.10005481134157385
Control,0.10535292588215875
Control,0.2701522368385374
Control,0.15861515124373082
Control,0.176604350009225
Control,0.11194738974938026
Control,0.049428814563198364
Control,0.17139080814693286
Control,0.20251470970336677
Control,0.12248510886461308
Control,0.18320785650574375
Control,0.2391900535145465
Control,0.17163896813174684
Control,0.1762225716940668
Control,0.2108811964026529
Control,0.19964497504026993
Control,0.09767576895961524
Control,0.18459776957564
Control,0.11272223883515087
Control,0.17368808877109285
Control,0.16921367374152244
Control,0.10154887312896543
Control,0.20209647686850934
Control,0.05887326415433003
Control,0.16429393546637086
Control,0.10714232615935496
Control,0.05842663578630955
Control,0.18971697622318331
Control,0.18846383062892136
Control,0.1364930707342516
Control,0.14431084757265839
Control,0.15153730420630382
Control,0.21829932642355143
Control,0.05808778039056192
Control,0.1895181142632645
Control,0.10301173756619628
Control,0.19451748859656426
Control,0.21360486287337083
Control,0.0244863131639019
Control,0.16866073334629053
Control,0.16878573099772137
Control,0.3661633817647213
Control,0.24033008530785807
Control,0.1286739893714454
Control,0.15267391454681772
Control,0.1403506107819386
Control,0.15798177514453665
Control,0.13132393081052646
Control,0.110219209156972
Control,0.16704646719737995
Control,0.17653136641418388
Control,0.12835814163437656
Control,0.20604678074784633
Control,0.07965413403750263
Control,0.2129003003555264
Control,0.11433500363808144
Control,0.15428507208425465
Control,0.17081220599188324
Control,0.1612740210200366
Control,0.12288713548228625
Control,0.010716952807129837
Control,0.17822664118929452
Control,0.10842511639281391
Control,0.10743272038739393
Control,0.14229205260707384
Control,0.19811881611844237
Control,0.10072309516345379
Control,0.2349971515544947
Control,0.17487089636599606
Control,0.14346931597327975
Control,0.11872882149291278
Control,0.17745598210406013
Control,0.10794648099503787
Control,0.10596326681283805
Control,0.12302919906650231
Control,0.16333482230918994
Control,0.2152971873182384
Control,0.2253113648830316
Control,0.16014708935749303
Control,0.19064047623637528
Control,0.10562993491373732
Control,0.1932859897879321
Control,0.18174768637122388
Control,0.2297666063542616
Model,0.16365030590639995
Model,0.22472375877193254
Model,0.05109407776840025
Model,0.14594466338056652
Model,0.05414945770931351
Model,0.0928476862817039
Model,0.1574550150761769
Model,0.2441701438514684
Model,0.14206535361682293
Model,0.05954191384373966
Model,0.23580477827767465
Model,0.07758689577895794
Model,0.1796114727804892
Model,0.05654490658537864
Model,0.1896241516572576
Model,0.21992054299234415
Model,0.20690124489391926
Model,0.11526809867010468
Model,-0.002991414521981789
Model,0.21706081632786373
Model,0.09416250786520833
Model,0.12905588603205773
Model,0.19543195740966626
Model,0.10939112142841423
Model,0.10386342188985054
Model,0.26377596730239683
Model,0.15589077722534556
Model,0.09043271897761451
Model,0.19215866102688556
Model,0.1519555886054916
Model,0.10647596902273171
Model,0.15564201760584426
Model,0.18565258599709775
Model,0.22121919198179724
Model,0.2309543709026664
Model,0.016734299917550655
Model,0.0868703421940373
Model,0.16506653020746065
Model,0.11330066117953297
Model,0.07530711971663581
Model,0.07437189805467789
Model,0.17066907696633565
Model,0.12112271174406397
Model,0.1693724264933779
Model,0.10081349746838061
Model,0.03371674812491257
Model,0.055363540931157335
Model,0.1656927251762637
Model,0.21251417575206777
Model,0.14721582977800995
Model,0.19943921542087925
Model,0.143082070111431
Model,0.17988684105633893
Model,0.2317953752966363
Model,0.2208187420631332
Model,0.17714750368060875
Model,0.18291210357427864
Model,0.1983025755770629
Model,0.22123893713339782
Model,0.23598126012213122
Model,0.17731913993988546
Model,0.19707560539245605
Model,0.15167165520199166
Model,0.18213330955143886
Model,0.1652047913210049
Model,0.1189062738897011
Model,0.026519603487374144
Model,0.05785959580271538
Model,0.03266313901314369
Model,0.10555568207865176
Model,0.20904086903983535
Model,0.09656336142732416
Model,0.19802517781954015
Model,0.037673496482364316
Model,0.04324734895391477
Model,0.09991927901770889
Model,0.0701909181532121
Model,0.012725905696949702
Model,0.17531761570253232
Model,0.08197920112439752
Model,0.08994786163902072
Model,0.026925889876906806
Model,0.08872178771689851
Model,0.024832214067878
Model,0.14647252105151531
Model,0.058442661794133016
Model,0.1383474577496549
Model,0.09033367718874144
Model,0.1086344119564214
Model,0.20196649860777585
Model,0.14256533119856582
Model,0.11505488481542869
Model,0.2365649105314427
Model,0.37040923683672583
Control,0.33668037295474385
Control,0.2280239609704501
Control,0.13894909307975303
Control,0.21475441692399072
Control,0.23478150992356284
Control,0.228323056014751
Control,0.1439628508045788
Control,0.11320059149294526
Control,0.09286656580375321
Control,0.1885497592630461
Control,0.229404722434887
Control,0.12657568134458835
Control,0.1698923552182473
Control,0.18745969928626632
Control,0.06553043642703238
Control,0.11956245178894587
Control,0.15353488297499673
Control,0.1687319288019884
Control,0.048762513310082634
Control,0.09701652524197513
Control,0.11869487754477306
Control,0.11668783957875822
Control,0.22779017680198982
Control,0.22903113926001883
Control,0.325328954619043
Control,0.1880713925845381
Control,0.1587682781012162
Control,0.17238302587000953
Control,0.1959320619087687
Control,0.15737466137013176
Control,0.16716438352463636
Control,0.17393912918192886
Control,0.1493019908168244
Control,0.16955365491418403
Control,0.24775702857652238
Control,0.11593655253466686
Control,0.15192767050752673
Control,0.13362871896197298
Control,0.19694716010736912
Control,-0.07495577910804962
Control,0.1337269800429626
Control,0.206969503840741
Control,0.11394107036101511
Control,0.0894146364269448
Control,0.016677406785745946
Control,0.07487424673178256
Control,0.19407073816195247
Control,0.12781741686887965
Control,0.2114932103832164
Control,0.11732176806748643
Control,0.15445848505366738
Control,0.1781220869342885
Control,0.07238866912082684
Control,0.08321529221508148
Control,0.14610292799895425
Control,0.1814512710773294
Control,0.18479045072659733
Control,0.011948625578928146
Control,0.10356495498680618
Control,0.1457878206352991
Control,0.18197073984305595
Control,0.21733071067793047
Control,0.19076856588705993
Control,0.19844202679003628
Control,0.11377168326340659
Control,0.16637909093429412
Control,0.14665733704731748
Control,0.15935435130311762
Control,0.1480002836505971
Control,0.14573352166774411
Control,0.15018161948575093
Control,0.24488785607094482
Control,0.17841763041888592
Control,0.09579947879880568
Control,0.1933348141652153
Control,0.21688449914373015
Control,0.08254714467985308
Control,0.08688160062766526
Control,0.056655157037669074
Control,0.0158453622922185
Control,0.22513422506177175
Control,0.12287827425842968
Control,0.2014308767839685
Control,0.13499632328250336
Control,0.034985896469890226
Control,0.10867787211502145
Control,0.16480996749605753
Control,0.18132119075111722
Control,0.15755852023627578
Control,0.19202849724088095
Control,0.17214976518582073
Control,0.21983900689493982
Control,0.11856778961094458
Control,0.11916780438577321
Control,0.21028368302943845
Control,0.15235947339962688
Control,0.22965666575309557
Model,0.17522806281363018
Model,0.16664695992251832
Model,0.16349604961731232
Model,0.07667965580654251
Model,0.17697089731095228
Model,0.13164904603990024
Model,0.0330117068428924
Model,0.17062718546643038
Model,0.10721774470713094
Model,0.09104619171042638
Model,0.16501302782907135
Model,0.1457096177465807
Model,0.29954579788173985
Model,0.162067461306169
Model,0.16191234689625342
Model,0.13974204563111098
Model,0.12339905200063053
Model,0.12607022611592525
Model,-0.010671220894242606
Model,0.17114098959809032
Model,0.23066987799960234
Model,0.25315873997665966
Model,0.22815905220665392
Model,0.08449859849053751
Model,0.26759075945702154
Model,0.13988530755441722
Model,0.18017483528375358
Model,0.161488956299381
Model,0.2215083490646005
Model,0.10070177583790144
Model,0.18643458950081
Model,0.06179999547658557
Model,0.13236503470834413
Model,0.19202212559073797
Model,0.18948719852345444
Model,0.07337045456919253
Model,0.09588063653629092
Model,-0.024984043045851945
Model,0.14830943360642315
Model,0.22167140371690494
Model,0.13320080997420264
Model,0.13138984969361303
Model,0.07356566848563509
Model,0.18083176897255207
Model,0.023706697367771284
Model,0.10582481113697506
Model,0.19149646153019423
Model,0.09739349584781473
Model,0.1554667137671208
Model,0.09207480282023331
Model,0.13280417050007592
Model,0.1683722891270649
Model,0.15639673268117235
Model,0.15379415719937053
Model,0.24728445610739583
Model,0.1384184519981461
Model,0.1547698748683185
Model,0.20754374974015832
Model,0.2572395134397441
Model,0.19363332911079942
Model,0.07117565233704767
Model,0.12971598076049567
Model,0.2130220356327767
Model,0.09022506257496282
Model,0.13088570842509017
Model,0.20805304544825218
Model,0.05195309372915741
Model,-0.051889509859691096
Model,0.03490484830660695
Model,0.2100482385692788
Model,0.13772381202565917
Model,0.6333475570083329
Model,0.29337625705544634
Model,0.3052206407555502
Model,0.2036001801889477
Model,0.06487704180554801
Model,0.16506391358348968
Model,0.25186253976130835
Model,0.2316795844032347
Model,0.13393576534562554
Model,0.14763957268684075
Model,0.12326681786689203
Model,0.14823309288109954
Model,0.18977277401166087
Model,0.19969259749022347
Model,0.2189503444344171
Model,0.10622888770257619
Model,-0.00038532980841271547
Model,0.2603551603878621
Model,0.09931736353913545
Model,0.13369209112530966
Model,0.01211682869040448
Model,0.18005541548415302
Model,0.10841383736003335
Model,0.23017141080088707
Model,0.18356602088264798
Model,0.40733236625973335
Control,-0.15079234196589544
Control,0.14262319893608394
Control,0.06787381436646714
Control,0.12260454746924646
Control,0.19192655137018483
Control,0.30968213107939413
Control,0.12343492256757807
Control,0.18174978562422023
Control,0.2027291187075867
Control,0.22730098573393379
Control,0.15998873862135768
Control,-0.04220796103195737
Control,0.11341203209282694
Control,-0.04504671423730244
Control,0.4049134724913632
Control,0.15946274005715533
Control,0.15930499400582201
Control,0.11120849442455413
Control,0.19523267137299943
Control,0.12440276126000394
Control,0.23065584957798987
Control,0.20724583722011433
Control,0.20841651045226203
Control,-0.08385508355488347
Control,0.1499803082201393
Control,0.2375638494257677
Control,0.2531316365419556
Control,-0.1376172579251803
Control,0.24348734121524637
Control,0.18587341515914255
Control,0.2795203671673336
Control,0.16501164715425626
Control,0.2353008560246581
Control,0.17094763877532684
Control,0.1424501697089494
Control,0.13267131686343528
Control,-0.18486858610325435
Control,0.10952319535390459
Control,0.03679896995774082
Control,0.1446654100216086
Control,0.07975345059249184
Control,0.1755963545313381
Control,0.11461423172998589
Control,0.017023594682431947
Control,0.21510472518278734
Control,0.06501077608918665
Control,0.1683730688382152
Control,0.16463008160840975
Control,0.2441732233583329
Control,0.1621585507589572
Control,0.1679997387006796
Control,0.2316114493171241
Control,0.14329774270754064
Control,-0.08630419930353876
Control,0.043439825309425945
Control,0.08479069440792766
Control,0.1776174570007069
Control,0.14979808997682637
Control,0.07665095700069416
Control,0.08751791117582033
Control,0.06018602469294365
Control,0.20705749797183134
Control,0.22578291496970052
Control,0.2130018507224926
Control,0.1268739220556474
Control,0.03923445933372813
Control,0.07285418299129576
Control,0.11899729416920587
Control,0.07440128686568939
Control,0.16154929640035298
Control,0.20088991645719426
Control,0.09745845873087414
Control,0.1268080579264374
Control,0.08305176484544938
Control,0.24629944436659115
Control,0.2328311565063204
Control,0.14848240296311732
Control,0.16960673295002984
Control,0.13085172766427133
Control,0.1474889080925796
Control,0.2053351454112841
Control,0.09115595569047111
Control,0.1276704206514518
Control,-0.032184544282081784
Control,0.19228852752060396
Control,0.1903596675249778
Control,0.07582905891879876
Control,0.1186367489954035
Control,0.20026742428574407
Control,0.09620640588843304
Control,0.15684346676935987
Control,0.14329838407212409
Control,0.06989509737744112
Control,0.17636193891565669
Control,0.071274132765788
Control,0.18633252601559744
Model,0.2509209782782207
Model,0.0900168868078702
Model,0.18460427704729232
Model,0.10088849692307456
Model,0.07914707094530596
Model,0.031003747629614303
Model,0.17745868630765405
Model,0.08030311306450547
Model,0.13140109124922564
Model,0.13514713831702732
Model,0.22950582679697504
Model,0.13326342342423486
Model,0.1535396825775521
Model,0.15304085243505777
Model,0.21751689817860242
Model,0.1552081901492881
Model,0.103353908428779
Model,0.20413988516349327
Model,0.1712336504339773
Model,0.114042044815544
Model,0.17364842902324937
Model,0.12986513271246736
Model,0.1378562264352073
Model,0.2586681478664097
Model,0.19021849076750555
Model,-0.03688300074542247
Model,0.019839159953288554
Model,-0.07442521165180101
Model,-0.006165056988812867
Model,0.21021390612441693
Model,-0.21303953853339255
Model,0.15415652486658682
Model,0.11129513299850585
Model,0.2247415375682954
Model,0.20734482425511083
Model,0.2264851796852971
Model,0.09800982947067804
Model,0.06525722322123773
Model,0.14411740478464594
Model,0.2146511860648658
Model,0.17056479953736098
Model,0.11853763750165602
Model,0.13454401924990222
Model,0.25463948733564734
Model,0.15427318956275182
Model,0.13431736750480455
Model,0.08343158059295602
Model,0.10720127408985577
Model,0.07983290298593751
Model,0.20523380993999366
Model,0.06904820474892556
Model,0.1357576322130269
Model,0.17461677020210087
Model,0.1868095985357312
Model,0.16843384803338193
Model,0.16144436232355258
Model,0.158092416648482
Model,0.06454262379951434
Model,0.15269039307150953
Model,0.11487127586351989
Model,0.08207367348963332
Model,0.11280160045942733
Model,0.14877018242775397
Model,0.03093707441884938
Model,-0.10817730054674606
Model,0.026506102802761417
Model,0.07922224157231308
Model,0.12650686814766396
Model,0.1752999162461314
Model,0.18450880927784388
Model,0.3282010293458749
Model,0.1712270236201377
Model,0.18263876225504458
Model,0.5300484134202019
Model,0.09111901695778804
Model,0.01613283562686796
Model,0.1654816434003305
Model,0.14403921491990787
Model,0.06934570920640143
Model,0.030252121164647233
Model,-0.01923450884080119
Model,0.18481135620852907
Model,0.2063990323705684
Model,0.1327074150177946
Model,0.20894802321026823
Model,-0.029715308344350877
Model,0.16838505528576528
Model,0.11676050767452023
Model,0.16837892909778268
Model,0.15286707479419517
Model,0.1319909405415938
Model,0.17858124776030065
Model,0.1412642210755194
Model,0.19963438136123096
Model,0.26736735832465264
Model,0.2412131901170099
Model,-0.07859439913644439
Control,0.29287062998998126
Control,0.17385980596510464
Control,0.22756372141333062
Control,0.0967238415842471
Control,0.21150097028334672
Control,0.12668845266801457
Control,0.16763864618745802
Control,0.274304499727162
Control,-0.024876888048157103
Control,0.1931776110012263
Control,0.19833327416193525
Control,0.16607503082972835
Control,0.266809882394712
Control,0.17913296722382338
Control,0.20958124687573315
Control,0.20573950651098652
Control,0.18485683900456765
Control,0.14266920421966076
Control,0.15158196250464737
Control,0.00959692013303573
Control,0.21242266076065625
Control,0.09915005742108143
Control,0.2961692362193147
Control,0.24079515024969808
Control,0.13924639626357338
Control,0.23677146168988417
Control,0.3836525372969799
Control,0.28483160336812335
Control,0.15742723093915276
Control,0.20077455655122411
Control,0.2240821757045478
Control,0.039534895316414215
Control,0.20655923782782412
Control,0.06453135519920783
Control,0.16239247858989467
Control,0.08968581736021347
Control,0.08810149460466143
Control,0.08451702562861618
Control,0.08866702327494369
Control,0.15051849497068953
Control,0.09412797385102001
Control,0.2261723182937639
Control,0.1252279548740706
Control,0.09032194756611003
Control,0.07013973291369455
Control,0.10436830725292429
Control,0.22427088919291926
Control,0.1706558568288916
Control,0.2141684053202005
Control,0.14796595190679748
Control,0.04527197527380428
Control,0.09168424395015806
Control,0.13990014984190396
Control,0.08514211090113408
Control,0.043234169350287066
Control,0.17544134697122052
Control,0.09998294063236401
Control,0.1663524664631124
Control,0.20283403338131428
Control,0.10293523224699855
Control,0.2709109089446307
Control,0.2152879480002583
Control,0.049704266896880483
Control,0.18366113780201346
Control,0.12393447640481733
Control,0.08895054369865851
Control,0.13397035630650345
Control,0.19804824860465436
Control,0.15097866608546331
Control,0.05180475305155369
Control,0.1437437857273829
Control,0.06351642598010757
Control,0.0777767390311761
Control,0.14180689777684718
Control,0.1554013113247245
Control,0.17683778226442032
Control,0.14131254030842177
Control,0.19570476261934178
Control,0.12290631415719042
Control,0.17344447202905763
Control,0.16405646843522156
Control,0.11187189631371725
Control,0.1540577612327227
Control,0.1057338739185695
Control,0.14663649216676367
Control,0.11968894985607237
Control,0.02836844614118239
Control,0.1329829445650745
Control,0.029819009096726135
Control,0.06329821962177953
Control,0.018727352786622325
Control,0.2435515768153213
Control,0.21798358274542767
Control,0.010653732612380229
Model,0.12254402649442489
Model,0.2160038633091394
Model,0.19408378074799093
Model,0.14679621713217286
Model,0.20466961762312394
Model,0.1769377207144713
Model,0.20861406071130248
Model,0.20890451766708354
Model,0.2004843283124858
Model,0.21625921226531236
Model,0.05203299412094761
Model,0.17366473012943331
Model,0.12608458618389456
Model,0.259427979239652
Model,0.14517943077661521
Model,0.06612404386866982
Model,0.21807653236814434
Model,0.1540749239150763
Model,0.15897723995855154
Model,0.19741233003843855
Model,0.1696803229575439
Model,0.150406835204117
Model,0.07182281033251198
Model,0.2355889287946482
Model,0.29248592752543845
Model,0.16075888259487936
Model,0.121187835632758
Model,0.18055882275835458
Model,0.10452538841677081
Model,0.14352850079403542
Model,0.1962080754032369
Model,0.25148610061360577
Model,0.18969513221727966
Model,0.15699814899576417
Model,0.20682667157588863
Model,0.1850280635465879
Model,0.16740009603957537
Model,0.19182952045729856
Model,0.07518345177372962
Model,0.13075950964371627
Model,0.19286499693242204
Model,0.0240115545266448
Model,0.18696253568166604
Model,0.1333154866527953
Model,0.14710313367471517
Model,0.14741329684305352
Model,0.12051560514613804
Model,0.09261236568225534
Model,0.071116390967183
Model,0.03775314078017353
Model,0.14811288619386978
Model,0.15633463314677293
Model,0.1721607256626737
Model,0.21422107722049571
Model,0.22325049103170203
Model,0.13250367816874017
Model,0.029471056915844562
Model,0.11862163373592038
Model,0.10151523843391017
Model,0.1629008325844704
Model,0.17374904073334588
Model,0.006203684586213454
Model,0.04919064563253653
Model,0.038704781561525126
Model,0.05071894606884772
Model,-0.04715266285532693
Model,0.1589402483990094
Model,0.08934250390915038
Model,0.2413738309473231
Model,-0.013085000092369257
Model,0.13722252413846447
Model,0.21746297770386425
Model,0.18193673688831138
Model,0.3025269977490905
Model,0.035056826728110585
Model,0.15879970290589093
Model,0.07603112710359503
Model,0.25172965077386383
Model,0.003481657342900152
Model,0.019539863236638866
Model,0.0216284057368403
Model,0.2027322358245169
Model,0.17677464918415153
Model,0.18380325893095903
Model,0.05491913281954253
Model,0.13355362176097754
Model,0.1490171358338168
Model,0.14481702058211618
Model,0.16748329428924766
Model,0.08245044853642103
Model,0.12256288927135658
Model,-0.00663500904638234
Model,0.18870058785314145
Model,-0.04244310371453147
Model,0.17102587914121323
Model,0.2866740173586502
Control,0.30602065350033897
Control,0.266383881552961
Control,0.14125057074803044
Control,0.3429405787583843
Control,0.19624267400573597
Control,0.26253735168588865
Control,0.2182060846915612
Control,0.25977205818180527
Control,0.1429134389362739
Control,0.13715625327566397
Control,0.15991036323134847
Control,0.17211307596867967
Control,0.20292285652862344
Control,0.22139688638540414
Control,0.16482695541785844
Control,0.21061627867495603
Control,0.10423824719362035
Control,0.20070732264481528
Control,0.18945789111232011
Control,0.23107888347727798
Control,0.05064653160845822
Control,0.03793180540386781
Control,0.08788166097972705
Control,0.14911442343872394
Control,-0.09329639549638116
Control,0.2736272595266302
Control,0.17032158959536517
Control,0.16859006223869963
Control,0.12977373566781666
Control,-0.11371435210058921
Control,0.2855368384815246
Control,0.19048173717298902
Control,0.245832134117118
Control,0.1551309404032951
Control,0.17961381669825932
Control,0.10655648386730929
Control,0.18751647467065682
Control,0.22774505189961544
Control,0.15200811936836708
Control,0.28081879142667665
Control,0.26823261629378914
Control,0.10109634915057364
Control,0.17811963523643604
Control,0.22281476260560543
Control,0.003263093157356789
Control,0.17407480290900904
Control,0.14840358223271877
Control,0.028458434934733046
Control,0.15030930207060064
Control,0.1533836521033858
Control,0.2112795590291188
Control,0.17122153932832954
Control,0.12486336409314688
Control,0.118157821953496
Control,0.12060553931870988
Control,0.11164765878930408
Control,0.13051095362358137
Control,0.14154994447893124
Control,0.16987546444470797
Control,0.040169158375249925
Control,0.1506167912031363
Control,0.11910819701659373
Control,0.08177073105521823
Control,0.15707670180428118
Control,0.20416927045271416
Control,0.17825207875059332
Control,0.04379687646825442
Control,0.14024812893458166
Control,0.07775620320436019
Control,0.16377871238534136
Control,0.0331142152033522
Control,0.1381116969928295
Control,0.13341677321771048
Control,0.03541265004454647
Control,0.1516598201249887
Control,0.17202294696799358
Control,0.16379258465208738
Control,0.23371026906680104
Control,0.099018998568672
Control,0.12073307186199003
Control,0.18904297341205337
Control,0.18693682900240588
Control,-0.024770553428326708
Control,0.1602769454851863
Control,0.11171843435453332
Control,0.12276900359486526
Control,0.07646989775873478
Control,0.07864061074379164
Control,0.16197954013594815
Control,0.06856299323780482
Control,0.24225939170705565
Control,0.06507196839703633
Control,0.037062244338202516
Control,0.21529801394229747
Control,0.18770144203700617
Control,-0.08262642995436721
Control,0.16623314088802274
Model,0.07632516126834696
Model,0.13266657560299602
Model,0.17213726163309154
Model,0.125202257231858
Model,0.12737369311427324
Model,0.14286897333968043
Model,0.19872874081334144
Model,0.21216158444267452
Model,0.07105675708490072
Model,0.12524832623991014
Model,0.17477243387845318
Model,0.1092990194276025
Model,0.14591735887155355
Model,0.21554207974585932
Model,0.14206965711204503
Model,0.12617732735647674
Model,0.17419797574131515
Model,0.14388899167910335
Model,0.21809576679365822
Model,0.017520179450844192
Model,0.14255317716694196
Model,0.08621098956668388
Model,0.1711276802862501
Model,0.12555684865251962
Model,0.24478305741696055
Model,0.17538747832660823
Model,0.1876132518817217
Model,0.043352125879115494
Model,0.12934345824263965
Model,0.2139899169853831
Model,0.15297511974173114
Model,0.15924348732832413
Model,0.16291253157416843
Model,0.07329799784731575
Model,0.18534415342337313
Model,0.15925275030210534
Model,0.09622453453814572
Model,0.12379344443945314
Model,0.059636071905776133
Model,0.19072486737632963
Model,0.3008903570664235
Model,0.13138426360212174
Model,0.0028885863430656855
Model,0.1496656550345745
Model,0.03483450964275944
Model,0.13830028941134279
Model,0.19653114480451328
Model,0.0006029882957305499
Model,0.04016069797103353
Model,0.05858468570836811
Model,-0.010043996898094015
Model,0.11605155162322214
Model,0.06392863867939383
Model,0.014973509006011188
Model,0.15720767812718248
Model,0.1899890559439941
Model,-6.548171590936569e-05
Model,0.12260535249741977
Model,0.09342166067100022
Model,0.01761445207074866
Model,0.16050186829689223
Model,0.18556226456045705
Model,0.07354712526136417
Model,0.04526842989384661
Model,0.04572456038516501
Model,0.18473908149013282
Model,0.18902744058781246
Model,0.0370956847367345
Model,0.443699434183646
Model,-0.03721559326784268
Model,0.17500391439716423
Model,0.18077471729372127
Model,0.18953988012528608
Model,0.02955475293407206
Model,0.12262524503263475
Model,0.11486050842066142
Model,0.07095314806520342
Model,0.09157881675622404
Model,0.14968042017491234
Model,0.05684840958253995
Model,0.11442976851128417
Model,0.05870685888373334
Model,0.09264093178969163
Model,0.1408475830137663
Model,0.16894262171907967
Model,0.1758006896196533
Model,0.24437995791568137
Model,0.12289453762165012
Model,-0.06787193701950339
Model,0.15219517867833607
Model,0.1809901680834716
Model,0.1758070026618847
Model,0.04146802418739631
Model,-0.03982703814671326
Model,0.12020399545214516
Model,0.2862467683411495
Control,-0.11887549716094664
Control,0.23700058659582235
Control,0.28467299481033614
Control,0.19189028902064467
Control,0.17986714680457994
Control,0.17139053982635805
Control,0.19941824561643232
Control,0.16434159393161704
Control,0.1333928835166072
Control,0.20072030130703183
Control,0.06754161694908353
Control,0.1079598127001504
Control,0.22596838668304411
Control,0.05380682914684981
Control,0.1306258475900095
Control,0.22583407941071884
Control,0.143744986857326
Control,0.12012935967216792
Control,0.16987598367625126
Control,0.1656574319171799
Control,0.18177259818898925
Control,0.22286919088267962
Control,0.13731272536908237
Control,0.13673500126952443
Control,0.24424032131033466
Control,0.2658642984951619
Control,0.15946493499653794
Control,0.1373542799067205
Control,0.21765711288919948
Control,0.21554781827107988
Control,0.22765815683298954
Control,0.14944100997918425
Control,0.19075326988662497
Control,0.21237851651084333
Control,0.21657965215153518
Control,0.18065896254851
Control,0.2326220958395015
Control,0.14817052873613576
Control,0.16682047761536492
Control,0.15061485980000913
Control,0.146485853753361
Control,0.1748122218726338
Control,0.01677974736278537
Control,0.03646754294866436
Control,0.08921016272626725
Control,0.13412256344504978
Control,0.10301889185124019
Control,0.05299531675900104
Control,0.0477514201183383
Control,0.10962443766386612
Control,0.0790640890531848
Control,0.04792095798845408
Control,0.22447018692458884
Control,0.1328729687460024
Control,0.11603090157078261
Control,0.05625807760551224
Control,0.18214768217824642
Control,0.17430324060063698
Control,0.12694743019814209
Control,0.03760758816464954
Control,0.10428294336782518
Control,0.03207242442346869
Control,-0.011568595002194565
Control,0.06773610849975872
Control,0.21645143877303719
Control,0.23501766405775396
Control,0.09356731568424728
Control,0.1467139247800727
Control,0.08029056372849838
Control,0.14973147909511025
Control,0.1897528939688352
Control,0.0724444600650698
Control,0.18286891725151036
Control,0.12222443137280517
Control,0.06584262734937299
Control,0.15038613677689333
Control,0.02860645778734683
Control,0.08507093112737171
Control,0.06301553472627366
Control,0.14555366422021668
Control,0.20178116391202147
Control,0.23038342193084685
Control,0.2263910093966668
Control,0.23864630366381726
Control,0.1254699765772059
Control,0.05499736308519926
Control,0.07874898328430277
Control,0.12052179698561347
Control,0.13053710152340042
Control,0.09529189574412808
Control,0.22382786507856356
Control,0.04417875352644732
Control,0.15884529175434092
Control,0.13460928939257977
Control,0.20351217662211646
Control,0.020362005916859133
Control,0.14325468223894985
Model,0.12868373429894847
Model,0.12036702797697271
Model,0.15595022797451638
Model,0.22954891916102788
Model,0.1975309782336521
Model,0.11907713488990249
Model,0.202275906252356
Model,0.1504209874864406
Model,0.09034278095100767
Model,0.09987508453254318
Model,0.14954937288460793
Model,0.219075936271727
Model,0.13706276880591742
Model,0.15799542866157182
Model,0.22774531397399564
Model,0.14712390878394563
Model,0.13217433758802638
Model,0.11910000134471269
Model,0.05275562182982499
Model,0.13559295408170227
Model,0.0659502987877581
Model,0.20094918992075503
Model,0.13237259154069914
Model,0.13548544816747557
Model,0.12634536886427844
Model,0.16612994298754197
Model,0.2497553600781206
Model,0.09423161350365067
Model,0.17712255930289245
Model,0.18854859733794177
Model,0.1437613892316021
Model,0.13781871863432155
Model,0.20852743423104686
Model,0.19859202224408237
Model,0.16080499904743137
Model,0.10876043365153182
Model,0.17125260138857193
Model,0.15844206028558738
Model,0.05599174557986736
Model,0.1213885461340514
Model,0.11341991392665085
Model,0.1541589631417656
Model,0.12704923851965794
Model,0.16569170558465895
Model,-0.005302092436298228
Model,0.08057326058480252
Model,0.16206978967490135
Model,-0.059704208187966595
Model,0.03125623449965598
Model,0.052655577858953584
Model,0.04481878301903289
Model,0.05348455646763678
Model,0.16669548767200412
Model,0.11359785764645305
Model,0.05594130981725992
Model,0.2106939158179157
Model,0.08340291700501376
Model,0.0582971700457825
Model,-0.007940508450154066
Model,0.15084748111308088
Model,0.10022276925668538
Model,0.10031411367382362
Model,0.10368213685459915
Model,0.030799877484107896
Model,0.13189470874293063
Model,0.12178406547941892
Model,0.19825931935007357
Model,0.20036333766137746
Model,0.16864655634498385
Model,0.15035530954699053
Model,0.15750954076730816
Model,0.037677487933649
Model,0.23846780071024642
Model,-0.006185181430616776
Model,0.03136712306053477
Model,0.18540820961147378
Model,0.10610686935309982
Model,0.09296406518123887
Model,0.17580111037395738
Model,0.13383615249508332
Model,0.18974587165126564
Model,0.08211831471061495
Model,0.10582487599108131
Model,-0.20492517988019962
Model,0.13600425988668313
Model,-0.048163884459530626
Model,0.042414069906657886
Model,0.07062705716693413
Model,0.08636886426304763
Model,0.18801157184800707
Model,0.154877817085887
Model,0.15052275813144186
Model,0.08050205443083508
Model,0.26525454856081554
Control,-0.08538885977754625
Control,0.24151354224121024
Control,0.1666421474953293
Control,0.18944611371294443
Control,0.2215875150633762
Control,0.16706525960494842
Control,0.16155601464785063
Control,0.23475112072467275
Control,0.19109672075397063
Control,0.23269646808322325
Control,0.15154402351698348
Control,0.18656052873286116
Control,0.09967926221016127
Control,0.26332948917529253
Control,0.05654935427466892
Control,0.2800160404564678
Control,0.1910099249619704
Control,0.10814145376849732
Control,0.12578529577988845
Control,0.15632531595070626
Control,0.18607640771429942
Control,-0.06291310138659867
Control,0.24730025525874516
Control,0.21014711676101092
Control,0.06858113703786198
Control,0.05595056700998857
Control,0.054990629953152625
Control,0.1790039516744539
Control,0.17071046398634895
Control,0.06211174703893588
Control,0.15598877829187024
Control,0.26941414780441336
Control,0.1572112661008718
Control,0.13210745167439866
Control,0.14689033226823328
Control,0.14760725926130244
Control,0.21865228492945202
Control,0.15828630949475425
Control,0.16640848419738055
Control,0.09900127838022066
Control,0.20091550990756407
Control,0.13393038730557547
Control,0.19467358086818837
Control,0.04238468176013516
Control,0.12856628484151833
Control,0.14832870138927448
Control,0.0771409913050291
Control,0.0004248698153756225
Control,0.14641833876819246
Control,0.16314194752619818
Control,0.0380577317448364
Control,0.11569895174192346
Control,0.15331315954393368
Control,0.14835702548989216
Control,0.03377389376245879
Control,0.17868780000021095
Control,0.022831790091069115
Control,0.16589540714935846
Control,0.094876951796554
Control,0.13884018549286534
Control,0.14405377666022598
Control,0.1102446740287602
Control,0.20856617339611583
Control,0.04378137527368006
Control,0.18725976019001325
Control,0.19776863597308514
Control,0.16987865731336071
Control,0.09637160152363008
Control,0.15249676249896404
Control,0.17975843550768186
Control,0.15655439992413472
Control,0.1591445768424367
Control,0.05315852058903958
Control,0.13042164912059023
Control,0.10587647288140645
Control,0.12407569117104858
Control,0.10996584456368302
Control,0.017678001785490977
Control,0.11540227071896045
Control,0.13888035197986276
Control,0.05857879906859553
Control,0.1184004001659959
Control,-0.02850540545473132
Control,0.13679077686407626
Control,0.10373744537997803
Control,0.16317051177306585
Control,0.1875831228966431
Control,0.12703639341968886
Control,0.16248436542923503
Control,0.07549699885124878
Control,0.026494877992266408
Control,0.11116100507170593
Control,0.07428600769510768
Control,-0.06367056518626985
Control,0.2719590783517895
Control,0.1723971828037547
Control,0.17424431732267043
Model,0.14162088297681266
Model,0.11061911399547869
Model,0.09391901804053265
Model,-0.10024112027757277
Model,0.1209243292792585
Model,0.19026264432016157
Model,0.16977512703558542
Model,0.060767676519311004
Model,0.09860643781015574
Model,0.13222685266896633
Model,-0.02613624614749599
Model,0.14445695005265896
Model,0.1366180686514779
Model,0.12360602796675768
Model,0.2200433611205323
Model,0.13927599153125297
Model,0.158976284689462
Model,0.18600704757664913
Model,0.16134237485585803
Model,0.1600312433115216
Model,0.18655021134826252
Model,0.0507292766103245
Model,0.14822469360985216
Model,0.12571996543452624
Model,0.18517037339035086
Model,0.2287148423285256
Model,0.04705608847946627
Model,0.2101690224314746
Model,0.28331342096977274
Model,0.24534673010359373
Model,0.12022136552145118
Model,0.12229060242938888
Model,0.22197066129516468
Model,0.03835046357800198
Model,0.13469492565163532
Model,0.12781069323902278
Model,0.1771598081524954
Model,0.04480113911389508
Model,0.1529759902220506
Model,0.1431629462385656
Model,0.1317643886027129
Model,0.1965350599724845
Model,0.1943453312451757
Model,0.1418069884131186
Model,0.15322851523374903
Model,0.14761107688231878
Model,0.18967879775375826
Model,0.1715890695418801
Model,0.09956838261988118
Model,0.13230672621540931
Model,0.11091796543818783
Model,0.03424936014672983
Model,0.1842558815859366
Model,0.07483310151924127
Model,0.1672967181955293
Model,0.1465805624108118
Model,0.03767934311991153
Model,0.1630027872264186
Model,0.04281856124616387
Model,0.01115595271090336
Model,0.031351379194653
Model,0.04176672206674531
Model,0.10937062194913527
Model,0.25151555580704776
Model,0.2836893842106014
Model,-0.06366696565047554
Model,0.33126734464596475
Model,0.08343194991582742
Model,0.15526793353932358
Model,0.0380647097410034
Model,0.020654180775518005
Model,0.0628912979145114
Model,0.13300978884914916
Model,0.15080334669770207
Model,0.19721450601001517
Model,0.09046652697134708
Model,0.19902172787665257
Model,0.10954342179473825
Model,0.15322139324286044
Model,0.04403249595476233
Model,0.05428095166898492
Model,0.02907395980828581
Model,0.14213123216543977
Model,0.15199780570490573
Model,0.08295507488176307
Model,0.20232673153829414
Model,0.15491897499016427
Model,0.0949310322137448
Model,0.18138973795317756
Model,0.11690385172864134
Model,0.00491141694843969
Model,0.35465126252892026
Model,-0.09748415484476249
Control,0.4684991845850695
Control,0.17047989547850695
Control,0.24410878628525579
Control,0.056607612532250995
Control,0.11361071311244728
Control,0.13559159918905234
Control,0.13294923358670577
Control,0.17306797772878518
Control,0.21726621353506642
Control,0.22621749741842384
Control,0.17471135433435173
Control,0.05760604089983598
Control,0.33407719956592574
Control,0.24217076524842943
Control,0.15945879565167717
Control,0.22890732519602697
Control,0.17884102938831717
Control,0.18539355670329322
Control,0.12158058518948761
Control,0.13696656192558399
Control,0.16580809026524643
Control,0.22125261417333628
Control,0.13971856924203727
Control,0.06119198510745166
Control,0.08090593929141929
Control,0.037827221844906
Control,0.1546568554247768
Control,0.12600727623521685
Control,0.26468890367144327
Control,0.10070033775125459
Control,0.1984290272628716
Control,-0.20467159819842182
Control,0.061306207408607344
Control,0.13911267188081775
Control,0.17030903846523834
Control,0.1566967469128212
Control,0.11864488267048015
Control,0.18794262196573794
Control,0.14121949127818162
Control,0.12025465707449343
Control,0.022345904522516252
Control,0.10950629720453964
Control,0.15112508858326684
Control,0.18144154601804122
Control,0.18932273156666835
Control,0.11015579147615293
Control,0.24702283756655863
Control,-0.012939754271321213
Control,0.15035270169427165
Control,0.04896373154726316
Control,0.136927899841215
Control,0.029798124679089127
Control,0.21096303019103665
Control,0.17163055570362137
Control,0.04568019160458875
Control,0.22816219404256732
Control,0.14718438882625753
Control,0.16210256704651524
Control,0.1844347170496997
Control,-0.0719188089288331
Control,0.19154420026568664
Control,0.20960817049976974
Control,0.17090629813663138
Control,0.017216959924602177
Control,0.15123021230516892
Control,0.04032694788415028
Control,0.17600281116289967
Control,0.1553499075348428
Control,0.17280133990539756
Control,0.09317330625676523
Control,0.11425271826311367
Control,0.20103335367264424
Control,0.031128379347066554
Control,0.1499110254289846
Control,0.09164048543608974
Control,0.13129064178254163
Control,0.13130351266467583
Control,0.13940613737606017
Control,0.13684275649994643
Control,-0.01140574740459821
Control,0.02316614517001403
Control,0.18232327666436818
Control,0.04010832156890476
Control,0.16073293470618716
Control,0.11897336725673019
Control,0.2498703020206396
Control,0.25659601146162153
Control,0.06700610376919391
Control,0.1750506373950869
Control,0.17822172357352947
Control,0.1821505461249463
Control,0.12220575618105986
Control,0.18283234923712516
Control,0.13208951001183245
Control,0.13435439620927025
Control,0.17532195720651345
Control,0.027295459871706756
Model,0.0440451412429512
Model,0.13687616234506123
Model,0.193079356897369
Model,0.14366331380878136
Model,0.17309039412533558
Model,0.04456574947406086
Model,0.14996877840928807
Model,0.12552589683096813
Model,0.17787642064301865
Model,0.17597155374295206
Model,0.12634863721885808
Model,0.1384449340029305
Model,0.16856092035172376
Model,0.2611503044232609
Model,0.1252748510377729
Model,0.015806098114553746
Model,0.21760469721578304
Model,0.15523278008868197
Model,0.17862220738112197
Model,0.13405619603202762
Model,0.2056691767512888
Model,-0.028625410868305556
Model,0.13237043819831498
Model,0.1679028885287452
Model,0.20360096521600832
Model,0.14276533913585784
Model,0.13797337168966778
Model,0.24241536716154985
Model,0.1807234828155841
Model,0.16563946148224898
Model,0.11442085093877785
Model,0.15669063780220058
Model,-0.04187442859013876
Model,0.179302588354385
Model,0.031316900731727826
Model,0.08578559201430846
Model,0.15328673734314066
Model,0.13018753696046145
Model,0.007460177210528163
Model,-0.20789795177038697
Model,0.07821403113230146
Model,0.1709297185757487
Model,0.15761185396740934
Model,0.1491554909060764
Model,0.14381223737595472
Model,0.11520747808841292
Model,0.11383178753730577
Model,0.1431201883781714
Model,0.1588064834824374
Model,-0.07734115994893587
Model,0.21140416303738835
Model,0.05177197136076264
Model,0.028419299269200976
Model,0.08659652935355536
Model,0.010652284957094721
Model,0.11555139343342521
Model,0.15781279298639883
Model,0.20746963890632789
Model,0.18009851236672972
Model,0.17234829450264955
Model,0.18368514272547354
Model,0.17335496047135848
Model,0.1867141754199297
Model,0.1845894958927746
Model,-0.08222432599019845
Model,0.2466022899185402
Model,0.2774006174825373
Model,-0.11625773452197428
Model,-0.16924515535998902
Model,0.20751952819335154
Model,0.056576591670313814
Model,0.1189515300286122
Model,0.18756613710120637
Model,0.1250788451835862
Model,0.1134093272911931
Model,0.2329027970366122
Model,0.07711523233050088
Model,0.2048852499512127
Model,0.060615349108293026
Model,0.21774639094553663
Model,0.1867879126781604
Model,0.12150550174341024
Model,0.15755616449060517
Model,0.1494635481765305
Model,0.215456550203704
Model,0.12222665375557501
Model,0.13663234572479688
Model,0.13117243427629585
Model,-0.024373250860833
Model,0.1836011843006215
Model,0.11902296689308875
Model,0.2855855957454396
Model,0.3184566359589065
Control,0.40764622624502533
Control,0.27460965477636157
Control,0.29414928610641156
Control,0.18048588873417748
Control,0.13602838242465967
Control,0.0020831986148753534
Control,0.17095006548840067
Control,0.12986681553033683
Control,0.07798057867664687
Control,0.12321707649507382
Control,0.16425799526099777
Control,0.16687603392861491
Control,0.24242046418928911
Control,0.12243699356332141
Control,0.22049717015380177
Control,-0.051774131946074664
Control,-0.02462662568724938
Control,0.19657315577950366
Control,0.23523778633662024
Control,0.21170603577774372
Control,0.13649570609680653
Control,0.09666414145243207
Control,0.05599165620612459
Control,0.14196800933102172
Control,0.12941182337477056
Control,0.1467909120529923
Control,0.06682917106909098
Control,0.09155940710501528
Control,0.13187862266532024
Control,-0.02804450858529728
Control,0.05834183777986693
Control,0.05628983884086308
Control,0.15758638437775066
Control,0.1982047527264326
Control,-0.08788368105888367
Control,0.03213257075950851
Control,0.22129937863535973
Control,0.1756083150638253
Control,0.22147665055699173
Control,0.05841553417203682
Control,0.2376656734292191
Control,0.25798191992335495
Control,0.1507904465780609
Control,0.23953619755497216
Control,0.2655291469599491
Control,0.2122365155214716
Control,0.07521797010598244
Control,0.12274970896666665
Control,0.039235209940269244
Control,0.09384319388879714
Control,0.037348615285943576
Control,0.0671009711065686
Control,0.1983737104313828
Control,0.11474543989302721
Control,0.15191375026468978
Control,0.12497067830235664
Control,0.1847660779421412
Control,0.12989615410599553
Control,0.13925236789146264
Control,-0.03226050684683299
Control,0.10083194932544243
Control,0.10664729848753249
Control,0.12955628470034902
Control,0.20905318626990685
Control,0.0010827839573888942
Control,0.09801374536958693
Control,0.07694324807844302
Control,0.10008314760233647
Control,0.2009106275097051
Control,0.20319271672396624
Control,0.13379784292201932
Control,0.06958118861867166
Control,0.09546566674010279
Control,0.1428993259916869
Control,0.18476938749502603
Control,0.15813736745479245
Control,0.11956564332862096
Control,0.17450477367260783
Control,0.04692213145918403
Control,0.17691602449087526
Control,0.19877476357297355
Control,-0.00982019906591547
Control,0.023282178136683096
Control,0.17751022339398775
Control,0.18510065522613864
Control,0.15709917042965077
Control,0.14736246158978344
Control,0.1148178997380013
Control,0.09446729478761634
Control,0.13842530779482398
Control,0.23436889547435205
Control,0.16839726274228814
Control,0.10736342390777007
Control,0.13402128505334676
Control,0.26098402115280683
Control,0.16393857602956172
Control,0.16242654427238132
Model,0.08078856917395111
Model,0.19186506529183958
Model,0.15051403757986284
Model,0.2298924061765639
Model,0.1325712455156256
Model,0.14314832017573226
Model,0.09468339345394039
Model,0.12053250701664017
Model,0.11439962490745212
Model,0.18369909233871512
Model,0.1755595346757002
Model,0.045078787981732926
Model,0.19689733580734947
Model,0.12041941268521139
Model,0.17048801559801216
Model,0.1349168583966684
Model,0.12206785169865109
Model,0.19149121711884054
Model,0.16949671074964
Model,0.08721510423067022
Model,0.1667204127795454
Model,0.20926580341364628
Model,0.16419866983441336
Model,0.16811775975136983
Model,0.24687036875232538
Model,0.19894569693600453
Model,0.18500478650415222
Model,0.12111524036496779
Model,0.10426698061933484
Model,0.17452744430257058
Model,0.08948838232352982
Model,0.15149919697007738
Model,0.2607652973570552
Model,0.1667193426867924
Model,0.17814305315049594
Model,0.06600491956723573
Model,0.21188953382647288
Model,0.23612484020267174
Model,0.165690009809258
Model,0.02775459052992771
Model,0.1924933573872748
Model,0.12178109342039228
Model,0.14130569035924528
Model,0.15705550926319065
Model,0.22293176499497533
Model,0.0721324855667293
Model,0.14651157146313518
Model,0.1273578279791867
Model,0.16411386737589584
Model,0.09606494393237061
Model,0.1979462435944556
Model,0.17506528950588093
Model,0.061952935147577826
Model,0.055734664301409775
Model,0.09331015094599726
Model,0.08198874796779129
Model,0.15613211344184155
Model,0.16322823777512432
Model,0.03162705353404102
Model,0.09022332666443872
Model,0.142617720026635
Model,0.09726637256318243
Model,0.14481860233124016
Model,0.11254611242574991
Model,0.1625438329899723
Model,0.2005528499981764
Model,0.2585405220289028
Model,0.3014379953726744
Model,0.15389024094993056
Model,0.17762049371449315
Model,0.10526339246277824
Model,0.09461872022154608
Model,0.1571788308080888
Model,0.11688491599084011
Model,-0.06647392944614491
Model,0.016005738921787416
Model,0.09263975703995364
Model,-0.00213628535552432
Model,0.1331911219269403
Model,0.1798795429759201
Model,0.17107424103429617
Model,0.041237140645417336
Model,-0.022601708852859392
Model,0.13952552621048298
Model,0.2504884540170863
Model,0.19701029531400208
Model,0.12243130141941869
Model,0.017297270505324647
Model,0.20504122646888892
Model,0.1579798501205019
Model,0.23734039526719314
Model,0.18555063839873076
Model,0.30142588413412885
Control,0.40604994541559464
Control,0.1566469962381599
Control,0.305942667367865
Control,0.142537043511934
Control,0.27140060608735184
Control,0.271239252925052
Control,0.15722796709641165
Control,0.19844949790333694
Control,0.15559334526359705
Control,0.20698109624643657
Control,0.06819916967564205
Control,0.14637263562767003
Control,0.16846304939210482
Control,0.0773602757299757
Control,0.1952656470280693
Control,0.08163760537686554
Control,0.09960187013066862
Control,0.25254492788942096
Control,0.17655456890097698
Control,0.16208767797901746
Control,0.19607423686130657
Control,0.09642056079213834
Control,0.11084069615622427
Control,0.18351293380975456
Control,0.14793096072431922
Control,0.06970542376921196
Control,0.12454606670732613
Control,0.14152365491010144
Control,0.08972093938053519
Control,0.1681635323974201
Control,0.22277445750624572
Control,0.03146401755387168
Control,0.07513934858932411
Control,0.12410038789379157
Control,0.20341845845166126
Control,0.023672906717196213
Control,0.11103333777009844
Control,-0.025499892208222713
Control,0.20191010942427212
Control,0.16887432954781828
Control,0.15790173746936167
Control,0.28028340855303946
Control,0.13826593520782196
Control,0.18411923770521796
Control,0.006158659024913721
Control,0.17157273149011926
Control,0.11151068047137563
Control,0.18206634170634292
Control,0.23026612663481677
Control,0.16893367318139557
Control,0.10434955458178569
Control,0.14257634802406846
Control,0.08188784149046593
Control,0.10208683282369485
Control,0.10736321359706694
Control,0.12228216428554708
Control,0.1117033101909004
Control,0.14020706512191752
Control,0.06888956941223992
Control,0.16168889393375868
Control,0.10900647272101482
Control,0.029366132274785017
Control,0.0745849876499495
Control,0.12402574899071703
Control,0.05325597803728238
Control,0.09510033651604968
Control,0.1564106357801984
Control,0.1695122775957071
Control,0.19557993494414436
Control,0.1911349866701209
Control,0.20623776333254984
Control,0.15302223106690474
Control,0.15832394368140862
Control,0.15128072381949875
Control,0.13852476236413555
Control,0.17700360172169663
Control,0.13675036930054457
Control,0.12273090639241963
Control,0.04224746482428102
Control,0.08968451303516076
Control,0.21575777945311173
Control,-0.005288417124030581
Control,0.008505767205088444
Control,0.016900955168831444
Control,0.18449597480969554
Control,0.13629955073264133
Control,0.2290993934225212
Control,0.1733994170309043
Control,0.14726109741257715
Control,0.11348554295972568
Control,0.13937361290888112
Control,0.0225993522433533
Control,0.12099546120982774
Control,0.17125526147011
Control,0.10485821304512663
Control,0.05155094683901257
Control,0.12349366144990442
Model,0.15536796289144153
Model,0.09994913576172876
Model,0.08659554278704365
Model,0.15872089107964218
Model,0.1565387654331084
Model,0.2017892322678497
Model,0.09412386418717891
Model,0.09688056545246934
Model,0.18910115179808243
Model,0.11333119018686524
Model,0.03903454083662766
Model,0.21942693108034503
Model,0.24418599018152212
Model,0.16756335601891692
Model,0.1569297598091389
Model,0.20219256035327382
Model,0.14476971708678352
Model,0.10646387851623657
Model,0.1367774817058474
Model,0.15075283877161166
Model,0.12275363689282268
Model,0.1204669833050391
Model,0.18838517827998305
Model,0.21112108868500062
Model,0.1493202163490032
Model,0.22514038846112683
Model,0.20087651996442438
Model,0.14378062551768458
Model,0.13915587029728205
Model,0.19154103517266552
Model,0.12467912327884431
Model,0.11197822707951269
Model,0.1505410970254088
Model,0.13758711817538327
Model,0.10026712248822386
Model,0.19042255288382437
Model,0.21913945648316688
Model,0.06871615172495679
Model,0.1326156364901276
Model,0.12842909966822852
Model,0.16355851714560551
Model,0.08631594005635748
Model,0.2062401954944317
Model,0.12329753931017892
Model,0.13340918807813287
Model,0.20643233654889773
Model,0.03975687862904442
Model,0.13625077526173332
Model,0.06933240175512989
Model,0.1997728283987396
Model,0.07955678529962648
Model,0.16693057104895345
Model,0.12284693822945769
Model,0.17488003228951987
Model,0.18187896184697996
Model,0.048456385582187095
Model,0.07597636325968019
Model,0.27013790368236423
Model,0.04983605429480306
Model,0.10140856193459552
Model,0.16767037572669344
Model,0.1080786706080272
Model,0.10975315472486954
Model,0.054290023934482345
Model,0.08684843665647138
Model,0.17469365368187098
Model,0.09300271470676963
Model,0.14523312054084428
Model,0.019220037205163465
Model,0.1849621196787227
Model,0.22205530228290538
Model,0.017564958885494836
Model,0.043747223274099134
Model,0.10411446356321527
Model,0.1624667931559891
Model,0.11737887722459792
Model,0.0812325118776149
Model,0.16336519556034898
Model,0.09974599230116693
Model,-0.02365363531288095
Model,0.1546399130869071
Model,0.12910575917200368
Model,0.18844363960534036
Model,0.14484682290450387
Model,-0.03892548766024537
Model,0.23754623622001214
Model,0.2015880815427306
Model,0.07278840790358407
Model,0.1379263625628706
Model,0.089043607414101
Model,0.16753333840216014
Model,0.13103903549304904
Model,0.24526692579688306
Model,0.08429182492769682
Model,0.31352196874692956
Model,-0.07032520715209553
Control,0.0
Control,-0.14993062864577889
Control,0.1280718273010807
Control,0.24240190275802528
Control,0.13792242559966703
Control,-0.07479931439045678
Control,0.23938368780822925
Control,0.18949887904036403
Control,0.10479704246606047
Control,0.007294895922725669
Control,0.13868357239492493
Control,0.19486740281350637
Control,0.16002169101931976
Control,0.12660821797191232
Control,0.16487788449694613
Control,0.24904663865781548
Control,0.19240333058496514
Control,0.1430336433642418
Control,0.17773194682505086
Control,0.15919491014087211
Control,0.13330813195793126
Control,0.18889120098207576
Control,0.12876249781686197
Control,0.19321521854188
Control,0.09652788304166252
Control,-0.05161386123601941
Control,0.17971116457230005
Control,0.1125840956019186
Control,0.09977801667408001
Control,0.15934027929104025
Control,0.11423691286556964
Control,0.1504742676597774
Control,0.09183795589002611
Control,0.10448719579373447
Control,0.15525326720846935
Control,0.10307869391563612
Control,0.18381787728572238
Control,-0.021264980469260314
Control,0.06880892917862705
Control,0.10713737093352424
Control,0.12344118889624725
Control,0.17932856946751694
Control,0.2042297136823469
Control,0.13102253982454637
Control,0.13222687220493687
Control,0.15325672849763597
Control,0.16126788034619827
Control,0.26217994190245836
Control,-0.01609446425634617
Control,0.12039693575373195
Control,0.09579878241455009
Control,0.09311624527509127
Control,0.1429074723584995
Control,0.20023110797971388
Control,0.18945620437396676
Control,0.17609112983031683
Control,0.008902388472222161
Control,0.13048142865881604
Control,0.19579203352082933
Control,0.016562711700813693
Control,0.06501748928656945
Control,0.00892394256166526
Control,0.07870785302275929
Control,0.11445947760589414
Control,0.19675952149606998
Control,0.18263038690539377
Control,0.15940336466101368
Control,0.13525565319103808
Control,0.06676520239416442
Control,0.10910006350896828
Control,0.10714084581122083
Control,0.2443242340183577
Control,0.13490570495226978
Control,0.11620686803773095
Control,0.16091069449549136
Control,0.11835263139561
Control,0.14424577724176108
Control,0.10236370683115062
Control,0.14507781568844053
Control,0.20597972984165122
Control,0.18422732611032103
Control,0.16126478210074977
Control,0.016446518791692066
Control,0.06929924090703327
Control,0.14993911616113803
Control,0.11679979856463449
Control,0.08083648067652979
Control,0.14481641244197238
Control,0.1296381117109471
Control,0.07474571154136192
Control,0.07939937634345812
Control,0.19193772248998534
Control,0.13711298389179652
Control,0.16737628089411472
Control,0.1344157555696026
Control,0.12168319667860816
Control,0.19318599286286728
Model,0.2645315969801002
Model,0.17534731556074806
Model,0.1756989424311065
Model,0.1737670740289167
Model,0.06808344250671572
Model,0.15413025310605666
Model,0.10139333836343906
Model,0.1114892604093222
Model,0.1956688788955161
Model,0.12104551754933404
Model,0.18562677459440372
Model,0.15890987940057863
Model,0.20304647164467055
Model,0.17831124642753812
Model,0.15796326235385244
Model,0.13185382965815107
Model,0.2299357471923233
Model,0.184394030267977
Model,0.13877412573815456
Model,0.1955663574446271
Model,0.16097446575079744
Model,0.18974803217012878
Model,0.19767068368003787
Model,0.20004522228985197
Model,0.19015782533282022
Model,0.21042485181304524
Model,0.17281797205989843
Model,0.04366364752834326
Model,0.029571157168916784
Model,-0.004628035469331604
Model,0.10771221361032696
Model,0.15454553481328448
Model,0.08256414197094594
Model,0.18491008794693115
Model,0.1323615511922932
Model,0.08697887115521044
Model,0.14793336564216059
Model,0.13449182744276034
Model,0.18010937210708158
Model,0.04457460611294478
Model,0.19514966609087278
Model,0.1259067506428679
Model,0.15865551415361556
Model,0.014811229014742189
Model,0.06472761289464721
Model,0.09282773912551012
Model,0.0507912013177223
Model,0.17188798344653586
Model,0.08302082166225216
Model,0.08971212393995642
Model,0.14590471816833733
Model,0.1978824524044858
Model,0.12416071131609485
Model,0.031857572537467876
Model,0.1691328826689534
Model,0.21681416951693022
Model,-0.03523912716868729
Model,-0.06160270410237902
Model,0.2536047170792136
Model,0.22509240625694046
Model,0.09652914264661944
Model,0.19857155838140278
Model,0.10066337356865077
Model,0.103030213145508
Model,0.16501683069843642
Model,0.05644752389212515
Model,0.024222338345803007
Model,0.042501023581195424
Model,0.08127457395179347
Model,0.17826177669873872
Model,0.14874245370909522
Model,0.06223236564276877
Model,-0.025320231648724767
Model,0.07626059116461337
Model,0.10273342886098652
Model,0.1779154826167435
Model,0.1487116337885692
Model,0.03964364355888919
Model,0.16610613860679976
Model,0.08219308544826615
Model,0.12918485127962553
Model,-0.04302976183269336
Model,0.08567002551877248
Model,0.08208580399835388
Model,0.18386859213362303
Model,0.0759811450539358
Model,0.24985782438297335
Model,0.12836794729615533
Model,0.0737391563429349
Model,0.1342123435891193
Model,0.016213507224351914
Model,0.17502396508071205
Model,0.13634781507876936
Model,0.12344629310046551
Model,0.3558434853984361
Control,0.2335285576955398
Control,0.11366300313103289
Control,0.107648353645767
Control,0.28232125999403906
Control,-0.04125113690577223
Control,0.26606097880547397
Control,0.21010794248867992
Control,0.1437754304113994
Control,0.025556560609917428
Control,0.18518268158337475
Control,0.06637300529341764
Control,0.2287623325452092
Control,0.24356898868097243
Control,0.11243814449246511
Control,0.12772225017930353
Control,0.1390905639399653
Control,0.19069960869541405
Control,0.20168464638317707
Control,0.07558135809574107
Control,0.19004510105520056
Control,0.1947128092299071
Control,0.07004187982882412
Control,0.22492699346680575
Control,0.08330545477245166
Control,0.11716579819469816
Control,0.058765422872609246
Control,0.05264181696052933
Control,0.04959682776377752
Control,0.18050047665535407
Control,0.17315399832815898
Control,0.06603603425499058
Control,0.15065640842369699
Control,0.035856539722004616
Control,0.14052616858827896
Control,0.09607960800396292
Control,0.09518476553186525
Control,0.138655951722144
Control,0.15679619211284082
Control,0.19097976288534993
Control,0.12144755187507725
Control,0.09306614607605779
Control,0.16692431555145162
Control,0.16252531362084907
Control,0.278568926862251
Control,0.02230688115559029
Control,0.06349651749716156
Control,0.025163612570385213
Control,0.1716922237189983
Control,0.17687648860374292
Control,0.18217611738139042
Control,0.06898011425001299
Control,0.17389820637378672
Control,0.11396841075242295
Control,0.17469670979872995
Control,0.010854139907437166
Control,0.13942196297406353
Control,0.07685883986112665
Control,0.15071074566580647
Control,0.15367059271736955
Control,0.029747690046112663
Control,0.10757430553967867
Control,0.1454460118526599
Control,0.15772831546290134
Control,0.16019262371786194
Control,0.1504315331893887
Control,0.15513114293947933
Control,-0.06818136978175994
Control,0.02578066583461186
Control,0.17386148021106868
Control,0.15532916737772282
Control,0.08059261229258846
Control,0.15516802432677948
Control,0.07304198161149633
Control,0.2074689499643468
Control,0.02585535304602174
Control,0.12165439201969497
Control,0.19862603131212386
Control,0.029292286306187715
Control,0.17180133556974106
Control,0.22097093471582388
Control,0.1557395040922473
Control,0.14222118912997722
Control,0.17698545732359952
Control,0.11256922480786258
Control,0.026350400785405764
Control,0.1538408162734713
Control,0.16950848854770897
Control,0.16390687260473583
Control,0.20570901591110657
Control,0.1906609795696892
Control,0.16108308946807248
Control,0.23277825256653853
Control,0.22864903866779576
Control,0.16732898935958027
Control,0.12806992227815864
Control,0.17592887907655474
Model,0.1973276479852904
Model,0.09875386195836658
Model,0.1637385940073326
Model,0.01705097680373599
Model,0.22382214688670007
Model,0.17233310349144396
Model,0.18205532674140887
Model,0.16320206435893558
Model,0.08666661046154653
Model,0.014420263145280915
Model,0.11786572224851966
Model,0.17646480895736674
Model,0.08691936558571417
Model,0.09547951654712761
Model,0.1538179048327698
Model,0.20871539060088704
Model,0.1872279638696541
Model,0.24331675019684176
Model,0.23718544697947594
Model,0.22250046910782453
Model,0.21517991142528112
Model,0.10544145120559062
Model,0.08598276331539007
Model,0.1731710366182104
Model,0.19530839611721146
Model,0.06666462769609363
Model,0.15098751694329476
Model,0.13556474088426418
Model,0.12335850150555938
Model,0.14316891308213556
Model,0.1978237462814569
Model,0.14568954845734663
Model,0.1626535732477671
Model,0.03167020510404539
Model,0.18287407408324105
Model,0.13490387036515986
Model,-0.006343359200319171
Model,0.22009071604729763
Model,0.034255175420406014
Model,0.17611527642278768
Model,0.15839709446183017
Model,0.16075549915084072
Model,0.17758082679017065
Model,0.18551327884529478
Model,0.10536284875976071
Model,0.12886188952553362
Model,-0.10295141527352393
Model,0.18165423253441068
Model,0.1822240829733569
Model,0.08303565929831738
Model,0.15122629893131748
Model,0.20485551553957967
Model,0.13915985683134965
Model,-0.1094907422528219
Model,-0.04311162891196567
Model,0.24528629670839514
Model,0.1510659500109312
Model,0.22142538604396111
Model,0.15305641050987287
Model,0.13972377325247232
Model,0.1898249074102378
Model,0.12601757022980994
Model,0.14315166747158056
Model,0.06543358120498316
Model,0.04660491926082669
Model,0.03696177914788493
Model,0.13711953681448233
Model,-0.12214721956912224
Model,0.05965980731258155
Model,0.05309007704723109
Model,0.10858466593318161
Model,0.023286193708910996
Model,0.10287246988502766
Model,0.0050990176174287305
Model,0.05333274290580284
Model,0.110142898400093
Model,0.012481002637508065
Model,0.17168320155595587
Model,0.19207479642785114
Model,0.12126553297840234
Model,0.14315744134760489
Model,0.15403511173350357
Model,0.18833504844801613
Model,0.1786132510024701
Model,0.1339385384567074
Model,0.03690987014717348
Model,0.2277983061578893
Model,0.17178193900896155
Model,0.05984118630654836
Model,0.23560495360639183
Model,0.2044875033058583
Model,0.1701471267336587
Model,0.288896059112804
Model,-0.04995545734928603
Control,0.4911529736109535
Control,0.3424423014705662
Control,0.2376651132651662
Control,0.2463236237848084
Control,0.2210852225355746
Control,-0.03444786055829613
Control,0.15449114361468497
Control,0.14502803378280588
Control,0.15433043367753727
Control,0.2914437742669181
Control,0.24004638248196944
Control,0.1471119680532245
Control,0.15232303668822733
Control,0.28589458662264855
Control,0.1555773018461672
Control,0.24295577729160303
Control,0.23348202447561647
Control,0.14465816071466725
Control,0.13267329983089282
Control,0.123733829760897
Control,0.14119901824555667
Control,0.16293498425180697
Control,0.10224433401090777
Control,0.2734271261338539
Control,0.11676052515057547
Control,0.1849922034785633
Control,0.16378698792877536
Control,0.11047996206825791
Control,0.03605881316738915
Control,0.13656941916764512
Control,0.0949015285126209
Control,0.10084497616309654
Control,0.1647659908303183
Control,0.1017641082921023
Control,0.06779082602880471
Control,0.017619225824689916
Control,0.11101949912648537
Control,0.1703953285812667
Control,0.16125789480730313
Control,0.07127160784127054
Control,0.0572132809106323
Control,0.1768095240810909
Control,0.1648765241554881
Control,0.13559813696139364
Control,0.09941988120243833
Control,0.1558935760521437
Control,0.254749040406949
Control,0.11855649137443791
Control,0.13396160239758698
Control,0.12349278193253738
Control,0.15209984805937463
Control,0.13579550129646972
Control,0.12312768820004588
Control,0.05964334719422937
Control,0.11921962368049749
Control,0.26215518437899077
Control,0.13753858298362298
Control,-0.09003291215120485
Control,0.12857311545407094
Control,0.14219853497933652
Control,0.15926586385554692
Control,0.19028836548527747
Control,0.04394299316831521
Control,0.12876292960167995
Control,0.047273613271638815
Control,0.1331315220000353
Control,0.1525664325541876
Control,0.09266478368138259
Control,0.14004265836781613
Control,0.171294635089079
Control,0.05190140068730384
Control,0.13140030170364125
Control,0.07641558337503981
Control,0.16940020305522976
Control,0.16452259044583425
Control,-0.0050552803005528835
Control,0.11197204580540909
Control,0.11909284911958401
Control,0.13029212105101434
Control,0.006979617187410692
Control,0.09453940776944028
Control,0.11898119779201921
Control,0.20037361982807
Control,0.17848867676329852
Control,0.2228824103556349
Control,0.16916271077350628
Control,0.18468948231891644
Control,0.17124432119371633
Control,0.2399274465631083
Control,0.12409464870408227
Control,0.13386937248268255
Control,0.18577482030543196
Control,0.0950036902092771
Control,0.10417479914566347
Control,0.18163342739028676
Control,0.19882975055222527
Model,0.13111722662031583
Model,0.19569104052706307
Model,0.13199707736139712
Model,0.1278201422696661
Model,0.12153917836770833
Model,0.17123743642532707
Model,0.144896815453086
Model,0.14354988351181866
Model,0.16215317743677757
Model,0.21611568813472817
Model,0.10123594395957533
Model,0.23732046485611696
Model,0.14240634640722372
Model,0.1443571413108205
Model,0.2272910623911897
Model,0.1794041298172014
Model,0.13552848551185634
Model,0.09786788263714302
Model,0.1594696920718105
Model,0.24877037318919681
Model,0.1909507798776446
Model,0.14186133402778683
Model,0.1294916958580315
Model,0.05677459810091101
Model,0.21019931421630758
Model,0.16207886765500243
Model,0.11441756916152462
Model,0.22769962133239613
Model,0.18942770032978376
Model,0.12736574981523596
Model,0.14116129946947895
Model,0.13902578385777298
Model,0.10957154056831878
Model,0.051912047990588434
Model,0.11838250275838336
Model,-0.005794890482423043
Model,0.13592585871450877
Model,0.08453282703922743
Model,0.142371042649217
Model,0.20410663015733463
Model,0.18591305736448185
Model,0.16690218714434435
Model,0.0048698916483084775
Model,0.1727172675871663
Model,0.08271745030032085
Model,0.15410417364858334
Model,0.04775070546064089
Model,0.030056086139402555
Model,0.11790413561473323
Model,0.09541884194249692
Model,0.20859598156600492
Model,-0.0809265761869807
Model,0.14439146056223076
Model,0.2574911319558304
Model,0.14940468975267016
Model,0.27649993428684266
Model,0.25590685564804505
Model,-0.006673554512968027
Model,0.0997064253824079
Model,0.23052895388076936
Model,0.006174142278290662
Model,0.1982651859887335
Model,0.0995603714765381
Model,0.15600333046354978
Model,0.13928581785863328
Model,0.06399052345101519
Model,0.09858950045595202
Model,0.043579641459644713
Model,0.13455959998378517
Model,0.1666390051942738
Model,0.16159264924401293
Model,0.03000168464122674
Model,0.12371903066518183
Model,0.04806272109083776
Model,0.11898345027613133
Model,0.004924662602253438
Model,0.2139907394896117
Model,0.15526064795129407
Model,0.09285260974497034
Model,0.09203979296561998
Model,0.1501965627090854
Model,0.09540458686375697
Model,0.16049974525519706
Model,0.12672747098482573
Model,0.13264220188825557
Model,0.12099814208986501
Model,0.1882612715862534
Model,0.1457737047005125
Model,0.07776667182660821
Model,0.187933821476157
Model,0.19900407825691113
Control,0.0
Control,0.26257587010778044
Control,0.16491217942806657
Control,0.26483074903753956
Control,0.2556725434767894
Control,0.08777735172173917
Control,0.15825279115168678
Control,0.10242450283788387
Control,0.18104975252778766
Control,0.13655627850306074
Control,0.20417660547870986
Control,0.19662525661812977
Control,0.22778745439140294
Control,0.14304629297160784
Control,0.10893692665940014
Control,0.20841025987197723
Control,0.05542492361504628
Control,0.14451739999362856
Control,0.19497901593296554
Control,0.10255678966558368
Control,0.08871725590332694
Control,0.05098844830407745
Control,0.12704223480777466
Control,0.11757172150755407
Control,0.10327626935880188
Control,0.1371882748577241
Control,0.06808052154687735
Control,0.10110153860870413
Control,0.1237255968111946
Control,0.1598446152547796
Control,0.10675031498257265
Control,0.15329200421421554
Control,0.14911320297215694
Control,0.14240524003338256
Control,0.09248428294225414
Control,0.214284894059733
Control,0.12483324494250245
Control,0.1959109104330856
Control,0.10918245001913046
Control,-0.05867998187358564
Control,0.1271677970088844
Control,0.06811193233083854
Control,0.16460688815866426
Control,0.021035327693424644
Control,0.11240812634411732
Control,0.083250325659047
Control,0.10405722509658455
Control,0.057192133953472946
Control,0.20113961646123607
Control,0.06751074931826212
Control,0.03454055534956049
Control,0.08019556887572427
Control,0.1699760051874014
Control,0.12681342247736493
Control,0.09585316922752354
Control,0.0956240472453361
Control,0.11404044632130245
Control,0.17462994967283083
Control,0.13239046110623126
Control,0.09147496825476553
Control,0.06227969279390247
Control,0.08931786280411941
Control,0.05365200631461681
Control,0.007640928063238489
Control,0.16865699493233843
Control,-0.01562747216410726
Control,0.10080302838099042
Control,0.202768450862455
Control,0.16419174307033238
Control,0.1186802242378992
Control,0.018636145121277786
Control,0.17459504341202037
Control,0.0825669742879793
Control,0.07546436135452594
Control,0.10646343211266507
Control,0.10343112116274628
Control,0.1669106321324207
Control,0.03982390056352819
Control,0.11762553499959652
Control,0.15533289050843274
Control,0.08254006594718499
Control,0.19798691416265174
Control,0.1687513527397062
Control,0.16236209869384766
Control,0.18373640112520728
Control,0.07216706170950715
Control,0.17240967652204972
Control,0.21669174197525484
Control,0.12647197211998096
Control,0.18864203363225082
Control,0.18973039132163944
Control,0.23309893645304633
Control,0.23002308401109914
Control,0.16620047249257097
Control,0.19911863958024928
Control,0.176152167644522
Model,0.18616208836120637
Model,0.15253840933409554
Model,0.13549004231009595
Model,0.18362659661134617
Model,0.2479770380251915
Model,0.1446502980845695
Model,0.07950656390110386
Model,0.13046120055676036
Model,0.17015633601674535
Model,0.10207568037602946
Model,0.17088666023352206
Model,0.1626179815003173
Model,0.2444439174871115
Model,0.07807371947278943
Model,0.24869877359141473
Model,0.0950800607701475
Model,0.08051751097176255
Model,0.08902069510956404
Model,0.13695209733352745
Model,0.12814803958072044
Model,0.13789318663087843
Model,0.07069243376071638
Model,0.19796609599454745
Model,0.18698346867343385
Model,0.16087841947740536
Model,0.0073219147015574915
Model,0.18084338423666216
Model,0.19128084448534777
Model,0.17687043683850515
Model,0.22983856929451593
Model,0.14336833254815212
Model,0.11010345042482797
Model,0.07702999855230752
Model,0.20666775655586983
Model,0.1214590980323528
Model,-0.007052586296596108
Model,0.14565299426432837
Model,0.1176617056496832
Model,0.16774029396848136
Model,0.13939226856465592
Model,0.1535246757626401
Model,0.12295529674925534
Model,0.04235145027687984
Model,0.1222383367310931
Model,0.1432511124722535
Model,0.1406138470871924
Model,0.14644960615547206
Model,0.16060520773348602
Model,0.18933502115400608
Model,0.14520579197733696
Model,-0.014987125843264984
Model,0.3344743708968827
Model,-0.0016873559292609197
Model,0.095782463765862
Model,0.17077247913067156
Model,0.09042913246580059
Model,0.16573863869393818
Model,0.15399185404463886
Model,0.1287915766438513
Model,0.09792720713344305
Model,0.14883263321092963
Model,-0.01804852970733556
Model,0.05641034395001007
Model,0.17260297259093657
Model,-0.034506144996736626
Model,0.11438095396843512
Model,0.07193355974943741
Model,0.11208288227036645
Model,0.10093668731159988
Model,0.14361200842968994
Model,0.21716371015827263
Model,0.12150615128120582
Model,0.10910001613091733
Model,0.20942366295966547
Model,-0.03552927347595741
Model,-0.07298633379813954
Model,0.21390803003789588
Model,0.2386865219809406
Model,0.09245095949374979
Model,0.22524815644973364
Model,0.13438260076835404
Model,0.04567541545848783
Model,0.023608291826917982
Model,0.06940606824530407
Model,0.13287798417451788
Model,0.09526893606154019
Model,0.09171114664279764
Model,0.174773997553482
Model,-0.15578871506911057
Model,0.0
Control,0.22976436822310736
Control,0.18478821299413642
Control,0.27858584886676363
Control,0.2592004814009735
Control,0.09609687514395487
Control,0.12138355203562626
Control,0.2468882392481418
Control,0.16284929270728377
Control,0.1850856856225991
Control,0.16559872552835553
Control,0.16958533773985726
Control,0.13339487405923697
Control,0.22112758701860308
Control,0.14491939770603926
Control,0.04412985180266857
Control,0.1890551802040874
Control,0.11392987884140862
Control,0.10399423727356602
Control,0.21429759204188317
Control,0.12091613028493345
Control,0.21000727522732024
Control,0.1291093871479183
Control,0.17468191415835652
Control,0.13599349915516148
Control,0.2934652141636962
Control,0.025599566457529394
Control,0.04099278479249713
Control,0.22415821740991426
Control,0.16145660127684425
Control,0.05302749775192281
Control,0.15676205719062186
Control,0.08514220167030329
Control,0.17397841150013768
Control,0.11739625765992914
Control,0.1351679820015013
Control,0.1393615024677221
Control,0.21403719270508426
Control,0.16393847037584355
Control,0.05871472231121766
Control,0.11244483629330876
Control,0.10702286801875105
Control,0.10573766223563
Control,0.06175313971380195
Control,0.1175890751639869
Control,0.1519809097483538
Control,-0.07761208046904641
Control,0.11553795567590128
Control,0.04099220243451854
Control,0.21398743671451256
Control,0.16503651950138737
Control,0.08635524941926018
Control,0.17097766702390435
Control,0.023999166395619026
Control,0.01159270737349255
Control,0.13011875785181223
Control,0.10476829335841048
Control,0.1772631176870935
Control,0.17942600066845232
Control,0.10007716501038211
Control,0.1301148192273866
Control,0.03444562747725674
Control,0.04622437902118848
Control,0.07908443769350765
Control,0.10600504508385292
Control,0.13951735512468727
Control,0.12981653565680035
Control,-0.2147347440687709
Control,0.20027691850162538
Control,0.12256326218246746
Control,0.041573135616255724
Control,0.13869665843853055
Control,0.08550148179034059
Control,0.0892210053228083
Control,0.16060156500592013
Control,0.08690197897063717
Control,0.10960256481914885
Control,0.08175881391384929
Control,0.1575088178035009
Control,0.16339987230673014
Control,0.1851839366698079
Control,0.20773297063217247
Control,0.24064215223658975
Control,0.04068456638351067
Control,0.17017636556954954
Control,0.2078071630652267
Control,0.2308566584900736
Control,0.13315609014419677
Control,0.23406609803139167
Control,0.23091897451492188
Control,0.19299822879608391
Control,0.1672140240270557
Control,0.15791450402675533
Control,0.1275461481566413
Control,0.2281099580469206
Control,0.134789525864515
Model,0.11130373932446125
Model,0.11400331050124324
Model,0.16967042273900979
Model,0.213359223560346
Model,0.19106333351454208
Model,0.12215895517215283
Model,0.042973438965171196
Model,0.1819999151538181
Model,0.08561550521000041
Model,0.17534382486821815
Model,0.0918628433875017
Model,0.219616565151491
Model,0.061532055720304846
Model,0.14465600551171445
Model,0.22869893247334325
Model,0.0759724742725674
Model,0.08397507521353967
Model,-0.016667506833007356
Model,0.09225170648217601
Model,0.1997060315930591
Model,0.03573160360223607
Model,0.13455354848434295
Model,0.19019601350378165
Model,0.13706658835395125
Model,0.1555096685819934
Model,0.08967527338493628
Model,0.23140945960845438
Model,-0.1800686380137568
Model,0.1986342002715554
Model,0.0892505772004824
Model,0.22476833945798505
Model,0.17824459182245944
Model,-0.0007776439256359791
Model,0.08815451263716917
Model,0.03810774555705995
Model,0.13465736342911735
Model,0.1555784031698935
Model,0.1653949310681227
Model,0.06911012746285702
Model,0.10917135053122193
Model,0.142699053587855
Model,0.16146222723766315
Model,0.11025086301093384
Model,0.03771068306936737
Model,0.06840257381515757
Model,0.21314069166895805
Model,0.15886977896376728
Model,0.05003052763848531
Model,0.19980581242636825
Model,0.16243964101425648
Model,0.8003316794749487
Model,-0.047142264835013194
Model,0.2337594578497386
Model,0.03968711986456694
Model,0.18370693769210425
Model,0.13924809097579222
Model,0.07571689141633917
Model,0.0794630162957786
Model,0.15091703328799244
Model,0.1339417452796247
Model,0.15755025386278715
Model,0.17321902613177348
Model,0.11686377880166607
Model,0.1265642409074798
Model,0.09901263608847444
Model,0.1407003434605423
Model,0.11043095641843184
Model,0.11507359648760876
Model,8.221008838751875e-05
Model,0.3214889028532184
Model,0.08482385000656281
Model,0.11463997110209467
Model,0.02199502048418009
Model,0.04153566668796435
Model,0.028581427491229522
Model,-0.012596132298111268
Model,0.14993707126332498
Model,0.14718507417999913
Model,0.15407097452593219
Model,0.2009673509310719
Model,0.19618632734951497
Model,-0.05140526245536081
Model,0.1530589665324659
Model,0.10375151393671367
Model,0.057477770707546144
Model,0.21387095900549408
Model,0.07368999859162398
Model,0.17256604668288725
Model,0.2806735456056287
Model,0.02221119855691492
Model,0.3215074699990858
Control,0.6453898384951163
Control,0.2293370959484989
Control,-0.16609010728306595
Control,0.19262636923869716
Control,0.2005859780869755
Control,0.13239391013531382
Control,0.2007578683138691
Control,0.19967809821185192
Control,0.04128575471199741
Control,0.2184886246620612
Control,0.17444877361374156
Control,0.1490793108541431
Control,0.20903750845421118
Control,0.22986284958213202
Control,0.1212315401238874
Control,0.11236986448134867
Control,0.142484329615947
Control,0.1607769841998982
Control,0.18501211913798832
Control,0.08846283091882132
Control,0.11778190064191021
Control,0.1461805447421079
Control,0.10206114893640034
Control,0.0748832469666948
Control,0.08041529558441182
Control,0.22508057649584787
Control,0.2429219688991772
Control,0.26696418413483314
Control,0.0722925276261907
Control,-0.01545166078884333
Control,0.09848602592878647
Control,0.057660649319822066
Control,0.07405320158770251
Control,-0.04772018263305444
Control,0.1301681714977575
Control,0.14495011768745072
Control,0.1575888734198733
Control,0.1226078801463413
Control,-0.0448115247414928
Control,0.09579959927062395
Control,0.16163962767142784
Control,0.10472318812490439
Control,0.20249503060195229
Control,0.10703423615947882
Control,0.10085838461666471
Control,0.10535023370581195
Control,0.18197732373091957
Control,0.14684952461599904
Control,0.09203650760012724
Control,0.11660941043160564
Control,0.07577276562102794
Control,0.141702613437189
Control,0.09311756568077284
Control,0.0782917720684107
Control,0.2229079805488969
Control,0.05305256838250985
Control,0.12159101061996408
Control,0.15273405038393462
Control,0.10713969225867537
Control,0.13925832928622447
Control,0.12191971448751596
Control,0.24534285666551878
Control,0.1425659152177664
Control,-0.007232785424261201
Control,0.20097801092609247
Control,0.17422151445943776
Control,0.10350597901487829
Control,0.2097419510982773
Control,0.14969777582481156
Control,0.17650561042985521
Control,0.057965445744419836
Control,0.09300599522149414
Control,0.007869855017965055
Control,0.15117361234581989
Control,0.11084222075931205
Control,0.16498981032483154
Control,0.09244436105358161
Control,0.1720888917661431
Control,0.26385102609594
Control,0.07444584057349693
Control,0.12430280015088513
Control,0.1412778340587382
Control,0.1902899549424715
Control,0.17246726537362123
Control,0.04761054450718724
Control,0.1274176394793235
Control,0.18502659941198035
Control,0.20176277538074167
Control,0.1380457568461015
Control,0.2053256688708047
Control,0.15474559803604412
Control,0.07617844593033213
Control,0.22108945386731374
Control,0.23477086255382934
Control,0.1569506372496436
Model,0.14370518278251654
Model,-0.01993493278954206
Model,0.14225231046261994
Model,0.07781813827778317
Model,0.041419576110116874
Model,0.11340342988670202
Model,0.15602795336158778
Model,0.19818440714275826
Model,0.13183552099842422
Model,0.13124460148040534
Model,0.05153841976338008
Model,0.16424989593999173
Model,0.16236922201371382
Model,0.058823754290407454
Model,0.1646007096089647
Model,0.17728426424555954
Model,0.11894670025826565
Model,-0.005876955313560306
Model,0.23202048894952373
Model,0.08652348495778961
Model,0.153571043391956
Model,0.2377661436032026
Model,0.14120095257243453
Model,0.20133557872495791
Model,0.16740007823127567
Model,0.11024964061734935
Model,0.1610890545839716
Model,0.15804107651662666
Model,0.08465665093765343
Model,0.15764999123852919
Model,-0.002686682087654796
Model,0.08709700084981842
Model,0.09186709325847817
Model,0.1796581410245353
Model,-0.07242972588990974
Model,0.15801207118209787
Model,0.12251627438576057
Model,0.08381648220479021
Model,0.20295942308113327
Model,0.19704935449687402
Model,0.15918775997565873
Model,0.18265593796137852
Model,0.15687499862317925
Model,0.15687017895306232
Model,0.2520840556060723
Model,0.1131479471024861
Model,0.08024980524843484
Model,0.17509533569565586
Model,-0.0006992281347081297
Model,0.16598954062530957
Model,0.345784351711422
Model,0.2450418299522953
Model,0.20140277316073243
Model,0.26769240245372555
Model,0.22502183409173085
Model,0.1189131154663188
Model,0.11031712975390381
Model,0.15967797940657158
Model,0.11746440969050398
Model,0.12999143568568405
Model,0.1810142018457453
Model,0.08906984721272018
Model,0.07075230626092438
Model,0.15466725653496344
Model,0.01582287499471388
Model,0.01870184944093292
Model,-0.03695657287818796
Model,-0.007964729266023152
Model,0.12828489270896018
Model,0.17763260109900364
Model,0.12441264347089173
Model,0.12556602810005946
Model,0.08816125480626338
Model,0.11123201241062636
Model,0.11729486471035808
Model,0.06812612381800093
Model,0.04563013420190032
Model,0.05630838226448065
Model,0.1767770891870012
Model,0.01269797683426635
Model,0.19336535593073237
Model,0.0856193406393164
Model,0.002990023481141496
Model,0.19036535940308505
Model,0.016758175863735902
Model,0.15075555506890168
Model,0.19052346281649146
Model,0.1548633128902984
Model,0.19799827253539426
Model,0.2561162195875493
Model,0.2140520169184758
Model,0.2306376723541464
Model,0.4371098462022932
Control,0.4608424527190601
Control,0.22972330374595445
Control,0.19390104779165854
Control,0.26631643235218294
Control,0.05321976093942904
Control,0.16395860093094433
Control,0.15794874034996415
Control,0.14654382561627308
Control,0.18538643989541725
Control,0.06584296743473747
Control,0.15328492169396135
Control,0.22593341131539915
Control,0.2119364038093167
Control,0.12142529096890453
Control,0.17429099965387893
Control,0.13514372364201543
Control,0.1728869364280233
Control,0.22058128074658753
Control,0.16820344970111994
Control,0.07965666886290312
Control,0.12204242031709805
Control,0.23677558750080294
Control,0.1987740841996311
Control,0.1326809510206565
Control,0.15269548172669
Control,0.030551818568039374
Control,0.26504895293725905
Control,0.06351269288206579
Control,0.11659902314278592
Control,0.12025821488039151
Control,0.13282395080313367
Control,0.11507295425918987
Control,0.10053874304727833
Control,0.0674224478611048
Control,0.061962606582620344
Control,0.09966071506540644
Control,0.17885352377110103
Control,0.18823897798723202
Control,0.12106379311751891
Control,0.1245861242181614
Control,0.12110734676969223
Control,0.10251901474020286
Control,0.027405249501018886
Control,0.16693237779398296
Control,0.09930110223583025
Control,0.021128388817360844
Control,0.040189198227630424
Control,0.14671294319722697
Control,0.12666825586338107
Control,0.12756393851510925
Control,0.09955230498127846
Control,0.17111522936103335
Control,0.117283030231395
Control,0.10717587068328091
Control,0.05379881408302281
Control,0.12976155312962356
Control,0.146752920969407
Control,0.1510726160296097
Control,0.16563405307506107
Control,0.08601462110096264
Control,0.10348964687706766
Control,0.15216918839525886
Control,0.14717536599872635
Control,0.1360409682411015
Control,-0.07381707001290591
Control,0.18546085825466124
Control,0.18862100747915414
Control,0.06785014461115452
Control,0.10311610323928272
Control,-0.05906869226873518
Control,0.015585599535683725
Control,-0.029179020735996875
Control,0.13653387393441088
Control,0.07944873184663395
Control,0.2265135960169593
Control,0.06389014012571692
Control,0.1510779198462615
Control,0.1492763026768016
Control,0.15384275166353123
Control,0.22948746830058867
Control,0.08719523714537605
Control,0.1689205969722242
Control,0.008705592740206686
Control,0.04541472806579691
Control,0.11313823819027566
Control,0.06979100534083982
Control,0.10284165674228732
Control,0.21183161259760694
Control,0.08792070275299257
Control,0.09063735454776214
Control,0.06467784182017994
Control,0.13548443083513273
Control,0.11903857267819917
Control,0.10065011090392384
Model,0.03388877636612858
Model,0.14035033528488483
Model,0.09421573441429948
Model,0.08303830190380013
Model,0.11954501719777799
Model,0.1785217156777015
Model,0.05096992448287932
Model,0.13309158834991117
Model,0.0640402275450121
Model,0.10119654568807207
Model,0.27131945712111866
Model,0.1627362718018667
Model,0.06608768476956134
Model,0.13016289213429327
Model,0.20025616465603627
Model,0.21755246281490945
Model,0.13791562256339931
Model,0.05044382292291391
Model,0.11543531488282494
Model,0.2383415357457887
Model,0.09691037508423381
Model,0.08876831502287152
Model,0.12224504142301937
Model,0.15585187778557952
Model,0.21098048072993555
Model,0.1729045315596837
Model,0.08237442164915462
Model,0.1311484871633608
Model,0.15679001396183453
Model,0.22449982804199525
Model,0.1713536599009332
Model,-0.000879111165054125
Model,0.12247870232880845
Model,0.1587191033389922
Model,0.11985399438651775
Model,0.0777463859804764
Model,0.11879106442399379
Model,0.1832489536757453
Model,0.20127534680276143
Model,0.16822563033704643
Model,-0.0055532242807921905
Model,0.16895214025525077
Model,0.180194138284511
Model,0.09009737341167404
Model,0.1496131864014012
Model,0.13069904554913542
Model,0.12421267008701695
Model,0.14588600629681062
Model,0.12294318544426092
Model,0.018488381751537858
Model,0.17055816009823427
Model,0.005314599112124757
Model,0.04643647168392323
Model,0.043475922865745364
Model,0.16835864677344148
Model,0.009749436059524386
Model,0.08835072979879219
Model,0.2060813025354409
Model,0.13843268840475095
Model,0.05936128791492251
Model,0.1957694628299811
Model,0.14101196584627113
Model,0.015795143219406643
Model,0.2259027995127632
Model,-0.09225913759325129
Model,0.14899495931772086
Model,0.22032559795124476
Model,0.027432263628429127
Model,0.21857546138657108
Model,0.1367191863697907
Model,0.12384680601266715
Model,0.19476201342898466
Model,0.2144055579152527
Model,0.08292865846202258
Model,-0.028286257582231772
Model,0.1417224036411298
Model,0.13729131075583703
Model,0.020451204300989928
Model,0.0779643375073521
Model,0.055883326658038385
Model,0.15118034321860457
Model,0.11496943627445724
Model,0.13101589938868646
Model,0.12471591761811254
Model,0.13283336408427995
Model,0.17008811042726107
Model,0.21308354417084321
Model,0.08817566125555051
Model,0.06843825918907837
Model,0.3072301549390539
Model,0.24989767723126025
Model,0.23929810617015246
Model,-0.03845577814108552
Control,0.0
Control,0.2851864506169705
Control,0.2171158938104891
Control,0.037845281321335245
Control,0.12892408767007
Control,0.15791740691249853
Control,0.14586640952555763
Control,0.1483415358574228
Control,0.20116623893895147
Control,0.06758231236916054
Control,0.2247881142457858
Control,0.08458901375299582
Control,0.1922522824477724
Control,0.03596402324295894
Control,0.1182025492922252
Control,0.14563179879948715
Control,0.11809363426306307
Control,0.24331087106579255
Control,0.2451804993277542
Control,0.13228340345614462
Control,0.11215819057945156
Control,0.17288092107677142
Control,0.07905777601095346
Control,0.26823554137345806
Control,0.1649292528031263
Control,0.09724504446637802
Control,0.15023704050908251
Control,0.03996873872070145
Control,0.12762876883265434
Control,0.11605842595913737
Control,0.14274029628090237
Control,0.12093612030065448
Control,0.16867902114106928
Control,0.08797252417408105
Control,0.17910409465415553
Control,0.20189386945105714
Control,0.07762202245070116
Control,0.14968559946636423
Control,0.035092984487114676
Control,0.14418040284079184
Control,0.141214285938769
Control,0.06130496155856843
Control,0.1501121793436499
Control,0.13172040004262425
Control,0.1379466442227231
Control,0.137031417626601
Control,0.10915709272807789
Control,0.022415320078531892
Control,-0.03901220995978502
Control,0.04049227216437776
Control,0.09856898974681247
Control,0.17264798718817126
Control,0.0811015653238116
Control,0.05329064694269575
Control,0.16738067635458578
Control,0.1586278889623108
Control,0.12802063687855053
Control,0.09239780623777255
Control,0.1655649370705935
Control,0.08927271437884174
Control,0.11106648605935682
Control,0.2252007470348873
Control,0.08392565983992356
Control,0.2225566828662868
Control,0.11911913416989003
Control,0.18778720893455855
Control,0.14048949777747743
Control,0.0766070441258791
Control,0.1676416347922556
Control,0.08664688670648513
Control,0.07143771362676798
Control,0.20518366150234058
Control,0.08193902506876152
Control,0.23103276516415733
Control,0.04734680631354768
Control,0.004761037552768715
Control,0.01088466619036535
Control,-0.02686294843520609
Control,0.1988281750492959
Control,0.2455334473347318
Control,0.12162721150429084
Control,0.05116165249111129
Control,0.07832796032745037
Control,0.0848802207172781
Control,0.11919957618649588
Control,0.11066744332861075
Control,0.19122584886774172
Control,0.0806650039610124
Control,0.1378788255661759
Control,0.12500062488526137
Control,0.15968656393729455
Control,0.14723545199918378
Control,0.14443574169673518
Control,0.15140396283488877
Model,0.12305061587256064
Model,0.1900681851300906
Model,0.11600596224318113
Model,0.09902711177749379
Model,0.1462765649010904
Model,0.12093689702160512
Model,0.12240899067658645
Model,0.11977177167284317
Model,0.0987253581799791
Model,0.16745494281169165
Model,-0.113601459873427
Model,0.19716567392466192
Model,0.1716790244465023
Model,0.15836167215902272
Model,0.16529984498103725
Model,0.10711434759290989
Model,-0.005621604297472077
Model,0.027690019695256474
Model,0.11090683644697685
Model,0.17562787282958608
Model,0.00017082717772176625
Model,0.19687413252316988
Model,0.18871150965674666
Model,0.24009797113263356
Model,0.1939899977234295
Model,0.12578989344429942
Model,0.04586296934746581
Model,0.1260332810041498
Model,0.0472750825228101
Model,0.019418184108691616
Model,0.10882457143885635
Model,0.10785029624218129
Model,0.1429829531024265
Model,0.14100287750014492
Model,0.06737614900637898
Model,0.14833837169468603
Model,0.13759782322274403
Model,0.17601076987807698
Model,0.15199277552473903
Model,0.19972777127422217
Model,0.11173964722898094
Model,0.12646510064136754
Model,0.05956452965337697
Model,0.12297972069934857
Model,0.0887147186857668
Model,0.18856497353135943
Model,0.024112495358040748
Model,0.006848354270492768
Model,0.12503319367384302
Model,0.049472932299908456
Model,0.1417039212840324
Model,0.1437916962996773
Model,0.21995081005819397
Model,0.1589078157641816
Model,0.15056536322586245
Model,-0.036635308494270186
Model,0.08344814397286679
Model,0.13687146653565543
Model,0.14656945016471837
Model,0.1722197817055012
Model,0.15916969119638635
Model,0.16905175310579298
Model,0.2339187585390531
Model,0.10780683628292786
Model,0.10483188885643063
Model,-0.02237155079974512
Model,0.0708185195125465
Model,0.24335323010001295
Model,0.05968244505034909
Model,0.002290472006186456
Model,0.3154644572748123
Model,0.041613370877843225
Model,-0.0023682290893733415
Model,0.1261826348942658
Model,0.09324086695876277
Model,0.14875235897774414
Model,0.09116669868014199
Model,0.03884252390866827
Model,0.04240327727967416
Model,-0.03544078848699528
Model,-0.00587232987351774
Model,0.01164806899152604
Model,0.068530797426783
Model,-0.04972656328675473
Model,0.1305455471759656
Model,0.16821257353094776
Model,0.1622032693928832
Model,0.12671958363574484
Model,0.1813841997048794
Model,0.21461714417107797
Model,0.17871448613595273
Model,0.2553646423612018
Control,0.30515180795620644
Control,0.22898142021502407
Control,0.25236408128387555
Control,0.02149392436845113
Control,0.19830071886247616
Control,0.16420461156030694
Control,0.08730816867705041
Control,0.16207129328014327
Control,0.16711134123828766
Control,0.1793380620886251
Control,0.19900419161869928
Control,0.07965753980836474
Control,0.24923806379205538
Control,0.28320630776842304
Control,0.03331485001937204
Control,0.11175315701709013
Control,0.0707425063801981
Control,0.11852226840745378
Control,0.1599073170818214
Control,0.10239323458676883
Control,0.18692304723903355
Control,0.2042751992692384
Control,0.12839976394987157
Control,0.059955267204488794
Control,-0.07470774710377723
Control,0.07889052444742942
Control,0.08187002747619698
Control,0.028679363304954714
Control,0.1676078291906827
Control,0.1329495945370184
Control,0.06333183810330822
Control,0.14298981075967304
Control,0.0656885619014668
Control,0.16642507608386056
Control,0.07908907516079733
Control,0.15302619168590942
Control,-0.030083331907606176
Control,0.14997077107828197
Control,0.16344373348431712
Control,0.05114551617814814
Control,0.15871877760658565
Control,0.12347285577418943
Control,0.13885910428620232
Control,0.11453791884674278
Control,0.09929599643683884
Control,0.04874504270362215
Control,0.16297373657375405
Control,0.11487925976282248
Control,0.17925799331537456
Control,0.16421627759136084
Control,0.12747638892702168
Control,0.12807058703274762
Control,0.07659428295084467
Control,0.13892342773169578
Control,0.21526850146992152
Control,0.07259899105382472
Control,0.13817057256050067
Control,0.11104491097206787
Control,0.05634196938213826
Control,0.12424302612791624
Control,0.022468220097829922
Control,0.004300699451961099
Control,0.15970321855151665
Control,0.11622872340639298
Control,0.09104368220204892
Control,0.09041288877144837
Control,0.19088725873592038
Control,0.07517579035083854
Control,0.0678513863413629
Control,0.093991281130375
Control,0.17220666296904702
Control,0.18323904707811878
Control,0.11619110549971412
Control,0.13900025034429236
Control,0.015288707670426532
Control,0.11683572096170788
Control,0.03528170275980547
Control,0.11125367275182749
Control,-0.009613511953066811
Control,0.13800013636798494
Control,0.1566961706016906
Control,0.13133854411517498
Control,0.10850131471818905
Control,0.15058874578911854
Control,0.15886315028935902
Control,0.05653896691940033
Control,-0.057284943169707586
Control,0.1571615210079163
Control,0.05090434362524199
Control,0.1402174474935202
Control,0.09581890911561589
Control,0.15082722656437117
Control,0.1586513964494601
Model,0.12242894600599238
Model,0.09570278345276012
Model,0.12788092173062837
Model,0.08851302607003661
Model,0.13558319672825875
Model,0.1890189478894407
Model,0.09018447712778116
Model,0.17274467416165795
Model,0.13817403122467073
Model,0.16160378527880512
Model,0.1588639084710724
Model,0.1511252172282973
Model,0.18964679597346412
Model,0.13815822064411412
Model,0.15984054991234106
Model,0.2513552130664073
Model,0.19101518452366859
Model,0.2627622041946802
Model,0.09031329970960503
Model,0.1321674389982702
Model,0.13951621227041136
Model,0.15045961687796092
Model,0.26369678987441386
Model,0.23236662528187935
Model,0.24255659309119285
Model,0.08276939784138229
Model,0.15387658504073568
Model,-0.06021185918662328
Model,0.2587785133417102
Model,0.08055172337337482
Model,0.08367532784059029
Model,0.11313232975527066
Model,0.18241966607977314
Model,0.16410288337613957
Model,0.23133273653627906
Model,0.17919360607895696
Model,0.15255375889232725
Model,0.1676721668562363
Model,0.23349733642378248
Model,0.08138531572709781
Model,0.10443571346127736
Model,0.1315194307229458
Model,0.10581432311165423
Model,0.046703563951196764
Model,0.15770336510478586
Model,0.11999831543851189
Model,0.12341421935603503
Model,0.1820354908206391
Model,0.20263258695868214
Model,0.11194990384273037
Model,0.11557100807942675
Model,0.10024070733101204
Model,0.11001917949089637
Model,0.15601738652789604
Model,0.12436832007490006
Model,0.09806444938632028
Model,0.09257534289173988
Model,0.0647817473347769
Model,0.12857859110752476
Model,0.043144780457219145
Model,0.11200287881636431
Model,0.19967345968138014
Model,0.16579831430611672
Model,0.18067326846064266
Model,0.21577310150150739
Model,0.1443921911012103
Model,0.04951416794937458
Model,0.20865053769072295
Model,0.030824305155338405
Model,0.13870234965214892
Model,0.08883392757662431
Model,0.0701245173828525
Model,0.09522097439005753
Model,0.14517597317562722
Model,0.11412208694279394
Model,0.11086973803763672
Model,0.13380258105936127
Model,0.06553168387184444
Model,-0.03473180313174143
Model,0.10584711875670996
Model,0.13812088926500302
Model,-0.01627327619720595
Model,0.1555880785254199
Model,0.17384773220372707
Model,0.0605734905670319
Model,0.0972314724156689
Model,0.024691084223314536
Model,0.250621946493253
Model,0.10240733689953521
Model,0.196959261245685
Model,0.20130359794250965
Model,0.436969212465063
Control,-0.08043442920697573
Control,0.336497643586651
Control,-0.15327943527578908
Control,0.22006264126287522
Control,0.27723939987595136
Control,0.12856057827820877
Control,0.2309781848520472
Control,0.17481107523077177
Control,0.15487050172875957
Control,0.1835542806946447
Control,0.10670273027558261
Control,0.15837934756092933
Control,0.03164725665131804
Control,0.18504929648859714
Control,0.2270358084569142
Control,0.11767373847855106
Control,0.14174706906645063
Control,0.10082227742525776
Control,0.20652149486435428
Control,0.16830136943421634
Control,0.15569526907326517
Control,0.08055140342202075
Control,0.19107384280350426
Control,0.13357817807723846
Control,0.027521363867565152
Control,0.16851268338253397
Control,0.0441110480987906
Control,0.1295562941360899
Control,0.128716829096859
Control,0.11635115247639258
Control,0.036874036459354
Control,0.16936955909133625
Control,0.10336903093118999
Control,0.06205046396191702
Control,0.11844439131759082
Control,0.1037593379600125
Control,0.12561148916731443
Control,0.07833351704853703
Control,0.18217493804667972
Control,0.06262928161068237
Control,0.16937856158551035
Control,0.09307038504941806
Control,0.04569144478875528
Control,0.09249905080699602
Control,0.10234345985761323
Control,0.1131836353337087
Control,0.1874427023274178
Control,0.0813337184380794
Control,0.1422767349443042
Control,0.12799492833872173
Control,0.11759492266536956
Control,0.10080514597387749
Control,0.16345936159625102
Control,0.1484119497414018
Control,0.21456703241320627
Control,0.13639483364130742
Control,0.14405048039711707
Control,0.10734363310578943
Control,-0.2151214446511157
Control,0.11028367021809454
Control,0.14936506163449323
Control,0.1827447999148332
Control,0.12465703733257097
Control,0.11069154639706563
Control,-0.06325633526512878
Control,0.20536309115198276
Control,0.12652222295535714
Control,0.03968510254303881
Control,0.1402621000108113
Control,0.0636249350066169
Control,0.05334390525435126
Control,0.10738306779127854
Control,0.15593563088339438
Control,0.18764536609351964
Control,0.12292022702420169
Control,0.13329904600396472
Control,0.027825578731570905
Control,0.13092686931956704
Control,0.22581449626148611
Control,0.03367773020679471
Control,0.08318510674845545
Control,0.14923127651746187
Control,0.13091228186353263
Control,0.06592055706674838
Control,0.1064586786920809
Control,0.09409950741690268
Control,0.26526077455501496
Control,0.09873965100168253
Control,0.09254248352220892
Control,0.1140821413318715
Control,0.07467037366252549
Control,0.13551413720533867
Control,0.06883281841458816
Model,0.1551338161778955
Model,0.07211287803075783
Model,0.1542014746097152
Model,0.13058101878384154
Model,0.10270232088456852
Model,0.1366935476677341
Model,0.031553453293399536
Model,0.16127786947333295
Model,0.06529094277151185
Model,0.04437009440350825
Model,0.1709448747677415
Model,0.10959575879268155
Model,0.11525800807553122
Model,0.1853399074728805
Model,0.2536048530336208
Model,0.0804319861474776
Model,0.11099636268987834
Model,0.2812991738983886
Model,0.15530136224285285
Model,0.22345838605227947
Model,0.20070614370879789
Model,0.15024318995417293
Model,0.17537998355750656
Model,0.21169339852986926
Model,0.1829273892086884
Model,0.1633303776765481
Model,0.24605254358804077
Model,0.003910468307758791
Model,0.20337660748557235
Model,0.06555905576002108
Model,0.11399588071914551
Model,0.14382170574322192
Model,0.11077082622277168
Model,0.1790296602142827
Model,0.20834488626839456
Model,0.17820207557019052
Model,0.17771547800189544
Model,0.2377811193200391
Model,0.21654948130366264
Model,0.11266799302669939
Model,0.11762378141367047
Model,-0.015059488274181965
Model,0.19500379644774543
Model,0.22562209007599152
Model,0.07064581894156924
Model,0.1699289852958858
Model,0.09314861285646622
Model,0.0935465799792023
Model,0.10085026150695986
Model,0.1453474409205459
Model,-0.06963501167935274
Model,0.14391403293928573
Model,0.05484485998334426
Model,0.14567727295717137
Model,0.11907219753882028
Model,0.18143853548511346
Model,0.0627082737791897
Model,-0.041649867459683104
Model,0.17196544596184057
Model,0.12851840609823711
Model,0.03339949731975628
Model,0.20303049042339177
Model,0.20159173742717457
Model,0.1722787000662507
Model,0.19017455038285444
Model,0.12419913989910183
Model,0.13252954685036822
Model,0.06096288684751408
Model,0.13399387203331375
Model,0.19185051976504802
Model,0.11152128159268912
Model,0.14155753440282814
Model,0.14034119869687217
Model,0.16532551139227653
Model,0.042193698776738425
Model,0.17666306065077766
Model,0.2404921777803895
Model,0.1065826258531781
Model,0.09712335045388179
Model,0.17922333039036034
Model,0.08337974721106928
Model,0.17989775860721582
Model,0.025070518421355964
Model,0.029383095145358445
Model,0.03053861816591244
Model,0.1398561117774002
Model,0.05551081995501567
Model,0.08022937161999535
Model,-0.15452931636950643
Model,0.15237515227850465
Model,0.30871793245657897
Model,0.0
Control,0.29872455591607916
Control,0.15384410908123852
Control,0.29747110518856323
Control,0.1932838702015786
Control,0.19191455043677902
Control,0.15613343643902935
Control,0.20890098803551033
Control,0.1567004347591762
Control,0.06694215237097598
Control,0.1699371405668482
Control,0.15505811508948456
Control,0.2152065618115258
Control,0.1442874027468023
Control,0.22592826484969358
Control,0.06498715962587523
Control,0.17584040491875996
Control,0.16016092866559492
Control,0.1599704227851519
Control,0.2110110022949933
Control,0.07464552271193353
Control,-0.02156670781946765
Control,0.17051380799632676
Control,0.004300294113797093
Control,0.06032388139860817
Control,0.022188706940233116
Control,0.0749350768932398
Control,0.20684511685451137
Control,0.09194975333867664
Control,0.16136915348843986
Control,0.03533062661106107
Control,0.1431416847235383
Control,0.12955380137283
Control,0.09689348251657473
Control,0.10027273097298747
Control,0.12064435516578564
Control,0.08878508638777463
Control,0.10315839150544662
Control,0.13294426573558796
Control,0.15544803578452254
Control,0.0989672195419686
Control,0.07308807082000784
Control,0.19945643657824666
Control,0.026274934660232174
Control,0.04046782389399467
Control,0.18130208058500769
Control,0.12518132277821487
Control,0.09901103420533994
Control,0.1289256932078928
Control,0.113634773321375
Control,0.12424166385944074
Control,0.14342422336506075
Control,0.026169010694476164
Control,0.21132696698208983
Control,0.1361293597364904
Control,0.04832670913226361
Control,0.06941003909743618
Control,0.13326468090282767
Control,0.15762228165714767
Control,0.07591747619635286
Control,0.2201784057096228
Control,0.24197472258156358
Control,0.13414594607475477
Control,0.25961330782210945
Control,0.10998370296580337
Control,0.1955178238476399
Control,0.13999715895955778
Control,0.0600855620276835
Control,0.16682416034515618
Control,0.23766057228164927
Control,-0.09202351671131692
Control,0.11892549688600776
Control,-0.09372001447805195
Control,0.0635525561628267
Control,0.16123279746426655
Control,0.04093703650843472
Control,0.032549185431256095
Control,-0.006939550373732312
Control,0.06098861724902424
Control,0.16985591212775528
Control,0.11624320534160704
Control,0.1331347245702244
Control,0.1491604147680361
Control,0.15542906688873054
Control,0.16526549516314248
Control,0.19007158053492754
Control,0.13857021100545008
Control,0.055924582242168314
Control,0.11114923943378188
Control,0.17752659493598383
Control,0.18341925723629782
Control,0.07057648139653797
Control,0.043683173265744224
Model,0.14632743391039113
Model,0.011676258931856337
Model,0.06241055854586852
Model,0.1663870477889028
Model,0.1472166522822385
Model,0.14689997778821282
Model,0.09597607187868629
Model,0.12899024882577068
Model,0.2511699799045405
Model,0.12670115908917245
Model,0.052102398978693704
Model,0.13052270603817842
Model,0.10519256008375716
Model,0.1452276923318903
Model,0.15229215350836814
Model,0.17946135253544765
Model,0.1548164567288215
Model,0.378016330858271
Model,0.26555798324852886
Model,0.2755871668308475
Model,0.1905490032406555
Model,0.14679277627630247
Model,0.03968926682785867
Model,0.15637265984695758
Model,0.10413592768087565
Model,0.07239039200737057
Model,0.20754978289970985
Model,0.1499121007047502
Model,0.19900573775122396
Model,0.2141165333315149
Model,0.20918778525281242
Model,0.17827334624601976
Model,0.2125451498339939
Model,0.14283554304137808
Model,0.17731867918335606
Model,0.029687675013058412
Model,0.2517220019762598
Model,0.1091421086386826
Model,0.16911748765968826
Model,0.13278316760408707
Model,0.18051436805937732
Model,0.20840999367776655
Model,0.180875194511286
Model,0.14194499276819306
Model,0.11564705470201034
Model,0.12997954452582694
Model,0.20515857970834178
Model,0.19944980723934957
Model,0.04492106113412575
Model,0.08045595452405407
Model,0.1505790172744887
Model,0.023863074239945575
Model,0.12889875775595572
Model,0.14679946628302634
Model,0.12680072582419233
Model,0.08253586558062365
Model,0.20917460777554892
Model,0.12719803762808024
Model,0.24079708218441628
Model,0.13236671799135577
Model,0.059862470812887925
Model,0.05052628073272364
Model,0.07001746139398785
Model,0.13463872332238036
Model,0.16520051653169868
Model,0.1449949231036132
Model,0.17090171382844516
Model,0.0799164083623301
Model,0.1481701470537728
Model,-0.10796881413114244
Model,0.11915559174623777
Model,0.0372735639346749
Model,0.09511066679173091
Model,0.16750085912021906
Model,0.15758841837794754
Model,0.029061346415559047
Model,0.1937997907300458
Model,0.13922120416443484
Model,-0.03521095171421268
Model,0.06977572243083413
Model,0.1756397348848341
Model,-0.06516790546169515
Model,0.16599259381841788
Model,0.09451795474874267
Model,0.1255954632259399
Model,0.1778297971855172
Model,0.26983180186953165
Model,0.15105637499321264
Model,0.20670778695556233
Model,0.1575528928800304
Model,0.3068850922876909
Control,-0.060272025424102475
Control,0.3482429811122559
Control,0.22124332581608322
Control,0.300160548758746
Control,0.19646582994174
Control,0.0783006428609059
Control,0.15407300380825864
Control,0.09462743512497032
Control,0.1460003557811214
Control,0.11855102362840073
Control,-0.02507001792839672
Control,0.23647116299058282
Control,0.11454239510905115
Control,0.1169874706661688
Control,0.16595983890652524
Control,0.17006616900730026
Control,0.19435847882044355
Control,0.07416402203848
Control,0.07566182788797846
Control,0.15384548643360968
Control,0.12729447295966087
Control,0.1376889137387143
Control,0.09622228491133539
Control,0.08763698431161734
Control,0.1570192381423984
Control,0.0888937993458947
Control,-0.030814085716387912
Control,0.16140298925780402
Control,-0.019004393979458495
Control,0.16746816799925054
Control,0.15178356175970206
Control,0.06715518422217143
Control,0.0834105824812865
Control,0.07399083692227451
Control,0.1314602598564548
Control,0.22017134338982797
Control,0.06473606140451418
Control,0.08746654439796442
Control,0.22237105220722383
Control,0.1330750291562798
Control,0.08459357340864782
Control,0.12360788959856148
Control,0.18675971469751568
Control,0.06510905810157322
Control,0.16802988416508022
Control,0.12262009650701394
Control,0.03853207082386931
Control,0.1423085457505191
Control,0.2033333900647286
Control,0.08218686902270536
Control,0.022301242835279844
Control,0.14415895128196965
Control,0.1914159896780416
Control,0.18325151248919128
Control,0.1480322850321979
Control,0.10544156755757839
Control,0.15171329937916803
Control,0.07634927490217364
Control,0.11789665293932758
Control,0.24393769543838073
Control,0.28344884179241814
Control,0.025134635543079015
Control,0.3085312463235164
Control,0.15541247340747744
Control,0.09737350908808884
Control,0.26921823537735107
Control,0.08893847684796438
Control,0.12823509897542507
Control,0.18643633843531446
Control,-0.07544827756940188
Control,0.0022986492052790575
Control,0.1160107163282541
Control,0.03887479613590136
Control,0.11107621450753782
Control,0.09925477640285937
Control,0.12459408153791224
Control,0.13060124861356806
Control,0.1042293865013548
Control,0.16829575822504866
Control,0.07230721601807286
Control,0.0026220309827373056
Control,0.06379983270978978
Control,0.09277774823814997
Control,0.11056119529167016
Control,0.17020421961079474
Control,0.143266233579238
Control,0.02810028590751995
Control,0.14670337734945374
Control,0.08908133070870256
Control,0.09022904731491069
Control,0.06851335220379443
Control,0.17712029206712906
Model,0.12806267895161638
Model,0.125376159663716
Model,0.21644001780545033
Model,0.043493381843651924
Model,0.056465938205570165
Model,0.0882907493191552
Model,0.11633893751114638
Model,0.08211724069737802
Model,0.11172125258440427
Model,0.11893379960703343
Model,0.11380972165859396
Model,0.10214468374964653
Model,0.12800850131971514
Model,0.11715237166703477
Model,0.13284855423165007
Model,0.11814922194018412
Model,0.23725773272838613
Model,0.4726725666552217
Model,0.23579893821856648
Model,0.37289148868127014
Model,-0.02354729055959644
Model,0.27244050181164525
Model,0.20923939609740222
Model,0.21176167754425254
Model,0.16748377723970273
Model,0.3108668436307705
Model,0.12861301574685768
Model,0.1869535350480606
Model,0.20193417375303033
Model,0.21805251721155683
Model,0.1394761952269436
Model,0.11946669370434357
Model,0.15649864227078034
Model,0.21111548863924468
Model,0.014158651581576032
Model,0.06566961426931611
Model,0.2033023488694343
Model,0.15088415876811695
Model,0.12001515750502265
Model,0.2807821476605691
Model,0.1689718169645056
Model,0.18869238779563438
Model,0.13189300432917533
Model,0.06759368462971888
Model,0.08989786350873272
Model,0.12272025005208739
Model,0.20417721787158194
Model,0.08294563475526961
Model,0.10710643824924992
Model,0.16546923327472565
Model,0.09163299996983115
Model,0.09623489956659087
Model,0.01552118053670179
Model,0.13102781905511282
Model,0.09740996952173833
Model,0.11813759192442286
Model,0.15542066017520867
Model,0.07529620402632747
Model,0.12019495847100267
Model,0.1525098282092125
Model,0.1847013255026827
Model,0.17311889125883512
Model,0.12407518788723643
Model,0.08555171820630994
Model,0.07442435080656906
Model,0.1860334579495416
Model,0.15999894596661213
Model,0.11470328326209334
Model,0.090609341295002
Model,0.13306276481951626
Model,0.08037121971049568
Model,0.112730638239296
Model,0.20901814405468924
Model,0.11485063498102571
Model,0.11759810523444594
Model,0.06262218580065232
Model,0.04080597466582572
Model,-0.042563174812822985
Model,0.2524136436424128
Model,0.04805058400367812
Model,0.041163066757163885
Model,0.11533597865896747
Model,0.14108841142792636
Model,0.1647911142213156
Model,0.16496315927409808
Model,0.16760292446600022
Model,0.17761376510097032
Model,0.1705719338877411
Model,0.002694314472385606
Model,0.302702986144169
Model,0.0
Control,0.23418914660429346
Control,0.2688001758411709
Control,0.16658228908228367
Control,0.3233114528815483
Control,0.19856462045391
Control,0.22643724864674783
Control,0.14405984357580823
Control,0.24046427416828034
Control,0.15169019563540967
Control,0.17743129780725758
Control,0.16947826786317685
Control,0.2070857578828316
Control,0.21310144470155307
Control,0.297297821395772
Control,0.13330133005129455
Control,0.1211198787625418
Control,0.13862922173014186
Control,-0.06605058639344563
Control,0.14032069004764794
Control,0.1776160072190573
Control,0.16339151569566332
Control,0.16464651547945464
Control,0.09242071249546147
Control,0.12689979871114093
Control,0.03844496471560252
Control,0.15103194399953818
Control,0.08436572751073934
Control,0.010820554118757125
Control,0.14534434127967094
Control,0.19579455020568573
Control,0.10771300255787145
Control,0.11593664835395093
Control,0.13896811885578578
Control,0.11462297008986458
Control,0.08425762820802005
Control,0.1431690232543775
Control,0.1815759188089615
Control,0.08552789914036543
Control,0.12336471965879103
Control,0.1455205624451738
Control,0.11295232239907135
Control,0.020439061299880074
Control,0.022787853560453014
Control,0.12758656389338516
Control,0.19935205947595297
Control,0.06912527129535823
Control,0.0637804136228402
Control,0.13382692713136787
Control,0.08832837240884667
Control,0.14574123173121495
Control,0.12634833760086112
Control,0.14267972281146607
Control,0.034570632570962045
Control,0.15902488513402185
Control,0.24812087207334896
Control,0.1781360699048675
Control,0.1079087929183424
Control,0.15694102515345035
Control,0.1220810776171477
Control,0.15104697068266515
Control,0.28818008679078444
Control,0.24297907838853305
Control,0.2915510623617183
Control,0.2514978563506468
Control,0.05671838474114205
Control,-0.09298193281975346
Control,0.100741835940243
Control,0.07606582464847544
Control,0.10953232636021132
Control,0.05732793725586785
Control,0.06303154996937863
Control,0.1580825846064981
Control,0.15526268460944612
Control,-0.09987047866169559
Control,0.17785448055203543
Control,0.11548609956849779
Control,0.16480045082045508
Control,-0.04741864293448236
Control,-0.003219968432699699
Control,0.1786204515359341
Control,0.1011280381559927
Control,0.1306065609356764
Control,0.14181857284494867
Control,0.05190710519069813
Control,0.11270539484162265
Control,0.15609910921375358
Control,0.1661982018014659
Control,0.1848330099048423
Control,0.1887790879012483
Control,0.11948924080583961
Model,0.06527289532232974
Model,0.15382144429877717
Model,0.05307219671698052
Model,0.0990502523339313
Model,0.0375032871463227
Model,0.22366845793814433
Model,0.12618842797401625
Model,0.18045623605466607
Model,0.15840194323655624
Model,0.1684590300322908
Model,0.10182973566395515
Model,0.12254481118924113
Model,0.12965358778784505
Model,-0.09464586565194189
Model,0.09432181785736593
Model,0.1527642452863015
Model,0.09549149575174984
Model,0.1873176657369437
Model,0.2833005601878682
Model,0.22602364052099527
Model,0.1433272744500916
Model,0.18207883289958054
Model,0.18300088605487358
Model,0.08307803846654815
Model,-0.009896378320462196
Model,0.064519075579202
Model,0.16060141735651023
Model,0.017911800174011422
Model,-0.22412043032438858
Model,-0.08313404264524497
Model,0.004851886061920357
Model,0.1071774360859806
Model,0.19351511283330164
Model,0.15497895108417523
Model,0.12728937878922345
Model,0.1329051022279754
Model,0.022428158134919746
Model,0.08574438174831428
Model,0.07358690089605324
Model,0.014995771772752492
Model,0.17647282947000184
Model,0.1479635742329966
Model,0.12720753662828088
Model,0.1041672823819827
Model,0.019388168884094475
Model,0.15435996355951961
Model,0.09706570890834898
Model,0.06811973575498478
Model,0.19454274222736506
Model,0.10152968581570698
Model,0.07824604766424684
Model,0.17361928201970978
Model,0.03911302566794117
Model,0.11574961934467093
Model,0.0940327662953831
Model,0.15575132707555425
Model,0.11781094916821055
Model,0.12731300555211114
Model,0.19936520718411857
Model,0.14814174693563711
Model,0.11407870007730778
Model,0.16022219453235403
Model,0.0978102368388819
Model,0.09449731911571
Model,0.0934327580325447
Model,0.10055753738186432
Model,0.06648079959578071
Model,0.09692817288497618
Model,0.1999804663950517
Model,0.12633090261099997
Model,0.17035818006947157
Model,0.1392860872423901
Model,0.15343594710563735
Model,0.14142022669780482
Model,-0.034102245318052365
Model,0.008864686707057534
Model,0.1330803661973713
Model,0.28269655462624366
Model,0.13444621188186084
Model,0.1872927040825188
Model,0.17378458317572723
Model,0.22310062727933475
Model,0.22616664980566223
Model,-0.0558439465270792
Control,-0.026398963354104337
Control,0.2453760922686046
Control,0.14873987575837203
Control,0.25890641148672455
Control,0.16148392093620173
Control,0.10954981364534053
Control,0.18797863792283348
Control,0.10007712746676525
Control,0.24630588445907983
Control,0.07834079080866599
Control,-0.042599948785509684
Control,0.1503618008051163
Control,0.26785652507241886
Control,0.09196136541324049
Control,0.1296674644402171
Control,0.22919910581348465
Control,0.24896710745599887
Control,-0.028902326040842058
Control,0.14401632527443875
Control,0.07332229361752074
Control,0.18123671827773455
Control,0.163345081085877
Control,0.10032382457950043
Control,0.1482427359424706
Control,0.23391782293883187
Control,0.1419653019378815
Control,0.061015162047999644
Control,0.1928837845556712
Control,0.07925081332790412
Control,-0.01653436327990615
Control,0.14541597828817207
Control,0.1090045453048204
Control,0.15947449300334338
Control,0.10061482468842134
Control,0.052887376867143315
Control,0.1258230089742603
Control,0.14440302426201046
Control,0.0019777663708264726
Control,0.10716017791658738
Control,0.09570496045094537
Control,0.14349632332290427
Control,0.09458889251568645
Control,0.12286609284986752
Control,0.08228176752460442
Control,0.06038246120231738
Control,0.11861472670715656
Control,0.12356781029249383
Control,0.09548533640577642
Control,0.05319332790746867
Control,0.1134756598850025
Control,0.009316784150092766
Control,0.07558764555515385
Control,0.17491186236590975
Control,-0.04258675712141041
Control,-0.2020339072747374
Control,0.25409845843362966
Control,0.22813425999687137
Control,0.22810709423311845
Control,0.15939731256353148
Control,0.30801669012344
Control,-0.013117295842505618
Control,0.6279107155475595
Control,0.14812998873998756
Control,0.02661063785404133
Control,0.12465273111294475
Control,0.056494949520498106
Control,0.08932023934828928
Control,0.08006388640058212
Control,0.0303180307448907
Control,0.029205827410005797
Control,0.1246726247113418
Control,0.1508289354966503
Control,0.2643636045115715
Control,0.081324148271129
Control,0.0640289929000829
Control,0.16093809562117492
Control,0.12832464714645672
Control,0.20382065943119387
Control,0.10110574369313594
Control,0.13935487033797217
Control,0.15048462823614758
Control,-0.036145638728487306
Control,0.14277918601913198
Control,0.18891704560920944
Control,0.21230253221730855
Control,0.1714321240666452
Control,0.1019759946975155
Control,0.139387781537629
Control,0.13961003562944257
Model,0.11691967074820561
Model,0.12446913644754498
Model,0.2540642207814432
Model,0.11778760235445157
Model,0.18087627935569023
Model,0.1736509268366241
Model,0.1377177205239916
Model,0.029285358811169032
Model,0.11266091489207117
Model,0.09147815381404151
Model,0.021209041211118662
Model,0.14398910223175182
Model,0.132847945692813
Model,0.0848077093079736
Model,0.12809571520806423
Model,0.11698202145936895
Model,0.11011514921517943
Model,0.12640027643711937
Model,0.0
Model,0.4226278980971712
Model,0.14844171192866634
Model,0.24065190679918033
Model,0.06246298073127518
Model,0.21659756876287384
Model,0.2194419198211619
Model,0.22070503939221403
Model,0.1578098956823615
Model,0.16439254666650574
Model,0.25335315398149266
Model,0.13951681130705867
Model,0.03308989125882236
Model,0.1800555075822998
Model,0.14195524888692493
Model,0.15407571233102976
Model,0.18497913205371122
Model,0.16305817409502624
Model,0.1231580920176894
Model,0.16015363497080212
Model,0.15744904265090107
Model,0.10915651495507198
Model,0.1311917495036471
Model,0.16354799350368537
Model,0.21260558854510286
Model,0.15410908129701648
Model,0.12422275975130603
Model,0.20301827897993618
Model,0.0006765468064758029
Model,0.20762291826399143
Model,0.20210874891334285
Model,0.12453138934595798
Model,0.1348097388162262
Model,0.0172956265600496
Model,0.13108429701431937
Model,0.2299961586593917
Model,0.11879306054832944
Model,0.09770691467899673
Model,0.08654989579582426
Model,0.18056761567276325
Model,0.13993028042175568
Model,0.1909411438598548
Model,0.0538726530744878
Model,0.15974334716265287
Model,0.19102046720957677
Model,0.07697771664048517
Model,0.08140218736335983
Model,0.16430082687964806
Model,-0.19401545189694816
Model,0.09179819646886359
Model,0.061001961579423836
Model,0.16383412410582987
Model,0.31469482322999065
Model,0.18153430719173605
Model,0.17963751290022598
Model,0.23729260536606364
Model,0.17825516663001664
Model,0.11326286924323908
Model,0.13746673646180527
Model,0.1715610391453091
Model,0.09869315419574515
Model,0.23565905867611683
Model,0.12151134479271797
Model,0.27930704340621115
Model,0.08982272929571145
Control,0.4377298239481489
Control,0.2491417388320634
Control,0.2950136628305101
Control,0.2821221208093956
Control,0.1179353640629695
Control,0.18188587585287616
Control,0.16922762056391108
Control,0.11815617993523844
Control,0.13013697873256944
Control,0.21086613323909115
Control,0.22968367057766273
Control,0.03808714255042697
Control,0.09151592847362677
Control,0.11857700062170207
Control,0.08621114518995934
Control,0.2593457423723661
Control,0.20896096944543163
Control,0.09500304592094294
Control,-0.05583003419165891
Control,0.07776570193876522
Control,0.12178702092622565
Control,0.10204526499628092
Control,0.1176704125792419
Control,0.11459392980322522
Control,0.05929368687845524
Control,0.08800207512035815
Control,0.09429594405917419
Control,0.16610664574464695
Control,0.1614160022076423
Control,0.11073507333678945
Control,0.1596883766627232
Control,0.17149645522020862
Control,0.14931412258807364
Control,0.1575585894760081
Control,0.06402694753712765
Control,0.034844418433198965
Control,0.11162608748960126
Control,0.1964480318752021
Control,0.02203178060227548
Control,0.18436864865663458
Control,0.08117059268547408
Control,0.05158191354511307
Control,0.1336293543461573
Control,0.20560153445006743
Control,0.09130426739636341
Control,0.11997980045501472
Control,0.15119095271247684
Control,0.18047753850220308
Control,0.2052717336444153
Control,0.12513874034286213
Control,0.1729634970991375
Control,0.19415165655057434
Control,0.11032430164790075
Control,-0.14915717644834997
Control,0.17562783535241813
Control,0.021010268226249296
Control,0.10367550027277425
Control,0.09181056014670178
Control,0.1722795547317369
Control,0.05795583796740375
Control,0.06507041635056135
Control,0.08448631122891054
Control,-0.04518790368651068
Control,0.16101047413272074
Control,0.19582005886728548
Control,0.11039932980851055
Control,0.09749220326592692
Control,0.08161575871300669
Control,0.07779730688635192
Control,0.06872189782534954
Control,0.1666998868536125
Control,0.17237380927754617
Control,0.1442825633413683
Control,0.1329340259632804
Control,0.1575961336244309
Control,0.2464037753533626
Control,0.12112358049671257
Control,0.15738577693866915
Control,0.1641131562399891
Control,0.22027556938737
Model,0.09455083943529671
Model,0.19827758747598398
Model,-0.03743240625961966
Model,0.09073442340295848
Model,0.1042341867683989
Model,0.21110121342649427
Model,0.17486292024121236
Model,0.14471856487235896
Model,0.15636494672683837
Model,0.17070721250978468
Model,0.042871685596878595
Model,0.1499371140564033
Model,0.15704055534158662
Model,0.04161130903556595
Model,0.06766506009543091
Model,0.11086240553669838
Model,0.1916027357479933
Model,-0.01560507968915346
Model,-0.13061843667939355
Model,0.2762422500512539
Model,0.18837577071344044
Model,0.07486451429666882
Model,0.07807741542590768
Model,0.2373060330898068
Model,0.01591800367553098
Model,0.10049268706320652
Model,0.1252516816425217
Model,0.16844294103092972
Model,-0.06751499520230586
Model,0.138220804590844
Model,0.0563346303692098
Model,0.10388833975446396
Model,0.16309639841417803
Model,0.13767470271558135
Model,0.1516450121251237
Model,0.18400271999397405
Model,0.03751005323701345
Model,0.09195645437591451
Model,0.1142849540763608
Model,0.1185883061675855
Model,0.10283021231824607
Model,0.10183507350243323
Model,0.08213484174298871
Model,0.1213078450997139
Model,0.0826615226042842
Model,0.1586492688892411
Model,0.10761480573294821
Model,0.1522467341045605
Model,0.07259237035328198
Model,0.2276821684013375
Model,0.12542895635500667
Model,0.10867539337247512
Model,0.1869924881785211
Model,0.21606627409008963
Model,0.08810223398134193
Model,0.1275764193423217
Model,0.0773135150555384
Model,0.07296443596864355
Model,0.12968424889554944
Model,0.10823090459192078
Model,0.11716643703422419
Model,-0.018907949876625807
Model,0.205056168828388
Model,0.15785250988027855
Model,0.08972386598852833
Model,0.11225269118546113
Model,0.05728877952930786
Model,0.0980222932205285
Model,0.10687636139666623
Model,0.12493211874860852
Model,-0.0037725463492947475
Model,0.10999210502790369
Model,0.20121698222697249
Model,0.1027860834845731
Model,0.2426387748059089
Model,0.10333016471586368
Model,0.1608258107035455
Model,-0.06596450422918518
Control,-0.030299888406708886
Control,0.27982187058481756
Control,0.33741864764703694
Control,0.2338742355306279
Control,0.18897530944849736
Control,0.24270257875406354
Control,0.19177881265297914
Control,0.04577908169067024
Control,0.12871583588545937
Control,0.18211564358527313
Control,0.10856638956761014
Control,0.14086076979387296
Control,0.19216473937167503
Control,0.03242610144110164
Control,0.18818710427087554
Control,0.25192674027637496
Control,0.15494983796956416
Control,0.19862169671882624
Control,0.1207262260326441
Control,0.022992329453943555
Control,0.08205294662228926
Control,0.02286242800811461
Control,0.06869239791181175
Control,0.07000462652714623
Control,0.17261222905272755
Control,0.04791708521486793
Control,0.11530766386119287
Control,0.1121424714990018
Control,0.013033372436212998
Control,0.05917745649216566
Control,-0.10994694012330396
Control,0.1134364106583356
Control,0.18707153975232657
Control,0.11464679560135041
Control,0.06432228655852334
Control,0.10154283930492508
Control,-0.06518310242007541
Control,0.08027997875426257
Control,0.1561011497259406
Control,0.07374332773778483
Control,0.11875015025420599
Control,0.1753904357004325
Control,0.07751460856817238
Control,0.20991718808942814
Control,0.21402551311845894
Control,0.1564064229212477
Control,0.10348085230143703
Control,0.001926254136373623
Control,0.1538758279222044
Control,0.26055746479842445
Control,0.19847095810051346
Control,0.5542681807259652
Control,0.16062081936609784
Control,0.10951205028206476
Control,0.05558015623751822
Control,0.1700046507676974
Control,0.1759091521319471
Control,-0.01644772563623878
Control,0.1319173271440742
Control,0.13149129899183376
Control,-0.09049838302924881
Control,0.07483259943150888
Control,0.0884308246200034
Control,0.20463854107702587
Control,0.11275829565830722
Control,0.12904866470009455
Control,0.011339419661556993
Control,0.09285710514455603
Control,0.1217699939324837
Control,0.09963179684535847
Control,0.193372937216275
Control,0.15437105906049545
Control,0.03296669942213673
Control,0.1269430918172583
Control,0.2631546427706545
Control,0.2001161104859317
Control,0.11638971701380668
Model,0.17563271270016234
Model,0.2722339688601967
Model,0.1590099334716797
Model,0.10739256998102534
Model,0.1073707634522896
Model,0.16919850505714035
Model,0.2268525993279124
Model,0.1430227939899151
Model,0.0768706389892859
Model,0.13061213586375597
Model,0.1664593827099837
Model,0.05065415150079969
Model,0.060015216918294645
Model,0.048873223057027126
Model,0.12778338348054835
Model,0.39599617946905435
Model,0.0
Model,0.28118559203153204
Model,0.2220894081005152
Model,0.17538272045394918
Model,0.10954815096148149
Model,0.05451595032361309
Model,0.13989388078883072
Model,0.11964816851759436
Model,0.033060721596214954
Model,0.05491231376909492
Model,0.14920293607041987
Model,0.12216173725383336
Model,0.18180342701366514
Model,0.15741258773250855
Model,0.09489825696849505
Model,0.16700943962254522
Model,0.2231534227745456
Model,0.11498385926951532
Model,0.18701845799534347
Model,-0.027621256600787153
Model,0.23373848764659835
Model,0.12615214555691448
Model,0.1866766190449131
Model,0.1276584083552876
Model,0.11141928654982225
Model,0.07521574220795565
Model,0.1686315823558182
Model,0.13853736253353532
Model,0.16161324693473553
Model,0.16188688913449528
Model,0.15538757567687445
Model,0.10996734677349843
Model,0.22407181884931482
Model,0.12051779224455289
Model,0.13422298192180518
Model,0.12689028070656086
Model,0.06510166533150133
Model,0.02154773048466796
Model,0.05555518800465428
Model,0.1016387498232566
Model,0.07045487270440276
Model,0.12811248205444356
Model,0.11252731131337826
Model,-0.1923161765006075
Model,0.18429754662806105
Model,0.022250180326842395
Model,0.14487286448611594
Model,0.1743126728861627
Model,0.19323446040966838
Model,0.08842022635599175
Model,0.1662046555824237
Model,0.13315650797475012
Model,0.1361306432630439
Model,0.22577084267019826
Model,0.28382386557899064
Model,0.20658717865130574
Model,0.23481116034381236
Control,-0.04518247049389077
Control,0.17330261510085632
Control,0.12231030578464439
Control,0.23296210943921622
Control,0.22356546257384777
Control,0.09866962172381724
Control,0.234768152502734
Control,0.06527672071786497
Control,0.1300521016519604
Control,0.11639854806987207
Control,0.2722286682330911
Control,0.09087609128409804
Control,0.21111710241672854
Control,0.23215499038547446
Control,0.12109697808655875
Control,0.13188738826923946
Control,0.2304807680772167
Control,0.06911953443135974
Control,0.16035295316872658
Control,0.10198468401812122
Control,0.07050700530559323
Control,0.07257359688364412
Control,0.09703938857368802
Control,0.20954272074577135
Control,0.11409806859666022
Control,0.12528711863053152
Control,0.15672089224276337
Control,0.1656884505198552
Control,0.14608985431484026
Control,0.17382669209636573
Control,0.16338106807126118
Control,0.08756567669021115
Control,0.09649062568660297
Control,0.14099592761185387
Control,0.12802952793795397
Control,0.145918638544072
Control,0.009283359765740684
Control,0.2006045248994859
Control,0.18317193942458068
Control,0.11147412475003315
Control,0.14510571305435505
Control,0.21061169729052048
Control,0.14842897195082444
Control,0.11954182838250693
Control,0.1701666627041871
Control,0.22179113755390928
Control,0.06713462706526518
Control,0.2754655916953964
Control,-0.08666263057236688
Control,0.11123353595053204
Control,-0.10901656494358579
Control,0.1234470591895955
Control,0.0962211928904522
Control,0.060145978810662304
Control,0.13048170070052814
Control,0.2298350657109034
Control,0.06837216448225705
Control,0.18474920537559483
Control,0.2077961370697787
Control,0.1728782083677209
Control,0.1366562531013021
Control,0.12018784319145093
Control,0.15912370830608183
Control,0.03714676405673839
Control,0.13011906178898636
Control,0.04960404218505726
Control,0.15482678913086684
Control,0.2062099389275048
Control,0.09018459527388864
Control,0.17395064184896922
Control,0.17355935111093682
Control,0.12454052420629974
Control,0.13838925143680975
Model,0.09909424441581055
Model,0.12035178360731705
Model,0.09389454325704671
Model,0.10931460547739577
Model,0.05514274273429029
Model,0.06414062615355257
Model,0.05161167739359965
Model,0.08345107961790749
Model,0.14309700210490486
Model,0.14403003779807885
Model,0.09812589911712852
Model,0.043707105095437015
Model,0.10220050891506233
Model,0.1875403872966235
Model,-0.0720021621040676
Model,0.44999656496505136
Model,0.1822321259457132
Model,0.20417095931743168
Model,0.18509626069595184
Model,0.08674751177280643
Model,-0.02869548443434894
Model,0.19648759527217055
Model,0.08859233805700023
Model,0.15995050300589642
Model,0.19595839121402836
Model,0.15671853304175098
Model,0.07447440860795068
Model,0.1247921564108552
Model,0.11664760750671693
Model,0.14644072419956508
Model,0.19395753106677543
Model,-0.009136991955364826
Model,0.20654946386216078
Model,0.024023878733848647
Model,0.10829627866064556
Model,0.12563141738557765
Model,0.01730509771816971
Model,0.14368082169306318
Model,0.21696590872246815
Model,0.03577025053626051
Model,0.06700135978435062
Model,0.22651012512619548
Model,0.1388660034075496
Model,0.14599007667107725
Model,0.21874546579426876
Model,0.06428965530799516
Model,0.04824366298407615
Model,0.2251113358149959
Model,0.09253867154934733
Model,0.09050240969843956
Model,0.20646292177198192
Model,0.1557027591909453
Model,-0.0024837212286133725
Model,0.27904455119550825
Model,0.25201037257012715
Model,0.027195444208057973
Model,0.11763202572613127
Model,0.19317555985721857
Model,0.19952602317367776
Model,0.07092314706066649
Model,0.08351510145193758
Model,0.2749080740355595
Model,0.09086772078521543
Model,0.19271582185624037
Model,0.20879632360826236
Model,0.2541063581422021
Model,-0.04370289422995271
Control,0.20555328565297717
Control,0.19334329596597086
Control,0.023115029303126505
Control,0.12117459748766762
Control,0.26020525570298514
Control,-0.018612713053606567
Control,0.1913471179396545
Control,0.14400369752875408
Control,0.1247892698715363
Control,0.1351475112945871
Control,0.11286811711663255
Control,0.17302740430885066
Control,0.19594131876925294
Control,0.21176218375181544
Control,0.14107647408609805
Control,0.09117711082084254
Control,0.16203560943454673
Control,0.1898336232439464
Control,0.12130624846604088
Control,0.14189337594320411
Control,0.1794312486680455
Control,0.12440459737543808
Control,0.1575195136809163
Control,0.15505952154646482
Control,0.12166001133562598
Control,0.0835145158379639
Control,0.23660357394478923
Control,0.08870834557374851
Control,0.17179390499025682
Control,0.10212502604477114
Control,0.0733077472933426
Control,0.1071782132056246
Control,0.06955564992217847
Control,0.09378379124861497
Control,0.019795999877827625
Control,0.10808475586350016
Control,0.03928639963186176
Control,0.14046775723247892
Control,0.08623464264332781
Control,0.12731822484578845
Control,0.19053495010005989
Control,0.13900991214424738
Control,0.15085827360716683
Control,0.17227812182810262
Control,0.1544051897299861
Control,0.28589378259120846
Control,-0.07932570467027135
Control,-0.0634864437141546
Control,0.0008304879949776189
Control,0.07747610702429597
Control,0.11870120082013183
Control,0.09858346244563226
Control,0.27925074060625055
Control,0.18261849082831955
Control,0.09780507336226327
Control,0.2391729195381088
Control,0.16128235105155173
Control,0.09517914707976971
Control,0.17071089058815436
Control,0.11471140597310484
Control,0.15812080985593427
Control,0.09355407574503716
Control,0.07451619332450687
Control,0.1595663211018744
Control,0.11684730851663527
Control,0.1689586127747926
Control,0.18671508111815519
Control,0.10474758828629885
Control,0.16558279985833993
Control,0.040283227046596565
Model,0.09732600817313561
Model,0.10402187588754438
Model,0.15904637895433132
Model,0.14186224863016217
Model,0.15578935032039712
Model,0.04067015814010383
Model,0.09307423669226061
Model,0.05188824945734763
Model,0.09568875974901811
Model,0.14119850831685657
Model,0.15140466227579277
Model,0.2553673185233687
Model,-0.017300913565134923
Model,-0.05103969255019988
Model,0.33224913308453
Model,0.17158367787980983
Model,0.07693383612627439
Model,-0.00480646645876609
Model,0.12386518205155764
Model,0.11991454340276642
Model,0.12551264539610182
Model,0.07445723622406075
Model,0.14644398803562095
Model,0.19474821585077903
Model,0.057259167450061765
Model,0.15825531169057822
Model,0.15567540856641005
Model,0.1783773857880064
Model,0.12427164546090494
Model,0.12768577665522476
Model,0.228423354086137
Model,0.27081243622396034
Model,0.140641084084144
Model,0.1757337837049129
Model,0.16865520599560863
Model,0.12455050017655625
Model,0.12266456881494425
Model,0.1265878860767071
Model,0.1826275129913619
Model,0.17516079169584886
Model,0.10408971833279032
Model,0.06238184478902231
Model,0.14116795512213226
Model,0.11223206239666297
Model,0.05537133232805641
Model,0.03940803291008224
Model,0.07591488409201835
Model,0.22031945488524676
Model,-0.08708271603520498
Model,0.2125589111311114
Model,0.13008139444434125
Model,0.1355208500040282
Model,0.11837134559284751
Model,0.1349076273183493
Model,0.16554840591838926
Model,0.18131512582900133
Model,-0.02702401101655652
Model,0.12545335199787733
Model,0.21525105903778585
Model,0.07420977295574666
Model,0.13357356240518117
Model,0.45043705259278466
Control,-0.07056020653766135
Control,0.2127262793788676
Control,0.14833698969089334
Control,0.06857577481264523
Control,0.32393568441886433
Control,0.20521325730161125
Control,0.12721703934961867
Control,0.22292125823107053
Control,0.06223188069884725
Control,0.1919219564301779
Control,0.1276240264425841
Control,0.3277546871731778
Control,0.2990975612514925
Control,0.20039034727026386
Control,0.21987965619949462
Control,0.07031716099019303
Control,0.15830975392191704
Control,0.1260361712646059
Control,0.020898174349148008
Control,0.19382645081782687
Control,0.2039980912288296
Control,0.12104164264938375
Control,0.1877119038814685
Control,0.14162566018609565
Control,0.18355995476445228
Control,0.0017617893724005407
Control,0.13037998846409182
Control,0.07467541567059266
Control,0.16587906604094915
Control,0.1245897495361209
Control,0.14628709066937468
Control,0.08224023292163013
Control,0.1240358792552714
Control,0.0061663274249371125
Control,0.11624006237606271
Control,0.19176121273699942
Control,0.12808336634832612
Control,0.03294503722036696
Control,0.13307794991677155
Control,0.10395566409779763
Control,0.1904116647033521
Control,0.2375505581880227
Control,0.09465938414485428
Control,0.18403432467576522
Control,0.308614793031112
Control,-0.030299888406708886
Control,-0.1657754394122988
Control,0.03832176344317603
Control,0.14259136812875634
Control,0.14691084337606608
Control,0.23100294888750497
Control,0.10152435262865048
Control,0.22799547606354442
Control,0.047948032584344547
Control,0.21078957137189713
Control,0.11987800622066128
Control,0.19590605780432455
Control,0.12331105208848761
Control,0.1538696860522862
Control,0.21142600930255392
Control,0.13010238484794082
Control,0.20643286787413703
Control,0.20981344876347843
Control,0.13458516937966064
Control,0.24743773081363774
Control,0.19640612110512182
Control,0.15629828720454259
Model,0.11602338487355077
Model,0.18566802233756585
Model,0.19443016958608805
Model,0.08773235792300374
Model,0.15571021847634542
Model,0.26349441502803944
Model,0.1988869000438065
Model,0.22442763372674304
Model,0.12241794100839029
Model,0.25334220533254026
Model,-0.07288500935736308
Model,0.47140624198892306
Model,0.13638967122787085
Model,0.16369367615966626
Model,0.22416423462173482
Model,0.09997480921654928
Model,0.036808527432955235
Model,0.10607217121017948
Model,0.1321605330991373
Model,0.035417233289550626
Model,0.07879034757879932
Model,0.08552477404956965
Model,0.0860347929872664
Model,0.0920703275546581
Model,0.18097488337934614
Model,0.1409256354622219
Model,0.0788009013885107
Model,0.17962282836237878
Model,0.09292567141744473
Model,0.15579430049611306
Model,0.11745052925054575
Model,0.1763931399869547
Model,0.15955058720332455
Model,0.048265647396461886
Model,0.21578023439001212
Model,-0.02273553603203135
Model,0.08649468767470209
Model,0.050812504230401484
Model,0.09884546911437375
Model,0.20918022815466195
Model,0.14374591368629513
Model,0.09008718227994614
Model,0.10646867592597886
Model,-0.038630074016758165
Model,0.13954946800750764
Model,0.15872249542138517
Model,0.16787991661956347
Model,0.09276998069639855
Model,0.09116919024732201
Model,0.02343600981743174
Model,0.15926174934093767
Model,0.18086823053583254
Model,0.17267375619648026
Model,0.18084780747276485
Model,0.24166926465837185
Model,0.24023784190383113
Model,0.32787561562813516
Control,0.4829747198417434
Control,0.2991669826550096
Control,0.3303241154289033
Control,0.3440357083859651
Control,0.23268964896632677
Control,0.12102339618580796
Control,0.1432989306806056
Control,0.22247814799896717
Control,0.06330117686270603
Control,0.13930115917720393
Control,0.18740544258019864
Control,0.2164551329320357
Control,0.18830680541503123
Control,0.11835153890958466
Control,0.1595780061373078
Control,0.1226976913220375
Control,0.21400833395678331
Control,0.11839749934016794
Control,0.1754269804577099
Control,-0.02724076918800805
Control,0.13074678840445833
Control,0.1451529928938867
Control,0.03119678408272955
Control,0.17632320892053305
Control,0.10341363793099873
Control,0.10394489791746789
Control,-0.00585027642074637
Control,0.10730045163378935
Control,0.10365933399136648
Control,0.16919505290496042
Control,0.14550508078656998
Control,0.22366428906835173
Control,0.11946025274801944
Control,0.19972719117550547
Control,0.09007848425453721
Control,0.22765055003107723
Control,0.12613171704503873
Control,0.1318357955651937
Control,0.15092592055980975
Control,0.12940661364973188
Control,-0.006129084954426572
Control,0.107515723808952
Control,0.04440249155463449
Control,0.13726214860195302
Control,0.17913435135398023
Control,0.17501103133793788
Control,0.17577621902244678
Control,0.23852459961754024
Control,-0.016004524302721812
Control,0.14580862644391185
Control,0.3030600785677515
Control,0.19888252292322606
Control,0.14971323754875157
Control,0.09817534705069553
Control,0.24612857864851936
Control,0.18759274296670186
Control,0.09930381594161394
Control,0.07789375178657118
Control,0.18300252521582938
Control,0.07543984131935316
Control,-0.06534215970714488
Control,0.18782129362142475
Control,0.06907138072261573
Model,0.18826168609436272
Model,0.09636862115849351
Model,0.23885037667775233
Model,0.16830538015567606
Model,0.13087314161302785
Model,0.02601378325501677
Model,0.17604812650776228
Model,0.2060374145125067
Model,-0.15437859117386732
Model,-0.0739206358740561
Model,-0.008628679823583035
Model,0.16273682784608906
Model,0.13210571410265257
Model,0.21476039772182534
Model,0.14629334869193392
Model,0.10843937113930949
Model,0.1003934827403746
Model,0.1352879313986703
Model,0.1674081182798813
Model,0.14585263846045485
Model,0.047709106468702495
Model,0.1379274214922119
Model,0.009874686814736633
Model,0.08737403247401598
Model,0.10439914106126613
Model,0.11130451916850928
Model,0.06055887188002418
Model,0.01183278265605403
Model,0.17972347941021188
Model,0.16769935016249335
Model,0.1952406655718783
Model,0.14660834508596057
Model,0.09761777091584475
Model,0.11790976150910323
Model,0.10452383783217126
Model,0.05426736679364208
Model,-0.011728997148133191
Model,0.13443914344876906
Model,0.10038338031790062
Model,0.19867867025377492
Model,0.17440991324591665
Model,0.13478392887540752
Model,0.14639644638750465
Model,-0.016486181197490735
Model,0.18624644255558384
Model,0.017032214829754283
Model,0.09079371394388122
Model,0.1689611277319782
Model,0.13214427086554772
Model,0.14931552532391673
Model,0.027915329970377878
Model,0.1727746006105523
Model,0.21634719456850218
Control,0.498549948302134
Control,0.15363309475091788
Control,0.3165580390421975
Control,0.2895237639330435
Control,0.29255256644858163
Control,0.13837516420793902
Control,0.19383462908010152
Control,0.1905694018505356
Control,0.20765341311659968
Control,0.24927273522252621
Control,0.09010331566915863
Control,0.19222247560686093
Control,0.11479907736198827
Control,0.13402348996006128
Control,0.17179827294089192
Control,0.0629451567246895
Control,-0.09002058555184134
Control,0.14280785857767297
Control,0.12240107508673187
Control,0.2430812948390659
Control,0.17086123795546548
Control,-0.07650090446706069
Control,0.14110461033573388
Control,0.08218552496122278
Control,0.14443260770178956
Control,0.08520403554208303
Control,0.06924734639217753
Control,0.18354982516438667
Control,0.17575428039333893
Control,0.06914350985151738
Control,0.09128647863266859
Control,0.1396135321694739
Control,0.040129915527675475
Control,0.12041062189716689
Control,0.14362129638824972
Control,0.16859945139890262
Control,0.21436840515072927
Control,0.1523410646678878
Control,0.15615134175405854
Control,0.1410244254098422
Control,0.3122406529476544
Control,-0.016258868086696868
Control,0.277137347288355
Control,0.24508961879024269
Control,0.12924567173954635
Control,0.09828754890722574
Control,0.11288144868884728
Control,0.052248537806231315
Control,0.16395356251111665
Control,0.13324089034345238
Control,-0.018925954200485234
Control,0.18748593144326436
Control,0.05457145992330084
Control,0.14695679264323766
Control,0.18868523736462545
Control,0.15552396997560228
Control,0.03545286749783433
Control,0.1943318829222799
Control,0.33114533772569565
Control,0.341088846375711
Control,0.3673369414032901
Model,0.0
Model,-0.019223409352892618
Model,0.19289597221042798
Model,0.24262249350149098
Model,0.25307755725439574
Model,0.33145744983966535
Model,0.0
Model,0.43738364708197686
Model,0.25747302543359457
Model,0.2069003721543379
Model,0.097472743578712
Model,0.17020450999239747
Model,0.13081288875943442
Model,0.10417839994398648
Model,0.14465675731433542
Model,0.09115753079470715
Model,0.0637201367147524
Model,-0.04105803300704447
Model,0.23899270300083736
Model,0.2914435531250476
Model,0.22937886159422674
Model,0.15099689288017076
Model,0.10335122376115558
Model,0.2426489893276423
Model,0.18147127737302576
Model,0.13464080835531655
Model,0.13286858770493812
Model,0.06345466533499286
Model,0.11611161582844712
Model,0.04109166318357588
Model,0.07812057118219146
Model,0.029785189673786322
Model,0.16029642497416724
Model,0.23567194922711937
Model,0.029576321642268616
Model,0.06711309350852585
Model,0.1516265984761675
Model,-0.015404912274550986
Model,0.19942127701430815
Model,-0.10016149647924281
Model,0.07936151503453417
Model,0.1785920786618389
Model,0.1647979875604976
Model,0.11131457188722152
Model,0.15811032847550133
Model,0.10443713320803352
Model,0.19956641027095456
Model,-0.027206075264591567
Model,0.21338612153511513
Model,-0.03629263109188016
Control,0.3009709559688334
Control,0.30227030732294125
Control,0.22637946337228904
Control,0.15634457363332793
Control,0.0751867543494821
Control,-0.21010923864052047
Control,0.092715702992485
Control,0.12294954732641858
Control,0.22450195095079267
Control,0.03515900257837812
Control,0.06703515947197325
Control,0.07019483989962236
Control,0.10677489641650995
Control,0.15431137547445137
Control,0.13215094957596216
Control,0.1576102506888484
Control,0.11054172523843006
Control,0.16661022272928633
Control,0.15225077924653968
Control,0.14402115943041136
Control,0.15214129156093534
Control,0.1439081484923262
Control,0.14122212969738504
Control,0.18637142944229618
Control,0.15292413444689154
Control,0.17562348906411773
Control,0.1672416298152877
Control,0.0912678207176319
Control,-0.07773041818187124
Control,0.16581229740959347
Control,0.07530045987770309
Control,0.15235270770762943
Control,0.1729136880823601
Control,0.1398989519015071
Control,0.17098493586681626
Control,0.20278216338609503
Control,0.19117138922679652
Control,0.31559581009706394
Control,0.33283611324718565
Control,0.20632893099566896
Control,0.2556910257009891
Control,0.3011949922195911
Control,0.2934048369842496
Control,0.27193724072497827
Control,0.1911083098372222
Control,0.25659009046777836
Control,0.18952533120960166
Control,-0.14244364097365567
Control,-0.11652556709621263
Model,0.8032918364440851
Model,-0.020285030405391175
Model,0.09877507264000118
Model,-0.19999634860750026
Model,0.16683922058496717
Model,0.0866990948600514
Model,0.1773973958548096
Model,0.1350879097729091
Model,0.18421236700570434
Model,0.054241773077476796
Model,0.07734154578435382
Model,0.08294640609386106
Model,0.019228086290816654
Model,0.17698532017311255
Model,0.062491259978899316
Model,0.15916788790669859
Model,0.07064801089075229
Model,0.23276192966512213
Model,0.1073025932811707
Model,0.08747238585249903
Model,0.12648143018767188
Model,0.0865094495590448
Model,0.1722457622870421
Model,0.1452505446330892
Model,0.1565007736850343
Model,0.11395311408749922
Model,0.06787450104918635
Model,0.1113425632118514
Model,0.09520310861211159
Model,0.11244502341335302
Model,0.13993309851872882
Model,0.21153559440221545
Model,0.12008760499050516
Model,0.11200460409506774
Model,0.12534572155845075
Model,0.15251830270059133
Model,0.11452671656241784
Model,0.056689954521664004
Model,0.12019946237604487
Model,0.23975179692441673
Model,0.4491274055164129
Control,-0.10406390799327837
Control,0.03476792075562238
Control,0.23678654438941643
Control,0.2569356078952717
Control,-0.025342931383296657
Control,0.15881090020654992
Control,0.14068910442998708
Control,0.12791087090503941
Control,0.10076013297141595
Control,0.1799450032288414
Control,0.09304671502830991
Control,0.043724462605904874
Control,0.1560100663864493
Control,0.09447492511243194
Control,0.20885191141828116
Control,0.1389154896156711
Control,0.01897390743296018
Control,0.12860707388806633
Control,0.16223510518387677
Control,0.09157927266198526
Control,0.1796020840854283
Control,0.2082586652592007
Control,0.043797222866262475
Control,0.15113812864424792
Control,0.10415876921735612
Control,0.1009052857640329
Control,0.10819720816585662
Control,0.1396716942090786
Control,0.09481610229847293
Control,0.23768515810121263
Control,0.17288886384421767
Control,0.22682819531248297
Control,0.01622029178783113
Control,0.10662114115197255
Control,0.08364826261399183
Control,0.3058470851734464
Control,-0.08182015945281472
Control,0.0
Control,-0.04583648375444189
Control,-0.04394100980216444
Model,0.0
Model,0.04150901650106628
Model,0.11891352618684206
Model,0.17388066506571861
Model,0.1476426020912502
Model,0.11081755978606617
Model,0.11761124231079081
Model,0.1984977560032703
Model,0.15573565298099581
Model,0.018683926782746246
Model,0.1636870983850996
Model,0.08588473719763784
Model,0.19179199637643737
Model,0.10259033272763426
Model,0.17969212856313987
Model,0.16568057327100397
Model,0.19265108097888686
Model,0.16414617043540897
Model,0.016002832713600257
Model,-0.09414837442114202
Model,0.14048661794949535
Model,0.05494102420349714
Model,0.08138457548658187
Model,0.047056510097605725
Model,0.044809062278921896
Model,-0.0356866392403542
Model,0.06562782609741824
Model,0.03820954271516405
Model,0.14478554919677702
Model,0.123541926593419
Model,0.1902697334853037
Model,0.17928916767422304
Model,0.13903558533327237
Model,0.15843812770800977
Model,0.22299068308992928
Model,0.12477569250491682
Model,0.16141281452200218
Model,0.17983831025020466
Model,0.3023945627403897
Control,-0.0925107464742501
Control,0.23825911959942636
Control,0.257305532394843
Control,0.1751312840077922
Control,0.10006120365731824
Control,0.07545021272689073
Control,0.13155771584282222
Control,0.18499725532106465
Control,0.21138678652254103
Control,0.13429092709701862
Control,0.11093046992120137
Control,0.11492355956946199
Control,0.06574153076180378
Control,0.14034241258500013
Control,0.08942814687954276
Control,0.04504296618826281
Control,0.0693308212020857
Control,0.11114745700904227
Control,0.20496479218354324
Control,-0.07284532741559388
Control,0.14273074970330413
Control,0.1296039677516805
Control,0.1314650433783813
Control,0.15862014766786678
Control,0.04807403414544453
Control,0.1760576498282527
Control,0.21055027008588229
Control,-0.05993756472466383
Control,0.16831394501753077
Control,0.156114865372678
Control,0.07940019612328264
Control,0.21015779629200199
Control,0.23341488213576334
Control,0.30333310651407064
Control,0.0
Model,-0.032185870269469195
Model,0.2902713695098724
Model,0.2840748056520188
Model,0.20991742664090499
Model,0.21067165119060574
Model,0.1435452023211663
Model,0.15537546603310198
Model,0.06060138049067196
Model,0.020471906848044147
Model,0.14045201868250748
Model,0.15084197024172097
Model,0.1998966037894837
Model,0.051857096229242755
Model,0.16420216743762678
Model,0.1710907308552975
Model,0.18558155945445115
Model,0.10236392943489642
Model,0.16231061556400395
Model,0.18009379423050048
Model,-0.03635761503923432
Model,0.084310247945945
Model,0.12074592061664746
Model,0.06803797446232843
Model,0.042616620310971576
Model,0.11783444987757419
Model,0.19834388418739854
Model,0.10876939003018363
Model,0.1836509523848892
Model,0.07187934942468752
Model,0.22394428670472794
Model,0.16308102626332738
Model,0.1679469289854086
Model,0.12583104317536453
Model,0.2077048216908007
Model,0.20929953857940706
Model,0.18958697776199054
Model,0.10191909844261349
Control,0.5141704697805637
Control,0.17699510849173383
Control,-0.000746410958875926
Control,0.1801666623373893
Control,0.11595973820989347
Control,0.2180000921023995
Control,0.06067234809316252
Control,0.18490796875927093
Control,0.08856705758085218
Control,0.20112438478331632
Control,0.14645774228915723
Control,0.1137599712497282
Control,0.21421159350353738
Control,0.08227482301867259
Control,0.12299482592505087
Control,0.07525729800812245
Control,0.0025218598287108096
Control,0.14447304250936177
Control,0.1946415261945863
Control,0.09274999234189954
Control,0.20554391370303388
Control,0.08189229090742711
Control,0.17896369774073131
Control,0.07132569576718467
Control,0.13917209791100543
Control,0.1801513150384195
Control,0.14735065003568382
Control,0.21984436706024138
Control,0.17924538464051823
Control,0.27215216311324
Control,0.34731719884585377
Control,-0.0456074615784712
Model,-0.09863528758785796
Model,0.2326875930379997
Model,0.26229399356289185
Model,0.21080412088562145
Model,0.13654222642564723
Model,0.2958699624275284
Model,0.046384438556705154
Model,0.08465018320243095
Model,0.07005715456561767
Model,0.0587501680704795
Model,0.11000725643557718
Model,0.16884145742010245
Model,0.14278465821724404
Model,0.11234770730187663
Model,0.13936866911225762
Model,0.05816748641938002
Model,0.04729195256429902
Model,0.08259696738509961
Model,0.11024081374756337
Model,0.14460077532956433
Model,0.2248931195557848
Model,0.13919213091915136
Model,0.09163650906870066
Model,0.11714662842394385
Model,0.1316702490799137
Model,0.049654631976166985
Model,0.19309385099272794
Model,0.14221775824143867
Model,0.12661280254589408
Model,0.09955262320496167
Model,0.2572673514003605
Model,0.287217210101975
Model,0.2183209571285524
Model,0.33610829807311265
Control,-0.08828293918367214
Control,0.2867412196353925
Control,0.20348323242055663
Control,0.218760788640051
Control,0.2720458136753095
Control,0.162381186400236
Control,0.01678299604849673
Control,0.101350571067304
Control,0.05338764223898268
Control,0.018384137015411833
Control,0.22869259577531081
Control,0.19892036476262837
Control,0.06558446840299012
Control,0.1213121977671067
Control,0.13230752293747272
Control,0.17074955094485247
Control,0.14687836688497793
Control,0.12580666348022493
Control,0.14418173221707212
Control,0.22539718108565246
Control,0.12870610172267474
Control,0.14723123914023306
Control,0.16298035940066097
Control,0.08001174921441903
Control,0.04320653492258808
Control,0.17127422877112888
Control,0.16169524179520284
Control,0.2785814757331159
Control,0.18016869414477313
Control,-0.06757016644430001
Model,-0.03724026759731331
Model,0.11612228778426595
Model,0.042095798313817046
Model,0.14586864087892615
Model,0.2257243946377383
Model,0.2107536616001108
Model,-0.1881716036078922
Model,0.04556912509361105
Model,0.062423005218357
Model,0.062499000475956856
Model,0.19620040188664975
Model,0.14465980904556835
Model,0.14853396981854902
Model,0.14283231654959247
Model,0.17442260950039593
Model,0.17002587573584108
Model,0.15867731324007678
Model,0.19291289009511003
Model,0.12693604325238148
Model,-0.07205719363729293
Model,-0.05461745062134871
Model,0.06710334884681829
Model,0.1831647380937302
Model,0.17884906026697744
Model,0.09247972468202859
Model,0.1860339646886955
Model,0.0360977755342439
Model,0.1971919106001838
Model,0.12968578931347052
Model,0.14099081888911186
Model,0.24978034193300483
Model,0.3004887258195824
Control,-0.09738716074455542
Control,0.3036774028769571
Control,0.16267720246926332
Control,0.2949107394967988
Control,0.13692276473826787
Control,0.23378739628106057
Control,0.09464376746212758
Control,0.15105864050130513
Control,0.1493767311208889
Control,0.13315740290825714
Control,0.05752464467732271
Control,0.11073428930646201
Control,0.1719856512054818
Control,0.14052937687307165
Control,0.22157534920385183
Control,0.1604957092831632
Control,0.18314426027678596
Control,0.0964765753368603
Control,0.035806774960180865
Control,0.0619228623782512
Control,0.1461224685544553
Control,0.17825583045432133
Control,-0.008493328307118853
Control,0.10325375162771047
Control,0.2634592324727887
Control,0.3338496449799043
Control,0.468691412953363
Model,-0.022787775084326497
Model,0.2316316251903606
Model,0.26389898770097375
Model,0.15330145656730287
Model,0.16466288781883726
Model,0.15260901884357536
Model,0.18121132723065125
Model,0.3087575365202616
Model,0.11139375708972332
Model,0.18025752998381822
Model,0.21529119110426376
Model,0.0038433556041058137
Model,0.011352342573163754
Model,0.156416891410598
Model,0.12507209929335475
Model,0.12416956762273443
Model,0.1080108760059744
Model,0.039735378628989126
Model,0.15133197211900284
Model,0.10492569480585545
Model,0.16143773138988246
Model,0.13327865124811963
Model,0.10222800207244381
Model,0.07334281681904956
Model,0.13865993347189232
Model,0.25761642876011603
Model,0.22296480351068504
Model,0.1441532861163119
Model,0.004093836382479982
Model,0.47825785570984564
Control,0.2800225633442601
Control,0.17299503333858293
Control,0.28036502000347296
Control,0.09618380177379851
Control,0.25925280617232305
Control,0.2079801810625006
Control,0.17072840850621693
Control,0.11789486227492693
Control,0.22785238810340427
Control,0.1378099160848254
Control,0.17358447051500128
Control,0.21666295073901531
Control,0.19883287710489636
Control,0.03418398601155617
Control,0.16298130935384011
Control,0.22227162368587297
Control,0.15624613320681294
Control,0.11715861188129437
Control,0.011218522636919664
Control,0.2911369323464673
Control,0.13554970224033897
Control,0.18971516788338072
Control,0.35034476713990687
Model,-0.12405403162723401
Model,0.35049368665369857
Model,0.2981849466279199
Model,0.16042894769538874
Model,0.22115066591048052
Model,0.1654140069466105
Model,0.2316931973864535
Model,0.11024389272283683
Model,0.20033043018285776
Model,0.08350208365133108
Model,0.14789987547341796
Model,0.179693650774068
Model,0.10187961996731282
Model,0.09253759713741716
Model,0.09926594433311367
Model,0.2176776489153621
Model,0.2191733848822688
Model,0.12743962781219312
Model,0.17192355260136666
Model,0.06695852351427875
Model,0.09385651848387958
Model,0.13732796654919188
Model,0.25393246328551633
Model,0.05072069972122259
Model,0.08060422562968106
Model,0.37398455560273813
Model,0.5301852202335727
Control,0.28579851695925096
Control,0.11698743617920043
Control,0.1593527607827415
Control,0.14292569250831905
Control,0.2254034801736192
Control,0.3194344082272039
Control,0.1324811295389199
Control,0.048498205915342596
Control,0.18946023370111267
Control,0.1859348761198114
Control,0.19597313954279974
Control,0.2448666194077984
Control,0.20258226083672565
Control,0.17175815901495808
Control,0.276764068582252
Control,0.08979625646087239
Control,0.17601165630612753
Control,0.1588227322269044
Control,0.3147617360554145
Control,0.27056383940421347
Control,-0.05913011046955019
Model,0.48748804441130944
Model,0.35266132019833973
Model,0.17363657706823107
Model,0.2894878235947727
Model,0.284435811914595
Model,0.177498910870972
Model,0.1659907018859251
Model,-0.02553762766296913
Model,0.1467552355167725
Model,0.1005422021101417
Model,0.144227831658711
Model,-0.16260865380532766
Model,0.2103457251520061
Model,0.3903148401541056
Model,-0.18437080000555237
Model,0.18254051200522228
Model,0.18224149842724752
Model,0.21366986330004709
Model,0.24470947990183578
Model,0.24545154603428665
Model,0.0661089223629921
Model,0.20042455156511288
Model,0.4344181647667518
Control,-0.0584753030119931
Control,0.07380297750134932
Control,0.16727238873574246
Control,0.28726774939193644
Control,0.2178155078802885
Control,0.187570620938687
Control,0.18700546112613403
Control,0.2534827100260468
Control,0.17219103538870412
Control,0.07439294095289217
Control,0.1665598257728245
Control,0.28370561302040465
Control,0.16769747311454952
Control,0.18140328847444975
Control,0.14341829273613002
Control,0.23692002237972737
Control,0.2517040134672337
Control,0.29950411755637313
Model,-0.019021318110335233
Model,-0.166938258652703
Model,0.36286191982834903
Model,0.22524794979371884
Model,0.2391571970687662
Model,0.13775375993754155
Model,0.30837424144298337
Model,0.21476979585262712
Model,0.1550295536999187
Model,0.2249230137105238
Model,0.08764547129538547
Model,0.2282745668056152
Model,0.20755143402146387
Model,0.2388552871170384
Model,0.06829207437891624
Model,0.20698391234994334
Model,0.2656662057474704
Model,-0.1476187945209618
Model,-0.05712971639473701
Control,0.0
Control,0.3995385070309591
Control,0.10580259368836947
Control,-0.009219948198218558
Control,0.2440999600135097
Control,0.027519325083048995
Control,0.2553887088163242
Control,0.22980337823380861
Control,0.1963799341333617
Control,0.2251277178559149
Control,0.2204616379445479
Control,0.18460463121981924
Control,0.14885924160148256
Control,0.4010631824151064
Control,0.5378113262097838
Model,-0.06189290177463289
Model,0.17698007310380373
Model,0.21157639401413525
Model,0.16236803430644434
Model,0.2784880302688616
Model,0.09994104454748606
Model,0.2402370305630143
Model,0.21325566457665485
Model,0.2563104103241477
Model,0.2843759522390206
Model,0.5874762184245133
Model,0.23486599900916535
Model,0.25950738897291714
Control,-0.022497100574914428
Control,-0.062034747273626935
Control,-0.037716010741166844
Control,-0.03531845437244428
Control,-0.10473693413877966
Control,0.4012861792724932
Control,-0.12028610586721362
Control,-0.03702783106162795
Model,-0.015369617819387378
Model,0.35490620787460003
Model,0.1971177576377639
Model,0.31321547780945946
Model,0.1925405051264343
Model,0.30113816154973294
Model,0.21938401839406196
Model,-0.04931959260666251
